t,net_profit,total_reward,total_revenue,total_waiting_cost,total_travel_cost,total_trips,total_requests,total_exit_cost,reward_period_0,profit_period_0,reward_period_1,profit_period_1,reward_period_2,profit_period_2,reward_period_3,profit_period_3,reward_period_4,profit_period_4,reward_period_5,profit_period_5,reward_period_6,profit_period_6,reward_period_7,profit_period_7
2007.375,359.1530153895783,-7785.332532217865,6447.800000000008,11656.17267264241,1522.6782983700061,1025,10551,1054.2815612054255,-2106.570100847524,36.33390546399989,-1383.813454147841,3.0429881551421016,-1090.4124097928348,6.367627224725426,-636.1083722774467,12.81764771052442,-704.8149259842581,35.12814099585405,-135.54943365886484,54.36456822109626,-439.0530127983387,83.04911558034621,-1289.010822710773,128.04902203789015
2055.387777777778,524.0787910214044,861.9612086481275,3420.270000000001,1474.382600373494,463.3015065489705,505,1731,620.6246844294084,-125.83299811502792,13.841972087439686,-42.03579331648443,2.206033366080817,-32.21048105979652,3.2187679299201415,252.14202806374868,37.281833871977604,348.8108528460164,48.95243297607074,209.47109163494505,168.03971017688875,253.23710973024728,205.1414477011737,-1.6206011355220804,45.39659291185308
2175.339722222222,712.9383285475697,1351.7698528333476,5277.149999999996,2211.938152469056,782.5167131008122,791,2786,930.9252815967815,-306.4877937096513,17.676705517734213,-93.55566374770659,5.809474226054663,-12.67702596167316,7.635821916773226,324.1524479994065,54.52554203108378,566.2238457216339,82.59732131231502,437.7387107209052,204.2592927158115,407.30739496269285,266.0050709174803,29.067936847738853,74.42909991031755
2223.3416666666667,1184.2830074083577,3718.0780175847212,11333.07999999999,3648.2318836151785,2113.335282425363,1564,6027,1853.4348163747375,-564.0669396371842,67.4186097828404,-241.71711032513267,8.09321442129284,-6.577584809169338,22.838030378462282,1096.541390610313,164.3590356782867,1379.3828073146267,237.475495712462,973.4147169630265,281.089896077612,599.9776236817019,300.6337583065622,481.1231137865274,102.37496705084016
2343.3925,1380.3884830599955,4257.831832827454,13459.289999999994,4395.996691980782,2511.9956061335756,1866,7184,2293.4658690581978,-677.6845665568193,69.60128393890477,-312.8717915553163,10.723520886659173,-8.501106395637446,23.12845374684106,1134.7588385384176,169.31592092270577,1428.587819635793,243.20294908049274,1481.3156761163364,349.00272760843814,692.4048076342762,394.538975753818,519.8221554103958,120.87465112213584
2391.3977777777777,2151.8131882712173,6107.513922159418,19953.20999999999,6413.358271645089,4051.659265820278,2758,9736,3380.678540375169,-933.7474475108413,108.79191165853038,-476.2003248658439,33.40631709477064,88.73079983671249,45.74291387690059,1264.3527340089738,209.49138302396565,2001.282728600463,314.1791228324633,2467.61227770079,553.3212708191293,995.7165204593065,678.5385560961413,699.7666339299029,208.34171286932138
2511.3441666666668,2516.9811364772204,7841.600247908683,24284.180000000008,7470.9781100875525,4817.168796791009,3319,11368,4154.4328452127065,-1091.6635651684169,130.51494102178543,-636.3169062922307,34.85731766979447,167.40115330135538,54.92086059491133,1445.4509546283493,238.95961928899692,2482.511396158399,424.99739046255576,3212.1657656010393,647.33422468124,1350.9237930106167,725.2520631661204,911.127656669595,260.14471959182197
2559.364722222222,3506.415634990957,7964.284308096661,31634.540000000095,10201.671828682054,7500.910235856585,4730,14985,5967.673627364661,-1692.7921169589065,174.5222209533257,-1080.8129796230355,47.85059834212391,135.7061888933556,117.65721306459938,1481.4827715093584,325.04544847152613,2815.4347501922193,532.9706883736694,3876.8502322832974,964.2124067173934,1703.9720705631603,925.7701800118442,724.4433912372286,418.3868790564722
2679.3352777777777,4152.264705901563,8353.792869067265,36281.380000000085,11967.402138975229,8741.298461456072,5639,17312,7218.8865305014215,-2240.9446049680882,204.72650092440102,-1495.3607564989438,72.26540157141056,189.96662049216877,177.8706675470241,1512.869045849412,377.6268192027142,3200.2152149597086,668.061813899139,4473.429427327847,1151.6168330881662,2003.5528364574866,1006.7467105033711,710.0650854476532,493.3499591653332
2727.3399888173194,5834.389562997173,9301.334614681575,45968.75000000032,14899.201950787612,11645.566371958186,7442,21517,10122.647062572636,-3028.7426791485805,237.2516710292554,-1850.618124547044,93.64209170792277,176.72850076673228,256.67588390133227,1787.4191715520194,496.7844177633001,3849.7098021569645,885.1409876382447,5161.426150332481,1627.5592035561,2368.9563964682548,1492.3034874308642,836.4553971006577,745.0318199701406
2847.33,7291.444428071175,10430.655829308715,52488.81000000041,16700.989135221378,13311.79760665556,8607,24085,12045.367428814348,-3362.3977529847116,287.5183108879293,-2065.4497114664287,126.78099407522491,170.07630349277704,300.8177840318191,1996.7022131465974,561.4131881051613,4394.281834727291,1067.4965598856602,5806.679635574373,1954.6623569991866,2889.4704423436083,1996.8473752667373,601.2928644750614,995.9078588194373
2895.3322222222223,10642.622952549658,10011.459625310155,65784.19000000047,22126.923910817884,18193.611023665544,10906,29461,15452.195440206242,-4619.72774554695,531.8391878374183,-2965.6991339142583,228.3404520026648,-94.54342324971151,451.3694532622314,2629.1357247718,790.3420346762088,5294.1440056006795,1411.167279015958,6295.309378766205,2790.5477249989694,3078.498906411108,2948.749877025056,394.34191247116104,1490.2669437310917
3015.33,11779.435948088547,10298.163312912817,71971.49000000041,23874.228153708453,20468.40125976911,12119,32325,17330.69727360922,-5155.07290952026,553.7182262290733,-3277.706938112661,265.8230000601285,-257.2179036103912,489.93291800835345,2682.6891135406704,857.6302112826523,5446.190044951521,1586.9585122012393,6917.72949252573,3186.9589659932326,3713.5430085437174,3281.281871941087,228.00940459437638,1557.1322423727133
3063.332629735753,14689.87291538456,13026.92212091569,87843.81000000054,28005.564543999564,25740.661753982375,14614,39242,21070.661581101656,-6042.6764972968695,617.0013287599131,-3859.0568952579633,291.9905197028101,-135.1113492963036,533.4848911333398,3714.7059472572037,1245.1742995925656,6466.010080549895,2078.3652530989993,8713.082707390875,4025.7648900014474,3986.889874152752,3969.056717843473,183.07825341589643,1929.0350152519222
3183.3580555555554,15861.436903621074,13704.885641598585,94573.22000000058,29777.667697729517,28264.60640514076,15836,41969,22826.060255530425,-6504.895188922574,669.3736633712183,-4156.544279418767,313.00931628395506,4.7014555275489105,617.4954448147173,3902.8571064960697,1322.841809824855,6886.546894814237,2282.569384712512,9259.244534337739,4414.244392824288,4299.614312177122,4162.333473022549,13.360806587027195,2079.5694187668537
3231.366616638079,18342.002444583697,13897.176992546756,108759.60000000069,33690.748150139945,34598.78925059626,18563,47510,26572.885606716492,-7552.994235913871,848.3413670773492,-5256.634583920691,412.04264192760405,-26.786670166618162,801.7181155593047,4333.669880618065,1488.5166835013545,7569.361942179253,2724.190431204947,10326.433818046376,4980.133572409466,4784.9610663425865,4649.18329284721,-280.8342246385431,2437.8763400562984
3351.3633333333332,20497.282908126832,14766.427711634828,118110.24000000088,36698.07631060278,37793.72495354727,20319,50879,28852.01102421441,-8431.02761109108,960.5299549444994,-5953.299369147278,462.01854761282755,32.28323337335741,943.9404653578295,4717.4989987903355,1830.4977117182189,8087.671305393704,3302.7524812757088,11155.524835137277,5586.954966135591,5350.527334629194,4786.100102738548,-192.75101545093014,2624.4886783434363
3399.38,24601.632877999426,15571.132303208651,135093.14000000147,41222.340928747966,45217.55773841367,23413,57032,33082.10902962835,-9472.117619389019,1286.6078695167744,-7043.823798911402,528.562481293243,56.411646289552294,1169.4376837449972,5814.386977074533,2329.8760459840605,9034.701733247455,4306.694476389099,12336.963299880978,6555.014392893601,5673.200579040622,5511.340956233554,-828.5905140242177,2914.0989719437625
3519.3344444444447,27825.78017563691,14791.166199340505,143066.44000000108,44387.63591494921,48822.744962580095,24940,59719,35064.89292312817,-9992.915105896049,1423.9102623024842,-7617.116635100185,553.416181176318,-96.39543479644493,1248.6953773833338,5938.800030094919,2459.613869266753,9034.72146414748,4870.826758687278,13109.274291493472,7346.1813647160325,5555.038404650044,6710.50295563725,-1140.240815252861,3212.633406467088
3567.341819772528,33715.5590917327,12052.105572997185,160253.38000000102,50543.93114376268,58472.32304738095,28164,66616,39185.02023585699,-11584.08463339902,2149.4699541067002,-9323.941976023061,641.7373624820149,-315.75185705472035,1482.085949216072,6305.076201489132,2630.2749461745366,9227.966640527035,5204.286324276955,14272.714985776196,7773.272137441694,5877.372439163611,8362.851226876855,-2407.2462274822046,5471.581191157423
3688.3358333333335,35310.49097698786,10709.209766514967,167893.06000000102,52823.02706436192,63206.660706879244,29569,69664,41154.16246224191,-12395.136177782548,2172.593222225413,-10017.34945610679,688.7402516957935,-349.90329427910746,1633.5309724742478,6165.353713627996,3078.877230864121,9246.659693517802,5553.895045052868,15161.718126922102,7977.3718521618575,5751.786095423226,8497.448494295773,-2853.918934807958,5708.033908217287
3736.337777777778,38767.00504158221,10107.761170843274,185814.22000000114,56589.58868174532,73586.03603234445,32499,77710,45530.83411506504,-13536.253151789046,2253.484481715985,-11168.37403312004,737.5078394911588,-726.8176586459626,1862.1514636224229,6112.909192146579,4038.7440651695792,9632.545190093217,6288.211879989015,16190.381534398235,8671.49805984213,6487.681688682881,9134.16628527071,-2884.311590922862,5781.240966480734
3856.3527777777776,41110.36118423788,11869.865117978634,197146.0300000011,58708.216832373546,78814.55905694976,34230,81626,47753.38899269594,-13541.676116901688,2265.3621114444272,-11801.575377629371,737.5334389112049,-827.8613289486138,2071.321367177961,6431.765332347177,4474.124196144257,9747.485832739423,6776.266296677775,17085.717704516166,9112.8691987464,7842.73250862965,9688.474275109002,-3066.7234367744527,5984.410300026284
3904.361388888889,44758.285900664676,9564.645754468116,216324.1700000013,63846.713808868786,90357.46173219892,37438,88072,52555.34870446086,-15229.37127814541,2424.71312424068,-13275.240843890608,781.3205317098766,-1517.6916140697049,2246.123088339738,6598.552296198847,4806.971477631431,10158.493553774058,7366.302006131241,18379.208980269683,10106.543237550768,8332.869583659232,10641.187800002042,-3882.17492332833,6385.124635058477
4024.343888888889,48693.46145043311,7387.698972256155,226667.65000000165,67466.09579028243,96454.20421907897,39271,91095,55359.65101837799,-15872.073869097316,2536.456893219507,-14161.31951749474,850.9785874519667,-2090.0698205834215,2352.941563212024,6491.628670058053,5091.999366586923,10089.395749530788,7800.718466817559,18837.396327031827,10713.943752001162,8492.843956874529,11654.735781466921,-4400.102524063904,7691.687039676662
4072.346076388889,57272.93867850716,-5793.616199707173,249041.13000000213,83348.48154478635,110667.0752747985,43166,98308,60819.189380117285,-18777.772919851035,3826.015654947436,-16604.79611757163,1221.0190283174609,-3592.259604065412,2713.1331570653388,6310.779670691645,5752.618459661296,9942.950651918865,8359.11821931923,18165.97791418117,11454.493854824868,6313.525597337869,13278.692424195811,-7552.021392349018,10667.847880175445
4192.331111111111,61698.53947921589,-14993.578373045524,259409.0700000015,93134.48392512127,117895.88548054713,44954,101887,63372.27896737105,-20580.233516825017,5032.390538806419,-18274.174184302705,1380.9063327173853,-4397.509322813328,2832.1828683197905,6123.538124677957,5985.755065656616,9349.248325830195,8656.672129234641,16649.402813595443,11677.574059721876,4472.738780409408,14228.216964988502,-8336.589393617805,11904.841519770434
4240.349166666667,66974.06456644817,-26043.59546005918,274924.45000000007,98702.16198339353,134761.2592953118,47925,107781,67504.62418134796,-22809.090877835348,5309.880197554272,-20315.322502288796,1450.4691210149722,-6011.963605843445,2900.8243086463076,5177.53600223966,6388.386418966689,8514.022457583023,9264.143145512555,16406.858111609607,12615.309827819707,3553.0399987227474,15933.170892023792,-10558.675044247018,13111.880654909597
4360.354722222222,70215.46619266887,-31627.513267920553,283259.969999998,101806.30714320898,143317.80179218325,49525,110744,69763.37433252245,-24028.30395170713,5516.883396198451,-21649.680670691945,1528.9188554157245,-6859.02776570952,2988.1821977598934,4680.591035864914,6715.046600469814,7712.429476599775,10015.376781440875,16097.864882167522,13505.947718853553,3570.535801452769,16680.111054461988,-11151.922075897457,13264.999588067942
4408.36,72287.84210477234,-43405.2897449157,299558.7799999986,105126.6376208685,164046.76334012847,52696,119171,73790.66878391492,-26512.219824566055,5574.639699197562,-24214.554993083868,1602.8947747222574,-8651.299907220291,3062.615548551933,3723.883946246981,6971.207297855859,6663.046497457483,10424.061738683817,15781.61965846213,13982.061835406106,3088.5538374591856,17219.588394097467,-13284.318959671931,13450.772816256742
4528.345,73811.68496028286,-48989.58305554422,308648.88999999926,107494.63742336925,173963.15267713225,54405,122913,76180.68295503974,-27669.932830345282,5606.878115289456,-25660.675880347164,1669.0289554212675,-9539.371215016297,3134.365819660554,3049.3307023274456,7109.357594336977,6121.742447426797,10717.520256389002,15597.67214677663,14504.571875272419,3015.7313158775673,17507.777585341963,-13904.079742244536,13562.184758570389
4576.345,77626.31353990696,-62260.165688196124,326460.95999999886,112116.7605323272,196198.3191788626,57755,130115,80406.04597700137,-30302.852131731906,5765.2024685323795,-28572.575050347736,1716.3763584918515,-11918.239088983895,3279.601675780866,1799.394245134383,7481.583396182997,4951.173480662816,10997.261690168692,14804.81441713149,15110.081878210898,2685.54601408885,18939.35254540856,-15707.427574150826,14336.85352713008
4696.332777777778,80785.68563708314,-68925.5047633798,337882.6499999974,116359.27589012131,207290.06940095767,59850,134090,83158.80947229719,-31692.788784760334,6010.854545366142,-30859.597939128314,1938.410402203821,-13359.290927121896,3524.5018032124644,1138.6747277633162,7865.404951449605,4436.286325770534,11453.99053810264,14597.184914599307,15462.884121674066,2979.40541153879,19993.443711759006,-16165.378492042753,14536.195563314588
4744.3358333333335,85268.46124564533,-84607.79192756145,355914.419999997,121742.16664791042,231068.635844396,63124,140746,87711.40943525382,-34560.39523401309,6705.063657675964,-34341.89096155155,2085.824833247593,-15792.793107979518,3809.537032334664,-436.11243733270135,8149.684417392009,2795.7148060667682,11767.571805266482,13619.515244597056,15850.65818886482,1964.8259433362136,21272.959823132507,-17856.6561806874,15627.161487730698
4864.354166666667,89631.97282961564,-93149.57842020305,366118.2299999971,125915.10714305358,243254.77407462863,64953,144049,90097.9272025189,-36184.72694931735,7894.203275090102,-36478.32773539335,2414.740395647133,-17044.081569912018,4042.856622200715,-1254.5591727155095,8320.532469553176,2004.8374170565914,11977.820929400874,12969.077474668762,16164.408735925383,1537.945099920079,22027.007803912347,-18699.742984513396,16790.402597885226
4912.360277777778,96672.47006875646,-117469.81327904869,379726.1999999971,133322.02748776512,270266.798447322,67514,148801,93607.18734396092,-39811.376827191474,8219.835385479888,-40209.57413488612,2533.4604842712743,-20321.981787372348,4169.507628942234,-4071.442626824648,8704.826980819309,-1192.6670808957151,12830.164242143808,10041.240497446674,17714.08715170455,-938.8502708315951,23803.640985574842,-20965.161048496833,18696.94720981955
5032.3341666666665,99507.91176014765,-128753.83161175836,387317.9899999964,136447.27894527937,284034.57788064453,68923,151648,95589.96478583316,-41840.80541441089,8476.310929063498,-42480.24043571018,2611.6788214170338,-21949.29528166113,4284.648160099099,-5623.386652669356,8839.476258599832,-2343.3550504164505,13144.360960742793,8924.289181873391,17964.40197274672,-1632.4608716168325,24616.803717521856,-21808.577087149934,19570.23093995564
5080.335555555555,101954.20282574967,-152389.72926551418,399833.8099999967,140696.39683938236,312393.03934111964,71219,157409,99134.10308501248,-45561.41704165196,8683.554857203077,-46512.965985249124,2778.638630119739,-25262.241165023144,4468.934057881022,-8250.251893872834,9071.10458281442,-4880.086531467645,13431.256757974881,6868.976818740313,18302.64450910536,-4180.978635269812,25150.25907017048,-24610.76483172354,20067.810360479845
5200.343611111111,102862.46186031247,-163422.49835698723,406146.91999999527,142414.92591887218,326215.3556889026,72381,160288,100939.13674921253,-47182.663517681794,8851.758254299284,-48587.908151453485,2836.840344154669,-26854.952313254238,4560.652778864788,-9691.587832609133,9134.386251158621,-6100.705081195001,13486.909577612227,5869.206677581384,18400.48476900479,-5209.917939028925,25319.912079229565,-25663.970199350406,20271.517805987503
5248.343939641843,104700.08614121737,-184303.0717169775,422542.11999999627,145822.38499313153,355762.21883309766,75364,168196,105260.5878907528,-50764.38678847412,9012.11003132028,-52526.76151884599,2941.30356729554,-30020.772933804637,4633.027593743374,-12164.729280749252,9298.424931263433,-8223.809492453294,13937.59736668507,4365.072898446084,18751.58536452977,-6768.7480754123735,25649.462986121813,-28198.93652569054,20476.574300256918
5368.332222222222,107147.06827966293,-193753.0443384283,433260.72999999457,148818.8619876204,370134.53681133257,77290,172282,108060.37553948269,-52457.659494075466,9182.204227772336,-54682.16777539012,2998.4682353983944,-31652.80020471806,4802.958669055174,-13237.927548967573,9448.695344991096,-9051.597240779798,14164.163723378811,3762.3232269446553,19472.28209696336,-7383.382702059841,26183.369364620205,-29049.832599390065,20894.926617482233
5416.332777777778,110027.71668393847,-212648.55080611404,455541.51999999373,153238.05463583537,401763.3817388576,81122,181391,113188.6344314297,-55873.90363703095,9445.930547812983,-58756.08455040986,3153.926443668575,-34946.596395597335,5048.111225429578,-15461.542216335736,9659.3479898228,-10887.92127862679,14516.454456022113,3153.1135444864776,19947.3690899444,-8299.550241110637,26670.254782505686,-31576.06603149796,21586.322148730615
5536.3388888888885,112680.39018317676,-221930.35755814303,467548.1599999941,156296.63774818575,417032.3221294835,83431,185636,116149.55768048202,-57774.16038989213,9773.057912187465,-61066.302577314375,3209.93169728562,-36642.27991358138,5257.912256649695,-16244.616940722313,9987.693454421069,-11866.710264924885,14834.908997443403,2737.7295235815177,20320.988563254945,-8780.406193881327,27320.99412079159,-32293.61080141632,21974.903181141362
5584.3396267100425,119911.20641506079,-244411.4027168383,492237.19999999355,164130.1872970415,450194.1475358964,88067,193501,122324.26788390234,-61956.394395129406,10622.406221587846,-65536.6433391617,3575.9746757199073,-40288.59106502765,5600.104618912553,-18096.671914249368,10417.40223391401,-14155.144588858258,15571.287667043143,1030.6651268392377,21901.45827422846,-10143.201471370054,28977.801422217162,-35265.421069887925,23244.771301436635
5704.329444444445,126666.27462219073,-255627.14253642256,505680.91999999376,169519.07079194035,466292.91650288453,90555,197436,125496.07524159578,-64452.79936366661,11522.441901309896,-68592.45755648271,3724.8871675209825,-41928.823340893825,5795.838854529227,-19162.336641466634,10659.822365016147,-15273.192129478339,16101.70193795549,730.5267773327724,22816.638856267335,-10687.406937030555,30786.538568881402,-36260.65334474274,25258.404970709136
5752.336944444444,133087.95104576493,-278032.730374122,529459.4199999924,176244.92122877724,499811.17150442343,94983,205293,131436.05764090543,-68877.57664004138,12024.66836439074,-73050.9960019245,3891.298799340867,-44975.650157273565,6144.474910429292,-21635.249177348145,11647.088039252452,-17495.078837362482,17388.22046931156,-882.3443845218521,23537.634748699602,-12004.495529255177,31754.647113398576,-39111.33964639449,26699.91860094154
5872.334722222222,136849.08423334136,-290038.23261442885,542514.2999999954,180712.83585689162,517153.60910696804,97456,209560,134686.087650551,-71962.82160262395,12273.855971935636,-76015.09830772542,4033.1722708907387,-46754.242702893964,6593.317387389373,-22741.517370941234,12335.53791268127,-18465.78641064954,18505.285947576805,-1564.1037679510937,24088.870485381085,-12414.780927439184,32110.08213833112,-40119.88152420074,26908.962119155327
5920.336944444444,140592.30257324784,-316065.798796784,564311.4399999903,185472.31143492545,554244.5509495067,101519,217737,140660.3764123152,-76975.47064735516,12490.480118966609,-80962.30345326159,4100.84114631242,-50574.65488354563,6817.73137657343,-25471.992973275836,13015.441051052645,-21015.28954088906,19086.70744554456,-3235.1417434531563,24603.68956709007,-14091.161627681275,33065.863712555336,-43739.78392731401,27411.548155152384
6040.33,142665.28611001288,-327663.35169402225,576646.4999999934,187887.37778802312,572385.61053604,103780,222246,144036.86336991467,-79158.91658846501,12604.171604524166,-83478.79941477056,4145.434100912685,-52470.451979078505,6924.945908266092,-26774.999411212077,13387.64024666999,-22440.036292606314,19528.323359202976,-4090.4967485453362,25085.3902085659,-14598.295639617936,33361.75118581553,-44651.3556197172,27627.629496054844
6088.33,145946.86270658803,-351230.59121852263,601856.0899999957,192559.05623831615,609995.0919771246,108372,232149,150532.53300302938,-84162.47960442898,12764.453516387672,-88592.00107522169,4268.438160594648,-56422.641515054784,7092.4862410236365,-29156.930532853345,13703.480093155591,-25301.963342193165,19799.915482741602,-5368.512101992744,25945.28773645393,-15004.497311732026,34271.34560622092,-47221.565735029246,28101.45587000884
6208.3325,148319.04519868005,-361337.0586712472,616518.1899999976,195227.48683790793,628286.7669002828,111090,237100,154340.994933001,-86275.92681892551,12921.653735284888,-91067.39677496269,4316.65957982927,-58390.492896221505,7179.30040064773,-30439.43679322057,13914.641985542365,-26396.99340339127,20333.7213223918,-5988.415988091104,26436.819706436167,-14893.369786799367,34798.54208455426,-47885.02620961658,28417.706383992525
6256.34,153174.200332603,-383866.82556979766,645183.4299999947,200625.7409854894,666638.5743834159,115996,246787,161785.9402008483,-90591.45786857122,13336.432439017095,-95720.4400501466,4593.042741881141,-62245.073291279274,7444.871562438005,-32744.408586821308,14304.511919570758,-28401.489306763277,20827.17148364049,-6860.018882717241,27255.523821975534,-16179.986270105383,36107.30001491444,-51123.95131337588,29305.346349163563
6376.330555555555,157261.17825075221,-393220.6469543392,662512.1899999946,204454.72816728146,684974.4522386596,119084,251674,166303.6565483494,-92930.11176815353,14084.435862902694,-98554.54909903639,4746.019996241638,-64150.351719091865,7742.711023134423,-33928.70114051793,14528.928514129939,-29411.046427060595,21473.33809714736,-6543.79264877085,27983.78524979038,-16058.017376586302,36734.54573990075,-51644.07677510173,29967.4137675035
6424.334851787083,169890.89998079414,-418734.3568586612,695298.6099999966,215134.85780604795,724605.0348556209,124922,260955,174293.07419695423,-98138.32041985409,15049.490521025798,-104124.47261103982,5097.603078328247,-68566.5132406292,8407.439027060096,-36087.275874874875,15449.75898064777,-31279.82129490809,22990.996950068376,-7940.103584109349,29679.36518339539,-17632.719702287224,39777.30085254231,-54965.1301309414,33438.94538772629
6544.3405555555555,177464.28438594463,-432139.84332389344,712597.2099999937,221544.9539744386,744364.261916232,127996,265317,178827.8374331888,-101312.76027638729,15801.38449716938,-107384.23430087091,5419.48105067599,-70789.77323337247,8860.963429388277,-37177.35654889637,16176.674514630176,-32857.149638295006,24383.90702814783,-8437.608020589507,31357.880522631036,-18330.394870558273,40960.342687736855,-55850.56643491032,34503.650655565325
6592.341944444444,187349.10185209094,-458221.5829736107,746306.6199999943,230565.25659259563,786628.6493252813,133909,274852,187334.29705568153,-107433.38058350097,16386.982458634833,-113127.18812745441,5626.223982859588,-75096.55262855378,9265.225100395304,-39386.641135236656,17058.502390424954,-35021.04909563481,25379.422350651686,-9706.899499045256,32984.67635458555,-19457.958853854565,44004.85101428478,-58991.91305032185,36643.21820025416
6711.330555555555,193317.05544287225,-470129.26423268183,764299.0199999949,235386.01892906317,807462.6708188087,137118,280034,191579.5944847429,-110548.63599728879,16693.645756288402,-116469.31991689799,5862.681642921255,-77160.6461752298,9662.771921234133,-40418.06852996484,17464.658659821904,-36075.48854378042,26178.502627572965,-10247.563832386717,33710.18275441843,-19764.646363299355,45279.56082665882,-59444.89487382618,38465.05125395792
6759.331666666667,205318.00126602597,-435114.868292969,877049.7399999952,247512.54323514304,856909.4138996559,149936,307753,207742.6511581048,-113594.67274094194,18646.56262264825,-123852.51048132265,7472.153304502557,-75844.22717030066,11793.327396153347,-34228.13046551314,19333.120458964127,-33198.282427138496,27010.358938204754,6199.968758787628,34568.00477994913,-10184.093808489803,46550.143727294155,-50412.919958055776,39944.33003830812
6879.3325,211398.31378818082,-419697.77058303443,931740.2199999982,252717.99807113162,882150.7429520126,156779,322161,216569.24955982162,-111570.8375280362,19806.688423085958,-127007.61168304714,8207.325512129799,-76652.46573380067,12418.720097861617,-31493.68046833473,20865.55008119722,-30485.00897539595,27923.382011682967,12653.058204596584,34900.220841434224,-7564.596052761184,46843.999268735606,-47576.62834627033,40432.427552053225
6927.333489974937,218676.19325573216,-446281.8388514523,966034.7699999989,259491.2183301974,927872.7444383691,162096,331400,224952.64608281775,-117657.89644778492,20285.710416749196,-132603.72057527077,8496.799476266153,-80287.12434251238,12892.062330233963,-34024.82309461817,21881.422142727388,-32558.078927380626,29051.793394617198,12650.112258364414,36256.65739561002,-10283.167662916985,48295.171324775314,-51517.14005934936,41516.57677475223
7047.3533333333335,227295.4544895405,-458502.97500700445,990997.4199999991,266516.3066375332,951908.2392105665,165810,336843,231075.84915883894,-121246.55128012667,20748.131755690247,-135824.6269351884,8868.048438842648,-81984.3147942256,13329.335909117748,-35583.26557917827,22703.801551642395,-34059.26011238721,30727.79733152256,13835.391520646803,38488.30704285218,-10234.202232823058,50327.58221838309,-53406.14559374029,42102.4502414888
7095.354810199789,243289.0636254179,-490718.1617931276,1028759.1599999976,278737.8959074106,999792.8630732411,172256,346322,240946.5628124312,-127692.49416061702,21324.67208644066,-141830.55492083056,9426.83543013873,-86281.9791465023,13971.03405773735,-38475.81309521997,24243.620101608547,-36930.70636646879,33716.07428621277,12535.11696670957,41650.15228570308,-13626.075429207805,54206.66995888029,-58415.65564101398,44750.00541869369
7215.3375,254481.37411003868,-506821.4110758629,1050915.0699999933,286481.9681011253,1024751.9499110931,176095,351571,246502.5630636129,-131747.13712621195,21942.969609562188,-145146.52541743586,9965.633706101275,-87915.16758470151,14508.203648244882,-40016.79687115684,24844.063781110817,-38131.497642824856,35285.026673120294,11599.462993679275,43776.18156990494,-14951.262592216763,57256.71125543066,-60512.486835020296,46902.58386656045
7263.3388888888885,266606.4187988165,-538453.0885953995,1088251.2899999896,295753.6677511605,1075290.297267541,182514,361571,255660.4135766811,-138282.3383639781,22657.84293047106,-151319.83822107143,10430.422085690434,-91553.88585572758,15190.980262214942,-43297.70681335668,25603.582308140863,-41353.873168099315,37154.504466452105,10682.040141810903,46782.49424410731,-18340.66619548608,60228.423898302884,-64986.82011951909,48558.16860343703
7383.336111111111,272604.54529253405,-553459.076881791,1109615.249999982,300708.15281429846,1101240.0071216782,186179,367307,261126.1669458115,-142057.48756400915,23753.316835722813,-154837.40927885254,10844.877009514998,-93250.83119766423,15574.06661580685,-44363.080151823495,26643.52480321406,-42722.371742639,38584.58890514819,10821.506983221372,47457.58914998882,-19833.825735844282,60793.41670250854,-67215.57819421258,48953.16527062888
7431.336388888889,276857.41823364195,-585161.8099995006,1139761.46999999,305509.39745629247,1150581.1525189742,191567,377676,268832.730024208,-147977.31949831752,23867.216522651714,-160758.1418801748,11004.519590090036,-96946.59196400775,15867.72518970579,-46554.89552172264,27488.182454865462,-46145.5994960314,39516.20495233522,8935.45164285664,48342.453278220695,-23639.510310629226,61556.36310793113,-72075.20297149665,49214.75313784058
2007.375,359.1530153895783,-3827.5089600073647,6447.800000000008,7698.349100431961,1522.6782983700061,1025,10551,1054.2815612054255,-1353.409445313052,36.33390546399989,-940.9713708144988,3.0429881551421016,-576.016854237286,6.367627224725426,-196.1602743095121,12.81764771052442,-251.58385372917417,35.12814099585405,272.8679238958926,54.36456822109626,-19.99843979666898,83.04911558034621,-762.2366457030868,128.04902203789015
2055.387777777778,524.0787910214044,864.7846808703482,3420.270000000001,1471.559128151273,463.3015065489705,505,1731,620.6246844294084,-125.83299811502792,13.841972087439686,-42.03579331648443,2.206033366080817,-32.21048105979652,3.2187679299201415,252.14202806374868,37.281833871977604,348.8108528460164,48.95243297607074,209.47109163494505,168.03971017688875,253.23710973024728,205.1414477011737,1.202871086698948,45.39659291185308
2175.339722222222,712.9383285475697,1354.6054083888978,5277.149999999996,2209.104610802394,782.514699211924,791,2786,930.9252815967815,-306.4877937096513,17.676705517734213,-93.55566374770659,5.809474226054663,-12.67702596167316,7.635821916773226,324.1524479994065,54.52554203108378,566.2238457216339,82.59732131231502,437.7387107209052,204.2592927158115,407.30739496269285,266.0050709174803,31.90349240328907,74.42909991031755
2223.3416666666667,1184.2830074083577,4077.758300070608,11333.07999999999,3636.5677122404063,1765.3191713142512,1564,6027,1853.4348163747375,-514.8811882307638,67.4186097828404,-203.67877699179766,8.09321442129284,36.74317907971819,22.838030378462282,1139.866692391314,164.3590356782867,1422.9183195432893,237.475495712462,1016.9939584424649,281.089896077612,643.5436098592684,300.6337583065622,536.2525059771045,102.37496705084016
2343.3925,1380.3884830599955,4791.158831225933,13459.289999999994,4384.33252060601,1990.3327791098643,1866,7184,2293.4658690581978,-606.7206207059542,69.60128393890477,-252.78741655531357,10.723520886659173,56.231324159917065,23.12845374684106,1199.8683764305279,169.31592092270577,1493.8687286898544,243.20294908049274,1546.6374374370419,349.00272760843814,757.7135362737178,394.538975753818,596.3474654961299,120.87465112213584
2391.3977777777777,2151.8131882712173,7360.179644602204,19953.20999999999,6378.431904003821,2833.919911018784,2758,9736,3380.678540375169,-764.0412872984922,108.79191165853038,-335.7859498658483,33.40631709477064,239.5972581700508,45.74291387690059,1416.3333830121944,209.49138302396565,2153.3662765434074,314.1791228324633,2619.934354449881,553.3212708191293,1148.2666003370327,678.5385560961413,882.5090092539946,208.34171286932138
2511.3441666666668,2516.9811364772204,9441.238887018106,24284.180000000008,7436.051742446284,3252.456525322853,3319,11368,4154.4328452127065,-878.6749049560657,130.51494102178543,-451.8819666120291,34.85731766979447,361.5209358433753,54.92086059491133,1640.714103631572,238.95961928899692,2678.0707774346793,424.99739046255576,3408.165064572351,647.33422468124,1546.8933173327891,725.2520631661204,1136.4315597714651,260.14471959182197
2559.364722222222,3506.415634990957,11042.001242577382,31634.540000000095,10081.263276780508,4543.6018532773105,4730,14985,5967.673627364661,-1255.770695192011,174.5222209533257,-711.5801020534847,47.85059834212391,504.25291587981917,117.65721306459938,1851.0202021056489,325.04544847152613,3183.9823601634953,532.9706883736694,4247.031187633209,964.2124067173934,2073.9013171075558,925.7701800118442,1149.1640569332515,418.3868790564722
2679.3352777777777,4152.264705901563,12126.333692436818,36281.380000000085,11846.993587073683,5089.1661899878945,5639,17312,7218.8865305014215,-1715.9237590418318,204.72650092440102,-1037.3116532349534,72.26540157141056,642.6858474786372,177.8706675470241,1969.3499759840142,377.6268192027142,3656.230158725999,668.061813899139,4930.087609978909,1151.6168330881662,2460.4812445896405,1006.7467105033711,1220.7342679565436,493.3499591653332
2727.3399888173194,5834.389562997173,14865.508049685786,45968.75000000032,14727.331562434769,6253.263325306678,7442,21517,10122.647062572636,-2271.1353001740486,237.2516710292554,-1169.04175806373,93.64209170792277,839.1143235115004,256.67588390133227,2459.647394817201,496.7844177633001,4523.553220774122,885.1409876382447,5835.978445309662,1627.5592035561,3042.824106849101,1492.3034874308642,1604.5676166621151,745.0318199701406
2847.33,7291.444428071175,16864.3664752405,52488.81000000041,16529.11874686858,7049.957349076388,8607,24085,12045.367428814348,-2496.7710124706964,287.5183108879293,-1275.1132755386725,126.78099407522491,941.5645567931124,300.8177840318191,2777.24745030067,561.4131881051613,5176.865753868573,1067.4965598856602,6589.769902249679,1954.6623569991866,3672.198916613348,1996.8473752667373,1478.6041834247628,995.9078588194373
2895.3322222222223,10642.622952549658,19622.378129575238,65784.19000000047,21909.990664131754,8799.625766086396,10906,29461,15452.195440206242,-3343.873470569217,531.8391878374183,-1785.4939479864754,228.3404520026648,1068.172955050627,451.3694532622314,3801.8878369258655,790.3420346762088,6467.55729974196,1411.167279015958,7470.114614781153,2790.5477249989694,4252.603036341198,2948.749877025056,1691.4098052904808,1490.2669437310917
3015.33,11779.435948088547,21474.737442177848,71971.49000000041,23657.294907022322,9508.760377190118,12119,32325,17330.69727360922,-3677.0523845425178,553.7182262290733,-1908.512377184879,265.8230000601285,1101.429724689944,489.93291800835345,4050.8468506947333,857.6302112826523,6815.462089092791,1586.9585122012393,8287.994728540682,3186.9589659932326,5083.859048767905,3281.281871941087,1720.7097621195849,1557.1322423727133
3063.332629735753,14689.87291538456,27703.008156022763,87843.81000000054,27769.310047313433,11300.830215561724,14614,39242,21070.661581101656,-4124.903194541342,617.0013287599131,-2058.9102509968507,291.9905197028101,1659.3015567818088,533.4848911333398,5516.491208130722,1245.1742995925656,8270.849045416184,2078.3652530989993,10517.774193082274,4025.7648900014474,5793.101886922717,3969.056717843473,2129.3037112276465,1929.0350152519222
3183.3580555555554,15861.436903621074,30120.720604197108,94573.22000000058,29541.413201043386,12085.02593922893,15836,41969,22826.060255530425,-4360.924689865101,669.3736633712183,-2147.0019417139906,313.00931628395506,2016.0907504945644,617.4954448147173,5921.920839591813,1322.841809824855,8909.046970791616,2282.569384712512,11281.496436695837,4414.244392824288,6323.225630502651,4162.333473022549,2176.866607699946,2079.5694187668537
3231.366616638079,18342.002444583697,34504.036084347135,108759.60000000069,33440.21433843153,14242.46397050473,18563,47510,26572.885606716492,-4881.921863919673,848.3413670773492,-2728.864952485983,412.04264192760405,2505.3208050724907,801.7181155593047,6874.969090269435,1488.5166835013545,10113.796694662313,2724.190431204947,12870.465785702901,4980.133572409466,7331.841062245512,4649.18329284721,2418.429462800334,2437.8763400562984
3351.3633333333332,20497.282908126832,37457.82468822746,118110.24000000088,36447.54249889436,15352.861788663393,20319,50879,28852.01102421441,-5497.722739096865,960.5299549444994,-3161.6055710459073,462.01854761282755,2821.1615419458235,943.9404653578295,7519.870708441675,1830.4977117182189,10893.081891210095,3302.7524812757088,13960.460136127136,5586.954966135591,8158.455764770115,4786.100102738548,2764.122955875617,2624.4886783434363
3399.38,24601.632877999426,43856.00867373567,135093.14000000147,40948.261056439434,17206.76124019669,23413,57032,33082.10902962835,-5841.193393389603,1286.6078695167744,-3551.6833341433626,528.562481293243,3534.3963946219706,1169.4376837449972,9311.918913632602,2329.8760459840605,12536.266560462544,4306.694476389099,15837.955935588068,6555.014392893601,9177.961312455576,5511.340956233554,2850.3862845072194,2914.0989719437625
3519.3344444444447,27825.78017563691,45853.95256986753,143066.44000000108,44113.55604264068,18034.038464363395,24940,59719,35064.89292312817,-6015.404054499766,1423.9102623024842,-3776.626329062339,553.416181176318,3729.653757980449,1248.6953773833338,9784.354139910958,2459.613869266753,12884.328562549004,4870.826758687278,16958.08666688318,7346.1813647160325,9408.913842826867,6710.50295563725,2880.64598327855,3212.633406467088
3567.341819772528,33715.5590917327,49756.368172745446,160253.38000000102,50241.39099367639,21070.6005977209,28164,66616,39185.02023585699,-6774.925981308299,2149.4699541067002,-4662.614725540773,641.7373624820149,4335.305044055515,1482.085949216072,10977.704269638502,2630.2749461745366,13903.9277977644,5204.286324276955,18947.933006094718,7773.272137441694,10557.452479131402,8362.851226876855,2471.5862829092916,5471.581191157423
3688.3358333333335,35310.49097698786,51717.756539475056,167893.06000000102,52520.48691427563,22500.654084006972,29569,69664,41154.16246224191,-7164.169030573075,2172.593222225413,-4949.009219513387,688.7402516957935,4712.069509608893,1633.5309724742478,11251.576156777366,3078.877230864121,14336.674392421855,5553.895045052868,20248.655591685052,7977.3718521618575,10845.116135391043,8497.448494295773,2436.843003677048,5708.033908217287
3736.337777777778,38767.00504158221,59855.240284103136,185814.22000000114,56248.46862191517,24179.676978916134,32499,77710,45530.83411506504,-7176.2356087246335,2253.484481715985,-5013.742129859973,737.5078394911588,5422.521521332077,1862.1514636224229,12284.952759205862,4038.7440651695792,15810.361972330686,6288.211879989015,22364.818999161165,8671.49805984213,12671.381520317393,9134.16628527071,3491.1812503399483,5781.240966480734
3856.3527777777776,41110.36118423788,65790.66777076341,197146.0300000011,58363.622814210095,25238.35042232983,34230,81626,47753.38899269594,-6690.2052405040595,2265.3621114444272,-5101.834099369284,737.5334389112049,5862.660142696079,2071.321367177961,13148.06237162878,4474.124196144257,16469.505739976845,6776.266296677775,23802.695493353207,9112.8691987464,14570.189409555138,9688.474275109002,3729.59395342592,5984.410300026284
3904.361388888889,44758.285900664676,73327.25090725318,216324.1700000013,63406.06534626088,27035.505042024502,37438,88072,52555.34870446086,-7060.067901747686,2424.71312424068,-5353.539401696187,781.3205317098766,6384.7833047517315,2246.123088339738,14532.392938799836,4806.971477631431,18096.657913247593,7366.302006131241,26314.229901660376,10106.543237550768,16281.86165141842,10641.187800002042,4130.932500818029,6385.124635058477
4024.343888888889,48693.46145043311,75815.94495837463,226667.65000000165,67023.82413322985,28468.22989001652,39271,91095,55359.65101837799,-7163.539006212946,2536.456893219507,-5629.82146749079,850.9785874519667,6420.46250162714,2352.941563212024,15035.162426084986,5091.999366586923,18635.996220115474,7800.718466817559,27381.39569852881,10713.943752001162,17052.413062300016,11654.735781466921,4083.8755234210294,7691.687039676662
4072.346076388889,57272.93867850716,74147.97793745443,249041.13000000213,82877.38509606714,31196.577586360963,43166,98308,60819.189380117285,-8588.02051859096,3826.015654947436,-6650.7338270195205,1221.0190283174609,6351.702450579218,2713.1331570653388,16288.50951555885,5752.618459661296,19927.079756079147,8359.11821931923,28144.607145174235,11454.493854824868,16307.730744429879,13278.692424195811,2367.102671241024,10667.847880175445
4192.331111111111,61698.53947921589,70445.78969640796,259409.0700000015,92663.38747640206,32927.613859818855,44954,101887,63372.27896737105,-9754.77342208369,5032.390538806419,-7599.330238273505,1380.9063327173853,6261.079190164604,2832.1828683197905,16819.017969545177,5985.755065656616,20051.768347002322,8656.672129234641,27346.678127576666,11677.574059721876,15182.959475551119,14228.216964988502,2138.39024692259,11904.841519770434
4240.349166666667,66974.06456644817,74064.24045661718,274924.45000000007,98184.0956041187,35171.48975791641,47925,107781,67504.62418134796,-10101.262488340952,5309.880197554272,-7817.224837123838,1450.4691210149722,6475.076552812322,2900.8243086463076,17697.380034762507,6388.386418966689,21042.52747875522,9264.143145512555,28931.810092257278,12615.309827819707,16094.71411262506,15933.170892023792,1741.2195108664282,13111.880654909597
4360.354722222222,70215.46619266887,75478.74764875634,283259.969999998,101287.22173615637,36730.62628256523,49525,110744,69763.37433252245,-10498.792996423297,5516.883396198451,-8244.468803738117,1528.9188554157245,6550.818542034698,2988.1821977598934,18102.68548505428,6715.046600469814,21156.813309112556,10015.376781440875,29534.78388480795,13505.947718853553,17024.532255098682,16680.111054461988,1852.375972805847,13264.999588067942
4408.36,72287.84210477234,81829.53950348955,299558.7799999986,104576.9736043105,39361.59810828648,52696,119171,73790.66878391492,-10680.391093110195,5574.639699197562,-8554.220394455755,1602.8947747222574,7018.4316956026505,3062.615548551933,19411.420090905263,6971.207297855859,22368.131225301717,10424.061738683817,31478.800821326535,13982.061835406106,18805.221149145043,17219.588394097467,1982.146008769529,13450.772816256742
4528.345,73811.68496028286,84907.12327619421,308648.88999999926,106943.90201792236,40617.18175084449,54405,122913,76180.68295503974,-10831.107293333804,5606.878115289456,-8861.068226163397,1669.0289554212675,7246.8039989177605,3134.365819660554,19868.914069207898,7109.357594336977,22956.779953048863,10717.520256389002,32425.896853594324,14504.571875272419,19864.29758360991,17507.777585341963,2236.6063373080715,13562.184758570389
4576.345,77626.31353990696,91492.69765743111,326460.95999999886,111545.86811299148,43016.34825257615,57755,130115,80406.04597700137,-10950.210634574674,5765.2024685323795,-9284.040546163578,1716.3763584918515,7326.256280963218,3279.601675780866,21098.19141433467,7481.583396182997,24269.356665262294,10997.261690168692,34113.025944971894,15110.081878210898,22009.364990154292,18939.35254540856,2910.753542478371,14336.85352713008
4696.332777777778,80785.68563708314,94326.27327715165,337882.6499999974,115788.12972078554,44609.43752976557,59850,134090,83158.80947229719,-11238.775620936334,6010.854545366142,-10323.737184944119,1938.410402203821,7115.31194282513,3524.5018032124644,21676.64793863028,7865.404951449605,24995.36742703669,11453.99053810264,35144.20753523229,15462.884121674066,23543.96186051672,19993.443711759006,3413.289378786344,14536.195563314588
4744.3358333333335,85268.46124564533,99552.02570484293,355914.419999997,121144.31005336698,47506.674806535295,63124,140746,87711.40943525382,-11452.01524426148,6705.063657675964,-11186.48437403436,2085.824833247593,7265.975602072437,3809.537032334664,22711.59493342916,8149.684417392009,25966.453050190183,11767.571805266482,36777.29738903982,15850.65818886482,25139.7448923142,21272.959823132507,4329.459456088541,15627.161487730698
4864.354166666667,89631.97282961564,101012.33921220082,366118.2299999971,125317.25054851014,49690.71303676907,64953,144049,90097.9272025189,-11916.656366131494,7894.203275090102,-12017.007574643905,2414.740395647133,7322.103806806945,4042.856622200715,23197.431828998626,8320.532469553176,26477.883448138124,11977.820929400874,37432.00570120096,16164.408735925383,26017.501548898,22027.007803912347,4499.076818929272,16790.402597885226
4912.360277777778,96672.47006875646,101845.26461808597,379726.1999999971,132630.2006284909,51643.54740946134,67514,148801,93607.18734396092,-12271.764778899189,8219.835385479888,-12651.411656496766,2533.4604842712743,7179.316271706485,4169.507628942234,23524.86175701604,8704.826980819309,26395.93942770877,12830.164242143808,37633.395155957,17714.08715170455,26673.95088651889,23803.640985574842,5360.977554569846,18696.94720981955
5032.3341666666665,99507.91176014765,102552.61336870963,387317.9899999964,135755.21041933846,53420.20142611612,68923,151648,95589.96478583316,-12917.318151597352,8476.310929063498,-13341.789560319303,2611.6788214170338,7102.57124922818,4284.648160099099,23542.875695989405,8839.476258599832,26811.39475968848,13144.360960742793,38076.007965855955,17964.40197274672,27546.314484106733,24616.803717521856,5732.556925752819,19570.23093995564
5080.335555555555,101954.20282574967,105029.7254371761,399833.8099999967,139992.0737995525,55677.90767825588,71219,157409,99134.10308501248,-13355.298180145932,8683.554857203077,-14114.577793620178,2778.638630119739,7058.922240866013,4468.934057881022,24164.254991392354,9071.10458281442,27539.101226598956,13431.256757974881,39284.03395148846,18302.64450910536,28258.03109545333,25150.25907017048,6195.257905137688,20067.810360479845
5200.343611111111,102862.46186031247,106505.55051236937,406146.91999999527,141709.1528790423,56993.079859372076,72381,160288,100939.13674921253,-13514.750779621725,8851.758254299284,-14551.09794080597,2836.840344154669,7085.068530395652,4560.652778864788,24355.075302656223,9134.386251158621,27951.092051871317,13486.909577612227,39914.228604127806,18400.48476900479,28860.789853398208,25319.912079229565,6405.144890342005,20271.517805987503
5248.343939641843,104700.08614121737,113134.48073502097,422542.11999999627,145099.29653663517,59047.754837582215,75364,168196,105260.5878907528,-13616.625311930922,9012.11003132028,-15056.633252642818,2941.30356729554,7333.474298733988,4633.027593743374,25321.774896182873,9298.424931263433,29263.496278960916,13937.59736668507,41851.69678746715,18751.58536452977,30732.2808523029,25649.462986121813,7305.016185939474,20476.574300256918
5368.332222222222,107147.06827966293,116850.47501703657,433260.72999999457,148095.51172556847,60254.36771790214,77290,172282,108060.37553948269,-13776.006322397945,9182.204227772336,-15503.494439741975,2998.4682353983944,7420.492513931701,4802.958669055174,25965.872044631116,9448.695344991096,30153.30797114282,14164.163723378811,42968.80225879082,19472.28209696336,31842.1010173218,26183.369364620205,7779.399973351142,20894.926617482233
5416.332777777778,110027.71668393847,127552.96667435176,455541.51999999373,152497.0486098945,62302.870284314224,81122,181391,113188.6344314297,-13472.221099459102,9445.930547812983,-15877.014516495616,3153.926443668575,7814.470006914802,5048.111225429578,27439.00737279811,9659.3479898228,32016.71049973475,14516.454456022113,46054.3362770019,19947.3690899444,34622.869252273165,26670.254782505686,8954.808881574694,21586.322148730615
5536.3388888888885,112680.39018317676,132442.68457510235,467548.1599999941,155555.63172224487,63400.286022160726,83431,185636,116149.55768048202,-13721.270213431279,9773.057912187465,-16345.32976562282,3209.93169728562,7967.018966321091,5257.912256649695,28504.515448799255,9987.693454421069,32888.434308945216,14834.908997443403,47487.993627254946,20320.988563254945,35993.33100783578,27320.99412079159,9667.991194989692,21974.903181141362
5584.3396267100425,119911.20641506079,140615.84693697537,492237.19999999355,163359.44448042955,65937.64069868084,88067,193501,122324.26788390234,-14040.624237952203,10622.406221587846,-16989.26552746997,3575.9746757199073,8141.275455776747,5600.104618912553,30481.335612147912,10417.40223391401,34428.77751631146,15571.287667043143,49609.959175318625,21901.45827422846,38458.35276536933,28977.801422217162,10526.036177463051,23244.771301436635
5704.329444444445,126666.27462219073,144067.1204362023,505680.91999999376,168748.3279753284,67369.39634686039,90555,197436,125496.07524159578,-14836.875491940988,11522.441901309896,-18114.775300346853,3724.8871675209825,8396.257624355134,5795.838854529227,31329.84810715304,10659.822365016147,35230.57830902481,16101.70193795549,51219.21304803423,22816.638856267335,39826.552299708965,30786.538568881402,11016.321840203458,25258.404970709136
5752.336944444444,133087.95104576493,153370.3219040651,529459.4199999924,175438.33723160994,69214.70322340346,94983,205293,131436.05764090543,-15258.125533605482,12024.66836439074,-18609.52290393963,3891.298799340867,9297.301502419972,6144.474910429292,32814.78785853148,11647.088039252452,36974.25354999237,17388.22046931156,53562.642719512165,23537.634748699602,42464.11516581738,31754.647113398576,12124.869545325864,26699.91860094154
5872.334722222222,136849.08423334136,156534.22223320772,542514.2999999954,179906.18338750213,71387.80672872165,97456,209560,134686.087650551,-16584.11973229922,12273.855971935636,-19588.46494932348,4033.1722708907387,9490.489705690998,6593.317387389373,33692.22519734528,12335.53791268127,37982.281865545825,18505.285947576805,54858.423709941344,24088.870485381085,44033.14001877427,32110.08213833112,12650.246417520015,26908.962119155327
5920.336944444444,140592.30257324784,164974.65639808233,564311.4399999903,184651.25361831384,74025.15357127097,101519,217737,140660.3764123152,-17267.43721270302,12490.480118966609,-20201.666520298364,4100.84114631242,9945.632108372916,6817.73137657343,35260.15784758806,13015.441051052645,39742.784857729086,19086.70744554456,57489.60762003297,24603.68956709007,46662.8314366652,33065.863712555336,13342.74626068035,27411.548155152384
6040.33,142665.28611001288,169878.77412584893,576646.4999999934,187066.31997141152,75664.54253280863,103780,222246,144036.86336991467,-17536.465070479207,12604.171604524166,-20551.57369014042,4145.434100912685,10187.733137839788,6924.945908266092,36113.48785829509,13387.64024666999,40468.60040736842,19528.323359202976,58786.55248336201,25085.3902085659,48308.50193130728,33361.75118581553,14101.93706827701,27627.629496054844
6088.33,145946.86270658803,181495.07974024804,601856.0899999957,191702.45328281567,78126.02397388719,108372,232149,150532.53300302938,-18078.316567632977,12764.453516387672,-21270.931340524367,4268.438160594648,10598.126379641275,7092.4862410236365,38126.073750542615,13703.480093155591,41998.34273278211,19799.915482741602,61906.1051854699,25945.28773645393,52296.30012682502,34271.34560622092,15919.379473122308,28101.45587000884
6208.3325,148319.04519868005,188230.5217651508,616518.1899999976,194370.68249351843,79575.9908083082,111090,237100,154340.994933001,-18226.920787847193,12921.653735284888,-21546.49010399146,4316.65957982927,10816.448054030423,7179.30040064773,39039.50387906468,13914.641985542365,43100.26607436137,20333.7213223918,63483.37617487748,26436.819706436167,54607.820831807076,34798.54208455426,16956.517642824896,28417.706383992525
6256.34,153174.200332603,201232.2940326755,645183.4299999947,199738.94372502674,82426.25204142563,115996,246787,161785.9402008483,-18059.56972246121,13336.432439017095,-21777.142674288232,4593.042741881141,11398.19815280002,7444.871562438005,41175.28284163682,14304.511919570758,45528.31716389257,20827.17148364049,67048.05620661966,27255.523821975534,57759.06067922956,36107.30001491444,18160.091385219755,29305.346349163563
6376.330555555555,157261.17825075221,208877.72889813842,662512.1899999946,203567.9309068188,83762.87364666963,119084,251674,166303.6565483494,-18428.348695782865,14084.435862902694,-22387.860371660856,4746.019996241638,11704.134280542461,7742.711023134423,42210.72278794046,14528.928514129939,46736.02754359505,21473.33809714736,69584.63119056648,27983.78524979038,60099.52957274851,36734.54573990075,19358.892590160583,29967.4137675035
6424.334851787083,169890.89998079414,219631.02932460787,695298.6099999966,214176.2895733629,87198.21690504983,124922,260955,174293.07419695423,-19018.84034022439,15049.490521025798,-23453.118893462986,5097.603078328247,11814.508385552886,8407.439027060096,44577.95350217642,15449.75898064777,49389.30246218871,22990.996950068376,72712.44272697941,29679.36518339539,63044.847802603486,39777.30085254231,20563.933678765938,33438.94538772629
6544.3405555555555,177464.28438594463,223562.83738968932,712597.2099999937,220586.38574175356,89620.14943534239,127996,265317,178827.8374331888,-20183.758444217958,15801.38449716938,-24448.157805516206,5419.48105067599,11851.153948365274,8860.963429388277,45751.91126297347,16176.674514630176,50074.3453319482,24383.90702814783,74479.97419809016,31357.880522631036,64603.51763433208,40960.342687736855,21433.851263685992,34503.650655565325
6592.341944444444,187349.10185209094,236849.9935231122,746306.6199999943,229562.9304239894,92559.39899718935,133909,274852,187334.29705568153,-21314.706167691347,16386.982458634833,-25301.32697932175,5626.223982859588,12455.128372342542,9265.225100395304,48456.9163810296,17058.502390424954,52835.92732731685,25379.422350651686,78115.7857989275,32984.67635458555,68390.99851214672,44004.85101428478,23211.27027833273,36643.21820025416
6711.330555555555,193317.05544287225,243769.91937149432,764299.0199999949,234383.6182465682,94565.88789716605,137118,280034,191579.5944847429,-22252.349567590376,16693.645756288402,-26181.61251876523,5862.681642921255,12847.646978444182,9662.771921234133,49883.46655574544,17464.658659821904,54244.471976393346,26178.502627572965,80027.28130544043,33710.18275441843,70539.79035124858,45279.56082665882,24661.22429054731,38465.05125395792
6759.331666666667,205318.00126602597,319520.13736629864,877049.7399999952,246491.2629975706,103295.68847800273,149936,307753,207742.6511581048,-20206.718177926476,18646.56262264825,-28476.998673741607,7472.153304502557,19252.843771733187,11793.327396153347,61163.48391585802,19333.120458964127,62211.32728934692,27010.358938204754,101564.52790464221,34568.00477994913,85213.37728105768,46550.143727294155,38798.29405527022,39944.33003830812
6879.3325,211398.31378818082,355295.42912450334,931740.2199999982,251696.1197085591,108179.42160709483,156779,322161,216569.24955982162,-15635.305465020367,19806.688423085958,-29088.5401984012,8207.325512129799,20987.482406168245,12418.720097861617,66443.15516303615,20865.55008119722,67469.94059962043,27923.382011682967,110562.01311692061,34900.220841434224,90377.38941178584,46843.999268735606,44179.29409032014,40432.427552053225
6927.333489974937,218676.19325573216,371201.60111633874,966034.7699999989,258435.97534020816,111444.54746061665,162096,331400,224952.64608281775,-16343.59420895253,20285.710416749196,-29428.900266233155,8496.799476266153,22643.013911669514,12892.062330233963,69217.00222809473,21881.422142727388,70700.8940444391,29051.793394617198,115866.45879148961,36256.65739561002,92968.92196014363,48295.171324775314,45577.80465560701,41516.57677475223
7047.3533333333335,227295.4544895405,380216.1382862909,990997.4199999991,265457.6561475436,114247.77640730563,165810,336843,231075.84915883894,-17247.958160005746,20748.131755690247,-30027.042256622022,8868.048438842648,23602.80689468655,13329.335909117748,70313.3208774751,22703.801551642395,71848.05167844282,30727.79733152256,119703.4434160915,38488.30704285218,95675.80989023703,50327.58221838309,46347.70594590176,42102.4502414888
7095.354810199789,243289.0636254179,392283.02018366207,1028759.1599999976,277594.5365587166,117935.04044516236,172256,346322,240946.5628124312,-18179.610428801265,21324.67208644066,-30494.946776777717,9426.83543013873,24815.06400074352,13971.03405773735,72945.52912532244,24243.620101608547,74503.66306324993,33716.07428621277,123923.09173174208,41650.15228570308,97812.80965795959,54206.66995888029,46957.41981013394,44750.00541869369
7215.3375,254481.37411003868,398244.2635985896,1050915.0699999933,285337.44875243155,120830.7945853344,176095,351571,246502.5630636129,-19467.164618120594,21942.969609562188,-31053.46566588661,9965.633706101275,25950.73503988302,14508.203648244882,74160.28310036685,24844.063781110817,76066.93920643284,35285.026673120294,125747.98849096913,43776.18156990494,99250.55563346925,57256.71125543066,47588.39241138426,46902.58386656045
7263.3388888888885,266606.4187988165,411894.3803151679,1088251.2899999896,294568.66319413314,126127.83291398513,182514,361571,255660.4135766811,-20295.876643527798,22657.84293047106,-31595.08689913008,10430.422085690434,27942.325510038943,15190.980262214942,76532.23055715479,25603.582308140863,78499.47862748716,37154.504466452105,130486.94105723259,46782.49424410731,101513.90505502015,60228.423898302884,48810.46305079531,48558.16860343703
7383.336111111111,272604.54529253405,419497.80460096954,1109615.249999982,299523.1482572711,129468.13019590914,186179,367307,261126.1669458115,-21228.341121337333,23753.316835722813,-32290.91767913413,10844.877009514998,29062.931556991287,15574.06661580685,78289.64471868883,26643.52480321406,79958.74185850234,38584.58890514819,133453.93514704236,47457.58914998882,102847.95646070938,60793.41670250854,49403.85365940855,48953.16527062888
7431.336388888889,276857.41823364195,434094.38308050303,1139761.46999999,304309.34914926515,132525.00774598282,191567,377676,268832.730024208,-21326.43517370089,23867.216522651714,-32458.75693338522,11004.519590090036,31139.93275607658,15867.72518970579,81887.41891489875,27488.182454865462,82319.33516400009,39516.20495233522,137351.77272334378,48342.453278220695,104831.7123020521,61556.36310793113,50349.40332710919,49214.75313784058
2007.375,241.51560388689626,-3765.1961376677873,5863.0199999999995,7274.61716499029,1488.6726661879575,901,10551,864.926306489571,-1305.4734653495984,22.66143075671419,-903.724200336368,2.3188337622150232,-691.7464810808897,4.267841033842554,-86.9871615415751,11.954775012190316,-119.33831716240726,29.00212826536543,104.20249312063473,48.24162602860437,-85.7441143784015,59.439271238588574,-676.3848909391962,63.629697789375854
2055.387777777778,233.7276013758752,214.51410067707042,2881.1900000000014,1495.336952426609,610.8959130839962,446,1731,560.4430338123251,-231.48894500630473,5.819547699332702,-124.9558671863617,1.5408894138334794,-53.854276292893374,0.3189703806871331,204.70823739401754,16.345545951488674,187.94674780348566,21.841053693153835,191.2235590182818,47.142951104735616,136.90720963002659,91.83402259918232,-95.97256468318126,48.88462053346138
2175.339722222222,454.796029688638,-189.98638736548023,4699.880000000003,2845.2206552291345,1089.3518093760913,708,2786,955.2939227602562,-547.0764834806588,26.23242313926706,-396.39508655229673,25.42570155678208,-177.58071322154996,20.788918999061906,267.14660939524,46.06500607551959,289.073701792962,68.8141215427166,359.38927198277787,76.78567285745987,155.62945665259775,111.92392251487398,-140.17314393455254,78.76026300295665
2223.3416666666667,759.1779841665086,1803.760689479873,10070.339999999998,4578.0472947145945,1942.0097772945035,1364,6027,1746.5222385110458,-861.0469153562032,68.36907852869145,-722.6577550355186,31.12077564570497,-292.87661822795593,29.980810680113265,990.308168444888,116.57540422291073,1218.5306196933539,126.52797132715975,990.7078551818437,124.97121000592402,294.6102943953866,160.9226284140976,186.18504038407585,100.71010534190684
2343.3925,1000.2550820586322,2447.070993511724,12756.010000000007,5613.745925650572,2422.3394074539506,1752,7184,2272.8536733837764,-958.7902066105,71.13456261043724,-822.4906844984083,31.12077564570497,-289.7552880970607,31.653713161567662,1065.693034423723,123.44047775734154,1235.4010613923203,143.37841191196003,1540.487334895073,230.3465298829551,359.2849701084683,224.9416971596839,317.2407718981023,144.23891392898148
2391.3977777777777,1790.7110311693418,4306.23212243044,19005.46000000003,8002.312075062212,3334.5988113693256,2615,9736,3362.316991138008,-1211.7513934714245,106.03330834962875,-997.5213826322913,59.88094122205342,-62.386232785068984,60.55922668020981,1438.061610398532,200.1444372345875,1743.7554170445085,235.0457592637743,2457.8842130983203,340.2686216148538,525.5234094776634,561.7810887884536,412.66648130021173,226.99764801578127
2511.3441666666668,2245.9329978946007,5947.265178945836,23058.090000000026,9137.188786766897,3897.2315283695893,3126,11368,4076.4045059176415,-1295.135809191955,123.54385369366445,-1035.3791448284164,64.01346151877149,-55.09249197706499,73.21237912452159,1596.3688902413287,216.64106225287023,2176.9303031422282,336.9427196614608,3282.0728992447457,505.6576827494716,709.3975744765122,634.8716794774098,568.1029578384924,291.05015941643046
2559.3539350075453,3126.113178830488,7143.249134781335,30113.340000000084,11984.590824862556,5022.936989920912,4460,14985,5962.563050435282,-1749.9925702994226,161.46467586383807,-1310.0834357590202,80.68029511135569,103.90547703515804,132.34880962224582,1930.8500711394026,314.2019993870874,2826.8805846905398,471.9552293856295,4181.988945305824,711.0972805060715,797.0735609997904,808.3414791778976,362.6265016691088,446.02340977635924
2679.3352777777777,3918.5958072622075,8048.573253608376,35242.780000000064,14269.924544513178,5779.065849127803,5481,17312,7145.216352750658,-2361.5009290635053,198.06486872164032,-1769.8328384436297,119.11835056492684,209.66203088241417,210.33154613326604,2206.046776874857,403.7374630354071,3359.000123555949,723.1195926348967,4783.273856879574,889.1628853742865,1130.4707756254343,883.5265967148879,491.4534572973436,491.5345040828951
2727.3399888173194,6841.669840765551,10868.912906632684,46603.62000000017,18652.530257852544,7126.332549295745,7613,21517,9955.84428621919,-2902.8534549779592,341.65214918417075,-2119.3841424938933,166.70506575430332,669.9917173151257,366.11808580195685,3020.8813319091178,651.944148362217,4157.780450087161,1124.6962705150036,5826.077822561311,1803.6893487406608,1713.0371877135149,1689.601105761565,503.3819945183987,697.263666645658
2847.33,8165.710679354895,12867.192149601062,53404.70000000029,20636.583781561185,8150.518873763437,8841,24085,11750.405195074505,-3340.7635979887377,425.4372781686326,-2318.0644718520603,202.73645983932883,829.487483443785,420.672885101804,3408.6689190859665,810.9439294944106,4756.364544325696,1308.7635370340186,6715.043289086882,2024.581446248251,2425.025963734546,2027.4820835024605,391.4300197651151,945.0930599659729
2895.3322222222223,11386.102107723425,15876.305152864777,66090.2700000003,25226.911993226626,9961.289569160435,11082,29461,15025.763284748326,-4282.024339725028,627.645380188804,-2753.2141565947704,256.61396970214804,1156.3235621489216,507.2650726499819,4223.569097135829,970.4314763370683,5911.397889315251,1677.6375528444166,7842.054008804758,2778.7381136668646,3093.957151759216,3099.0047277899785,684.2419400207704,1468.7658145441133
3015.33,12440.489234360846,17772.58973771026,72444.27000000025,27113.397278386736,10849.456600445039,12323,32325,16708.82638345807,-4817.10762949017,660.9375892647214,-2963.5263320200766,281.47734029834044,1332.079630944237,561.0310766573972,4565.828812607164,1051.7959035903907,6364.180922384722,1848.584048168758,8732.403234040949,3026.8243094850886,3864.9386712125724,3493.665665841062,693.792428030919,1516.1733010550302
3063.332629735753,15589.470104410413,23399.734396782696,89177.65000000036,32074.93222206543,13052.1946357925,14932,39242,20650.788745359638,-5611.034815519108,722.596185525066,-3151.6382881493582,361.49961241542576,2112.2055010833856,624.1240247892825,6030.5363592367285,1476.0566422142526,7502.919030432121,2525.6471491200923,11179.46100210699,3822.57180983204,4297.654445609653,4302.328926955264,1039.631161982311,1754.6457535589072
3183.3580555555554,16896.959922878646,25095.854436108504,95882.01000000033,34148.44063079461,14118.673494334438,16147,41969,22519.041438762517,-6202.7268914462375,782.7393609057722,-3395.632131738672,412.0332679349286,2336.563132391391,740.5001698872094,6528.21340523088,1643.301880611512,8027.577654952211,2722.6317666041123,12022.82541208229,3961.8578375815455,4825.133830396178,4703.494472824383,953.9000242404493,1930.4011665290789
3231.3645300546445,20160.173972145934,28449.04044825927,110247.06000000035,38631.063638295505,16699.50424299291,18827,47510,26467.45167045179,-7375.224571129223,911.1983711573566,-3772.858329274524,496.26516293887727,2778.5976320440896,948.0492995786051,7424.759504486056,1862.2132384558606,9160.573545315518,3615.161991627917,13788.678016084763,4789.691667897168,5311.637694878127,5377.539805233193,1132.8769558543916,2160.054435257014
3351.3633333333332,21957.0783714787,31257.08949775726,119030.81000000048,41065.983545728355,17914.901674628534,20485,50879,28792.83528188516,-8045.5719599408385,962.5119565979604,-4025.077820857441,536.6398465468611,3063.4951767427665,1137.0521673566955,8043.801570487723,2318.144863925239,9814.933234210075,4039.5241183731855,14975.83908673428,5203.652031137607,6047.162751182879,5532.949415586263,1382.507459197774,2226.6039719549885
3399.365743348279,24953.516860238895,37052.69056090412,135913.02000000112,45026.56990050322,20469.166789512332,23569,57032,33364.59274907971,-8904.596064470268,1080.1534784650173,-4315.501581042056,572.9658717022144,3856.538412044932,1267.7812546798027,9849.235759017383,2775.2428858543076,11193.748237058322,4738.407015350806,16914.645082518222,5862.646786056546,7017.70426672415,6246.471148218423,1440.916449052681,2409.8484199119894
3519.3344444444447,28348.582518770527,38605.58282186931,144299.5200000004,48486.42645575014,21900.101149330734,25140,59719,35307.40957304889,-9317.84296079061,1295.3910173038885,-4660.145700425723,611.0816242145332,4031.9036353961974,1355.664362311313,10384.14225564578,2980.8085945327134,11736.135298120273,5294.975501393959,18104.559361894913,6457.749444639617,7135.3550634367275,7540.8458639227965,1191.47586859132,2812.066110451859
3567.339870527307,34272.70987307055,41557.2254702326,162628.61000000066,54909.44655577437,26561.55116957351,28538,66616,39600.386804418544,-10407.089608835991,2056.6395662960504,-5689.387290539452,784.216614418372,4564.468796683281,1627.065470538808,11681.491924243153,3258.4472851797323,12820.724799187345,5558.068384079789,20024.55550824848,7046.739598639886,7922.0034365848605,8983.979350924295,640.4579046601968,4957.553602993778
3688.3358333333335,35351.23892020535,43944.11083082568,170293.1200000007,56639.59093827318,27975.775826678415,29937,69664,41733.642404221726,-10756.824067429143,2085.8806123346167,-5957.492985137403,826.6920237102813,4813.619869981466,1702.882241097253,11932.946670487967,3425.9018426051257,13233.445190492264,5697.8292369729525,21450.658328472047,7281.391005264232,8478.949090030408,9146.624623931402,748.80873392732,5184.0373342896555
3736.337777777778,38437.431428008495,52152.44638997559,189050.07000000097,60273.62686723687,30208.40787948811,33008,77710,46415.58886329801,-11062.742742090584,2173.916626558109,-6095.277593632353,877.3041898416936,5620.003519250523,1949.430798361041,12870.911441706132,4351.405662710486,15023.443553710682,6469.404683695217,23701.250273392234,7802.313502755574,10340.854262853227,9469.182715695495,1754.0036747849208,5344.473248390981
3856.3527777777776,40386.18380181597,57804.307244940326,200116.67000000112,62150.0085998413,31245.21976993009,34647,81626,48917.13438528674,-10704.740665394658,2184.5824176449846,-6177.263496410142,877.6129707266716,6274.1789286541625,2033.1480045967276,13500.91299584888,4910.539210137841,15696.168481322371,6683.834810417208,25388.92761508583,8195.33636040203,11949.06496342771,9962.157605551658,1877.0584224053905,5538.972422338946
3904.361388888889,43140.430281666784,65835.41720708668,218586.50000000105,66330.80172659503,32898.071720438515,37766,88072,53522.20934587828,-10942.614365592339,2291.617060360147,-6384.011787911288,908.7392719152156,6842.709236535576,2163.9227124497065,14824.342530668491,5125.630192256422,17075.389437261187,7027.574870468598,28014.233839617707,8903.849344372848,13829.145073252248,10733.136460586926,2576.223243254105,5985.96036925696
4024.343888888889,47901.37838497206,68368.90734869457,229170.490000001,70459.80948169457,34131.40392146712,39640,91095,56210.369248142706,-11199.297326838454,2389.386701870697,-6678.203874514329,978.5477993722565,7043.2665621411825,2281.0169980763703,15418.647368874492,5314.267858213552,17743.7995936837,7415.357948635013,29067.195086593798,9794.307618845676,14465.130123758136,12175.834937990328,2508.369814994461,7552.658521968369
4072.3479409171077,57044.697243601484,66761.63164205747,252500.6500000013,86037.04213003592,37796.98507987999,43706,98308,61904.99114802601,-12416.580624343296,3609.5782609710427,-8080.169838116192,1354.3869305121423,6993.22892513047,2625.543480277784,17050.52116184828,5873.405176218236,19069.769432017205,8299.92087642685,30053.452735057886,10822.078380954863,13732.751616473086,14117.203293736133,358.65823398709114,10342.580844504571
4192.331111111111,61481.41757947126,62534.15491564923,263188.9300000008,95598.15826909573,40275.87973403457,45562,101887,64780.73708121966,-13853.635988786204,4982.375780122004,-9410.73791796606,1687.5712133361635,6815.501251177779,2784.261983938464,17628.14857476474,6112.226318874414,19240.661127179672,8602.025265315104,29562.829273643103,11151.799823027812,12900.175673738351,15120.550776516284,-348.7870781053728,11040.606418341074
4240.349166666667,66495.20948515896,64600.75809733427,278683.0199999993,101643.3569632274,43561.284583568624,48517,107781,68877.62035586765,-14562.742353519332,5150.4812330771765,-9859.139183600882,1820.0234583947738,6993.99972131404,2880.9473286778757,18560.80438067237,6537.348343288763,20189.241146058146,9390.681875727765,30941.975305454253,12284.482711897044,13935.878224440397,16289.49591961493,-1599.2591434871288,12141.748614480524
4360.354722222222,68475.81330647244,65614.73231799417,286714.6499999981,104774.14511327952,45243.24145295043,50022,110744,71082.5311157736,-15384.25095416309,5328.575824981599,-10426.64166628421,1915.3028280838432,7026.002806177687,3042.648426263524,19053.256134542942,6730.434863527027,20453.590265489558,9827.910570736656,31689.108844869625,12826.891827131552,14592.792490779111,16561.59066768706,-1389.125603419912,12242.458298061081
4408.356548821548,70618.02070431873,71294.72036612399,302556.08999999793,108018.79532982438,47909.911512408056,53148,119171,75332.66279164051,-15683.40754918076,5461.90994495374,-10814.605759670821,1970.6962332951875,7356.00055085607,3109.9048241802407,20413.945231075664,6949.663695080237,21735.636830674066,10522.56850263908,33168.15017355745,13287.079650538564,16164.712189253376,16905.436382470085,-1045.7113004448101,12410.761471162152
4528.345,72050.04798683069,74563.37066590345,312221.3199999986,110268.03553042683,49590.225252285825,54958,122913,77799.68855138026,-15851.050717022707,5513.687512090021,-11164.465279951468,2020.8941269907107,7578.115943059147,3228.666685072898,20869.77753655302,7108.8226149295915,22347.12269065257,10702.297157465431,34154.99658577572,13605.530640670375,17213.063745761472,17130.35156586975,-584.1898389282034,12739.797683742154
4576.345,76190.05741316396,80582.9865409998,330581.7599999969,115291.08675283144,52294.65713659789,58388,130115,82413.02956956538,-16330.210968953088,5689.902080215067,-11656.212093979775,2101.1294498808816,7945.545556086903,3450.038348701688,22250.523479403953,7488.263908095915,23619.6728772818,11392.04181370462,35449.18819588081,14242.688370241902,19176.15920444064,18663.589585778787,128.3202908352353,13162.403856544886
4696.332777777778,80980.98989175416,83661.44788332388,342897.00999999436,120201.08119824326,53910.923108008225,60604,134090,85123.55781041917,-16658.103648524462,5880.1795037922875,-12381.203267622634,2239.268957542475,7868.55061159595,3666.2296966388026,22945.640078431075,7843.942988465972,24273.60635826647,11938.45516004416,36662.010444450105,14763.462589460134,20289.85181835777,20741.44682181672,661.0954883663196,13908.004173993359
4744.3358333333335,86741.38143953294,90222.67511846896,362313.919999994,125833.03705371598,56197.81517967779,64118,140746,90060.39264813114,-16669.024497442224,6216.437463350626,-12767.928775906568,2320.066009261448,8190.874938141143,3830.693369348678,24120.48421949947,8290.630028161793,25378.07295005276,12480.47310580504,38399.99997394876,15415.704599272436,21690.508266431894,22483.047479246023,1879.688043739743,15704.329385087036
4864.354166666667,90375.40551148824,91072.91065531159,372593.1199999941,130820.69243933437,58000.34808454999,65939,144049,92699.16882079792,-17302.949371055412,6696.4392412171965,-13595.774391510275,2458.2305148106875,8235.839823641736,3947.4443660538977,24702.53008147721,8581.173697661492,25673.398823648877,12946.96855850688,38897.27947268277,16117.525966205885,22222.666308734613,23166.883292996594,2239.9199076877403,16460.739874035804
4912.360277777778,95310.1597046228,92606.498299419,385751.0899999949,136844.9727651874,60207.453212263026,68406,148801,96092.16572312191,-17416.3495751661,6926.3597131328725,-14206.056825297777,2539.3896534878,8112.282355006277,4023.2806224817296,25026.100818926694,8777.72725855017,25803.004813875374,13520.28368234017,38903.851050499485,17341.085509201803,23067.125089888115,24660.75955697089,3316.540571683596,17521.273708457124
5032.3341666666665,98907.09783548408,93823.74468511864,394330.8299999939,140535.12907977888,61734.92199867418,70024,151648,98237.0342364194,-17485.42562123603,7101.5501425083385,-14891.036639782638,2618.7318294401603,7770.996812913108,4152.195491863499,25247.223533571076,9113.796887589479,26139.734485017394,13832.062149605657,39454.991808082756,17745.80965701906,23786.259446263015,25823.665151855177,3801.00086028674,18519.286525602278
5080.335555555555,101961.56500151,97223.56509629234,408546.1599999927,145164.07625690923,64176.74149446321,72625,157409,101981.77715232508,-17533.74638334003,7376.33348801396,-15482.429387054892,2745.7617946426444,7978.245194890054,4402.1917156285335,26139.66384117875,9513.098217202718,26873.8332104126,14148.198209218213,40354.22337114642,17980.130283527975,24588.317567214024,26572.664804111486,4305.457681841924,19223.18648916397
5200.343611111111,103725.8220990953,98720.23888131943,415812.65999999194,147545.03038784274,65522.9680119787,73956,160288,104024.422718848,-17793.75460217635,7791.982693589204,-15869.971948218728,2984.981038780578,7933.091095252976,4584.411774984904,26540.729409122367,9666.119555312649,27196.128139150747,14379.189554254302,40843.51620691428,18176.90011473633,25065.883128406953,26686.770349426646,4804.617452863774,19455.467018010284
5248.346666666666,106098.80925457318,105276.32126021541,433817.2799999927,151509.60572251133,68410.4148611813,77228,168196,108620.93815607848,-17515.024034995473,8264.7345134606,-16466.91891345499,3105.1632818544977,8095.0549597956815,4757.947219731331,27538.582978480266,9848.80131957024,28560.507107393056,14657.073462785036,42617.82602139098,18706.290017921165,26578.39160052768,27003.03519417398,5867.90154107237,19755.764245075843
5368.332222222222,109720.67389386737,107832.79910098332,444346.60999999096,155506.40639269963,69599.45564668583,79158,172282,111407.94885961538,-17658.426520259378,9057.859881143737,-17247.81778448602,3195.279314479642,7923.897237461354,4914.744561700483,27960.03164096993,10141.786726169628,29187.411088472007,15129.344555532047,43458.05455399907,19471.052927437704,27600.93135695675,27620.034032260784,6608.717527864337,20190.571895142828
5416.332777777778,112462.48658126639,118138.88073869355,465992.8999999907,159599.77196099912,71805.48296057382,82861,181391,116448.7643397134,-17382.669761899455,9384.416340725931,-17504.918192434394,3331.6044882666815,8261.042223457833,5103.423599282795,29510.942158175985,10328.628023702237,30869.593241566043,15645.295503523941,46417.63647265745,19844.784596225414,30184.289577930907,27987.007907375642,7782.965019232688,20837.326122163777
5536.3388888888885,114642.09282205401,123051.96415817653,477520.81999999133,162437.29108012185,72686.72376430647,85103,185636,119344.84099737275,-17576.33249864645,9541.612153561322,-17892.566486345193,3398.160058215456,8479.277203481022,5235.964623803286,30368.304440427426,10504.480476621122,31684.55848821585,15978.104246270972,47575.2452769616,20295.039363672677,31721.268228608173,28501.388842605214,8692.20950546704,21187.343057303377
5584.340833333334,122927.72868685077,131987.30358381395,501952.4899999906,170036.09599863325,75047.40872406501,89651,193501,124881.68169346357,-17823.109162327437,9883.827222276113,-18328.561621790614,3591.900747043873,8714.093588698852,5424.779503984979,32055.9496049905,10837.3655297686,33440.21222068551,16748.338283019406,50252.85124191773,22122.334616666976,34317.159404503655,31784.889602971707,9358.708307127661,22534.29318111801
5704.329444444445,129654.5192479976,135721.4097472826,515872.9699999904,175574.94877054318,76214.03415040395,92211,197436,128362.57733174546,-18458.537964091964,10175.744036608794,-19052.247904834778,3741.068726033299,8955.084216082443,5663.103010535931,32873.19252286758,11209.477231313598,34279.86800687493,17537.835003166867,51737.16102982864,23066.004915858026,35555.993392715165,33600.21545621358,9830.896447832321,24661.070868266426
5752.3363028642825,133578.00231621307,144534.38899339753,537383.2699999874,180819.48918701286,77937.32775152528,96270,205293,134092.0640680386,-18867.202694598764,10384.195117508634,-19419.579336974046,3832.057335966539,9558.952499357252,5813.907171300994,34330.79478005971,11669.998735801351,35663.020346256584,18008.930960822592,53949.091578796615,23506.87949856789,38221.35554541328,34719.80921557152,11097.956275076707,25642.224280673378
5872.334722222222,137100.52300433873,147430.25249309203,550062.9199999875,185147.31144441292,80237.73232631088,98701,209560,137247.6237361595,-19481.325557061853,10717.072702296531,-20399.107347428675,4016.180795192674,9824.07155623042,6227.705367465181,35117.379145166546,12075.099829279183,36226.24644126533,18916.80566805578,55180.479863180226,24209.658251408484,39414.186350331256,34992.34177370413,11548.322041395044,25945.658616937082
5920.336944444444,143066.8725076189,154844.22475839674,572500.1899999862,191412.01069038047,83008.20308182295,102859,217737,143235.7514693733,-19966.01413283403,11056.06632544229,-20984.674694863894,4146.259038635977,10454.692175949382,6517.364652734849,36409.013883861124,13018.164497998754,37785.146547975775,20335.274750837838,57640.79666645673,25230.234179402953,41627.05420366022,36047.01651257129,11878.210108175006,26716.492549994553
6040.33,145054.77554584705,160079.15798858815,585177.1699999869,194028.98367700836,84592.93879106846,105218,222246,146476.08954330973,-20246.658180505907,11197.454349104171,-21325.456559875907,4166.891078722722,10684.471481783781,6588.906692380898,37209.74489548514,13275.196235404865,38955.31675224081,20571.556546997843,59115.482794584255,25601.570144708014,43351.96564758896,36661.90715279716,12334.291157266474,26991.2933457299
6088.33,150197.03859353,171844.5534269533,612196.9699999876,199364.61424565534,87512.11423260644,110182,232149,153475.6880947598,-20726.459572849904,11679.864248376653,-21772.728860319272,4355.218890761285,11205.761313949024,6772.919150853668,39463.253509064445,14015.102071245208,40636.98116773524,21362.996676485327,62151.408648821685,26204.980075097654,47499.34084736881,38218.23661370345,13386.99637315654,27587.72086700641
6208.3325,152514.93987082862,178508.67824097132,626638.8899999891,201864.17914542448,89031.09428900185,112881,237100,157234.93832457613,-20581.248576289636,11794.526917361589,-22118.132368825976,4456.506439666751,11493.196095266929,6849.674761896538,40240.46475382625,14153.710042796856,41818.289993269806,21730.65810531086,63793.13813000566,26704.27547145857,49646.32801570118,38940.80422864318,14216.642197987698,27884.78390369455
6256.335208333334,157097.71653769657,192192.91256834948,655790.3099999852,206929.2252901316,91707.03063812385,117854,246787,164961.14150336568,-20103.078374490316,11979.069904177026,-22314.369870274124,4571.859200054316,12149.919205676757,7027.637826618251,42303.86700716194,14519.700567407695,44513.274546403874,22326.057237051005,67346.83086664682,27583.657314623037,52997.26351965,40341.50105725114,15299.205667541593,28748.23343051393
6376.330555555555,161068.08107838096,199564.42487683406,673158.9699999847,211040.21765829425,93144.75988752654,120924,251674,169409.56757731413,-20551.26069857949,12548.295995330425,-23078.308892572353,4727.366045761154,12449.398277095774,7338.098734181952,43468.937830830946,14879.436429234542,45643.49197159185,22837.100400160056,69696.08132201774,28204.40936886692,55441.14866344645,40987.18860201759,16494.936402968888,29546.1855028289
6424.332386680198,173111.86351408696,212092.06914746354,705493.6399999866,220328.4009102455,95792.18637934225,126672,260955,177280.9835629146,-21079.658700357035,13825.671571474199,-23766.839389780806,5030.116628803625,12989.008251165307,7745.849254697962,45876.53380853565,15441.240718845482,48105.84006076886,23845.4270920763,73089.9300870555,29764.927561284883,58626.24146596523,43641.24748121115,18251.013564075693,33817.383205692924
6544.3405555555555,180987.51527197775,216431.9343251566,722903.4099999845,226925.74131972037,97931.97707390515,129789,265317,181613.7572811837,-22287.69174547981,14673.304009957072,-25039.09488023858,5549.457969273002,13244.061782559995,8441.451067583115,47005.40530733608,15860.014912275508,49006.4514408073,24816.125801282044,75022.1822017173,30497.67901055323,60239.21793725494,45210.956540429564,19241.402281163202,35938.525960623665
6592.341944444444,190195.0421706159,229784.51933406355,755849.7499999846,235153.54127331567,100869.94266476574,135651,274852,190041.74672781632,-23247.46919854632,15164.917112536645,-25978.23438713368,5773.956207646644,14151.566059980609,8766.34765954996,49705.82927155696,16930.525964630913,51627.17803128938,26585.70758201816,78641.06006809253,32077.966352784777,64147.17609759221,47388.25961516751,20737.413391195318,37507.36167627943
6711.330555555555,195218.48632495705,236523.22908765788,773556.3499999833,239693.59481223227,102927.58041516955,138784,280034,194411.94568489975,-24006.176527801712,15443.729499123388,-26602.240174841383,5990.583059432734,14550.363294313758,9024.224034220908,51172.41665063067,17172.98376464657,53021.449706228304,27636.628261703976,80699.17653790471,33051.740432853294,66139.88278431304,48876.43492080727,21548.35681687253,38022.162352167994
6759.331666666667,205177.20374479293,310078.28459315107,880289.6999999837,249853.20093400677,110285.06124794438,150989,307753,210073.15322486084,-21195.198465822028,16558.84225088487,-27937.52102878411,7148.442672123851,20748.795081731627,9905.66713776601,62732.02179140027,18532.244633804425,61412.893248093314,29728.982610975716,102681.47467630742,34023.424649153414,80755.50409463476,50305.23403206791,30880.31519552955,38974.36575801661
6879.3325,211518.06318715794,344752.4450089567,933845.2099999855,255893.683284567,114676.49281319237,157690,322161,218522.58889324678,-17351.92458334557,17368.61055936718,-28851.50677296281,7927.075222975533,22262.890530995777,10556.319598172397,67926.3553576408,20585.68141541241,66589.69032352901,30613.332234088706,112868.16589717164,34523.2398576428,86072.53497664945,50601.759206431234,35236.23927920567,39342.04509306623
6927.339722222222,221418.27043910584,360552.8718885098,970866.5699999881,264787.3038047604,118556.1576930376,163338,331400,226970.23661365532,-18481.455000318107,18091.274014861643,-29381.76812211808,8266.807203250579,23664.64586585328,11256.812169579107,70938.38262014736,22099.097361251086,70535.77774147982,32607.495343967825,118613.2315079741,36392.94033814979,88496.99614659204,52406.19381533047,36167.06112882001,40297.65019271386
7047.3533333333335,229503.5624820427,370474.28649717197,995999.4399999873,271719.4520297293,120887.79838237501,167054,336843,232917.9030906865,-19264.22183271079,18455.854699897744,-29868.413691198028,8724.943867988792,24928.51187591228,11682.43428966302,71902.3686367848,22953.887216649007,71696.30342352045,34450.1469247278,122817.68417398767,38361.73081665985,91229.76862680602,53909.43714417166,37032.2852839848,40965.12752228359
7095.354810199789,243212.85222742168,382662.79911019857,1033231.7599999865,282890.11324869277,125049.00733002348,173408,346322,242629.84031104436,-20506.269157912353,19144.680917523383,-30328.16994716506,9359.9689905788,26107.601509504286,12177.228058607992,74843.20527914328,24451.73018424318,74268.2390281106,36624.411256980835,127161.04369808832,41213.93566241755,93181.12131109694,57312.221580150486,37936.027389245166,42928.67557691887
7215.3375,255649.6727599019,388209.4158557628,1055868.449999987,291176.7223743425,128351.00853010955,177330,351571,248131.30323974413,-21655.075321326403,19793.46208468238,-31202.998637780893,9795.237345555166,27026.787079734917,12926.020956333401,76177.72451012452,25070.406352832975,75921.74350881761,37943.67092056173,129071.34183263266,43080.47145945568,94601.75391404478,60862.97901008141,38268.13896942518,46177.42463039843
7263.3388888888885,269431.24100257567,403160.7008552296,1094509.689999981,301453.47762223775,132204.56192805403,184000,361571,257690.94959443773,-22571.414392423445,20390.919759466207,-31372.18121145106,10257.714361875982,29502.573651486717,13500.061749876568,78592.68969636234,26500.772772676293,78830.3908797039,39768.08365142623,133681.0066726295,46184.67591522033,96895.65825317056,65161.12297916561,39601.97730565464,47667.88981286948
7383.336111111111,275636.6699644546,411078.9742694553,1115029.7299999774,305862.14888292935,135033.39094768814,187507,367307,263055.21589988505,-23434.414437010615,21352.484485685025,-31790.27801003989,10508.450535237804,30476.604012932028,13835.124258444212,80286.69704620661,27152.840004633417,80310.56701296562,41550.64274324005,136732.4971086843,47337.02617391097,98350.09752889589,65951.67044227452,40147.20400672043,47948.4313210289
7431.336388888889,280954.91986440634,425154.624891215,1145810.109999989,311038.5398568384,138860.70848376496,192982,377676,270756.2367681382,-23575.9814537841,21598.561374364388,-31918.981042058644,10623.008727858958,32599.952364812896,14122.708650225284,83908.02229425542,28020.698231621947,83038.3213032052,42606.66728517106,140793.4153024504,48447.62166803012,99432.45542844394,67195.10339791502,40877.42069377945,48340.550529219654
2007.375,363.6303785813259,-4193.467684333126,6061.499999999995,7793.1738836236045,1304.6120667967018,967,10551,1157.1817339127977,-1244.0653743089556,19.42829611954096,-835.7283592104809,3.8385181964566186,-617.7640856405449,2.4126388888888926,-116.14172580133133,15.272462468982582,-442.22319416353054,35.43037569915023,122.52806238472698,61.10139669986671,-251.30603155002584,136.08756632964747,-808.7669760429817,90.05912417879242
2055.3794601905684,854.8782777477576,725.7125690727631,3659.38,1641.8709722770107,616.8254816770676,539,1731,674.9709769731584,-122.51468086155053,3.3781793048960935,-60.33558227194979,4.695262638229053,-1.8183016506692335,0.0,243.6953233077114,65.80898970474004,268.07822631959147,121.77992074864198,299.31887142895243,305.2087429273327,91.01096201369984,252.8107593587224,8.277750786976485,101.19642306519523
2175.339722222222,1034.765577648664,1070.0478756898272,5552.9199999999955,2447.9742695253203,984.2450486232957,806,2786,1050.6528061615563,-250.95680635948221,3.3781793048960935,-135.01081760679142,4.695262638229053,1.4565324579627195,3.691466088740526,309.3303126166019,82.64631526840583,473.74488068096514,156.97867834551334,493.1395243705283,337.0355225021638,186.65937685800964,274.89359549482504,-8.315127327969575,171.44655800589027
2223.3416666666667,1687.134896319712,3061.493175960418,11651.529999999999,4387.916231615612,2339.6966360991546,1549,6027,1862.4239563248336,-682.2042732810716,77.12823218362837,-493.72522750192377,9.140662789350756,99.92526146932138,14.286639428758008,1089.495651559875,212.88286516710912,1195.509495371637,365.87738519073105,871.0243775266626,431.9951614802796,395.391407652437,329.1868246611466,586.0764831634611,246.63712541870876
2343.3925,1846.684988612607,3556.379832900073,13781.649999999994,5295.73576932849,2637.7107370933113,1853,7184,2291.823660678121,-828.1872485929204,79.8557146501181,-637.7659483973356,11.48287922453818,115.39650060033864,26.013575586275692,1155.892207278001,226.74375806194791,1294.5900381881927,371.0304154237665,1240.1318929272363,486.03073373240005,500.9089274940763,372.0395324829216,715.4134634024598,273.4883794506389
2391.3977777777777,2898.385079058843,5388.195429632944,19933.130000000005,7537.333331138092,3614.8384398251956,2740,9736,3392.762799403755,-1065.8614050400324,166.2549230404088,-754.8969003851252,65.17544541533795,402.53736366768874,40.43708309794397,1363.5903947991644,306.36018383753833,1748.7988139270658,482.77961524155387,2029.6237574000977,664.6054370789599,795.0812478730238,758.6512167132089,869.3221573910732,414.1211746338881
2511.3441666666668,3684.3830326396546,7187.489052914138,24521.05000000003,8781.18663648899,4396.011405888927,3342,11368,4156.362904707888,-1198.9623137792964,277.89910463777744,-881.6148319026131,83.76929913830742,502.7249810934206,44.442945484591974,1514.442951420613,379.5069112720397,2172.596450230458,635.3777710563163,2796.587490218888,765.4736230750734,1201.6794761449423,965.3590673588117,1080.0348494877207,532.5543106167348
2559.364722222222,4710.901706496383,9016.18996081464,31534.320000000098,11093.059664741233,5455.360149906098,4697,14985,5969.710224538056,-1473.1519792135277,400.4105163238844,-1064.4501417678937,127.83603894142567,695.2103872463417,58.85646472217411,1780.5196976954262,484.6770591270898,2625.9661941522663,742.7070919462117,3659.509071639078,1001.276845528406,1616.4581805072464,1124.8693083129297,1176.1285505556907,770.2683815942593
2679.3352777777777,5867.329040692666,10381.924951800656,36900.450000000106,13240.668924009595,6076.653217920471,5741,17312,7201.202906269269,-1915.3056135043882,436.23104108206053,-1363.423441128586,192.60173505337463,911.8923349446852,169.12319528796775,1977.3709974036747,633.224356234022,3194.104671284671,946.6855357612561,4252.8295968648745,1204.5453593153588,2091.3452299805213,1289.7485041063856,1233.11117595521,995.1693138522411
2727.349711039542,8868.523564177267,12119.660958739618,46759.430000000306,17142.968878871303,7762.187199789186,7586,21517,9734.612962599946,-2490.2120105078084,671.4630865957877,-1665.553634835314,263.02522711687635,1151.0110600960434,230.96679632440453,2398.99828279691,747.4836592520611,3914.1698719144642,1142.6376806857288,5156.573795385362,2042.1902583461076,2463.1201954747794,2261.9970107170943,1191.5533984151666,1508.7598451392118
2847.33,10823.665356013445,13651.476623532833,53523.24000000045,19705.83427272904,8698.273822531733,8803,24085,11467.655281206295,-3002.4246636750654,805.8315200030103,-1947.1329481067387,361.26714458203475,1213.5843562173693,310.9800137021407,2671.7756333239745,886.3894314779216,4614.43231239598,1448.3768723949881,5972.153480384521,2407.50880087913,2947.6005679232585,2779.9593555451984,1181.487885069553,1823.3522174290433
2895.3322222222223,14274.173177358593,17190.44317703945,66057.36000000045,24077.85984470875,10400.925745425287,10996,29461,14388.131232826188,-3538.9248751756386,900.7928800571875,-2121.9984281339966,421.62938821202994,1492.9134651988047,330.7271863292452,3619.2224861186596,1176.7241399252007,5732.72457305462,1935.6843867972398,7108.787971476646,3372.2330773401072,3575.8195299656218,3859.398141190462,1321.8984545348512,2276.983977507147
3015.33,15605.282904667298,18876.807895380392,72380.59000000049,26136.467782174666,11202.847583133,12209,32325,16164.466739311601,-4170.530314853494,999.1581663259328,-2302.3111621350968,482.40978960622823,1659.4778690608175,335.7399549013468,3947.256969406985,1242.9141972503419,6108.258249448745,2135.1952038374325,7983.576501025458,3705.8605227015887,4484.756638599234,4321.518197693171,1166.323144827841,2382.486872351291
3063.332629735753,18970.024952795033,25286.316073824917,89067.84000000045,30679.343892654655,13101.503059948998,14801,39242,20000.676973571117,-4619.002810507193,1037.319493453318,-2397.2022187084112,532.9821057959446,2500.3711837103,367.70955384490503,5757.129765794203,1776.1175419281735,7284.5281740915925,2873.9746432137767,10054.605046991563,4671.613882775266,5173.921917709776,5101.4495889833,1531.9650147430507,2608.858142800341
3183.3580555555554,20561.438987735397,27658.970367102353,96535.07000000034,32640.900784958096,14351.847125359887,16102,41969,21883.35172257939,-4800.33396907643,1095.2158284670763,-2467.875697518447,533.854858557415,2803.056871026703,418.84490542111655,6224.539286755781,2084.913449189388,7842.203286583281,3316.658661300252,10951.284437665496,4985.213805152115,5624.73689495146,5392.877694707165,1481.3592567144565,2733.859784940908
3231.3760978750684,23655.49413028539,32154.709530633154,110753.09000000024,36463.25545315047,16507.549440393515,18773,47510,25627.57557582238,-5308.260191446127,1356.165574153566,-2663.65751395202,638.0509208564546,3443.0756718626862,527.7793427565251,7042.604568088314,2432.731735165009,8863.374202097259,4106.864438404646,12359.860250260223,5643.742323585477,6631.8967908602335,5927.940771650878,1785.8157528625143,3022.219023712967
3351.3633333333332,26517.703352015487,35286.37265206324,120559.98000000042,39438.6053219905,17833.776375906742,20587,50879,28001.225650038697,-5777.023275009508,1405.1949624733297,-2853.2669621845125,692.7769539386413,3902.4338520326696,731.2354419262489,7333.216358072207,3111.233309629907,9672.619739187596,5053.591323867222,13292.56996260221,6078.69574377336,7575.205246291332,6224.022477649114,2140.617731071127,3220.9531387578445
3399.38,30611.58607916636,41387.00010414469,137427.4300000011,43720.97039553429,20009.567128801624,23638,57032,32309.892371518647,-6252.928464034242,1694.4928650543343,-3008.630147337369,778.3479275924627,4685.460858076868,853.1469949260725,9258.182524236374,3930.0590786043563,10938.077896199633,6189.9997762905,15083.48893699217,6806.333626089985,8430.588017054886,6771.212870233941,2252.7604829560028,3587.992940374878
3519.3344444444447,33854.23324206849,43127.07925574868,145095.12000000055,46626.176969832035,20963.540816946548,25123,59719,34378.32295747195,-6477.783992756756,1835.4269984640741,-3113.417471902342,841.8169137561882,4959.713391156115,893.3165558020655,9644.117277158792,4132.948083431456,11288.705830406285,6686.464415759449,16081.965296892864,7326.593810248634,8613.086939472427,7988.066436670778,2130.6919853207787,4149.600027935941
3567.341819772528,40367.889594737884,46954.263770220205,162380.79000000062,52526.05665450008,24233.49564024043,28393,66616,38666.97393503787,-7143.711561422982,2794.7464875537353,-3713.437516166071,991.044842786568,5633.627249928127,1039.9684148818787,10978.019802078179,4413.80803722398,12029.807029177893,6963.792847759682,17775.88066311548,7916.28061303648,9539.323066016099,9710.451797277323,1854.7550374930115,6537.796554218317
3688.3358333333335,41593.585120471296,50054.60740803273,170156.92000000083,54347.546066749645,25054.78877963559,29802,69664,40699.97774558075,-7353.00820170366,2818.207238831641,-3815.054198788938,1071.856684116537,6023.518698868311,1100.6243285370822,11355.22800197686,4645.623297239222,12627.047548434919,7208.9538820619255,19032.553778394384,8220.055071946186,10162.14576602029,9862.562410701677,2022.1760148298786,6665.7022070370795
3736.337777777778,45244.31135312433,57740.15398317146,188272.8500000011,58099.88296213686,27391.254274499304,32803,77710,45041.5587801908,-7461.03903866279,2941.1712776875856,-4005.6480098292045,1085.8286905044547,6894.655607831822,1406.6563348471977,12261.531131122392,5721.635576090071,14010.350318570987,7978.324860807546,21501.89917698089,8877.950902708913,11741.0425433768,10259.514144087758,2797.362253779773,6973.22956639061
3856.3527777777776,48070.89444871872,63428.64515152322,199634.66000000134,60263.20991411448,28498.769628178554,34496,81626,47444.035306181926,-6959.599965407376,2967.1493712526,-4074.306512082511,1085.8286905044547,7441.8121481045255,1663.2782554192943,13082.96258962283,6543.984513767819,14598.417177714431,8519.272989919911,23020.524893312282,9362.410375555746,13304.615890381669,10742.646872952719,3014.218929876368,7186.323379346013
3904.361388888889,53414.88754318506,71704.35528246024,220534.39000000188,65728.6814931901,30824.945318173333,37993,88072,52276.40790617405,-7305.1352143052245,3100.79918296124,-4310.798831615592,1141.4862797901692,8279.978003754932,1781.2709127610494,14855.934745657514,7108.338766733504,16257.587831061162,9388.942241904666,25764.161292356297,10853.957413205228,15006.775238861019,12128.605098803535,3155.852216689295,7911.487647025536
4024.343888888889,58798.61127524522,73090.56597863774,231300.62000000186,70469.5266456539,32758.73563250909,39896,91095,54981.79174319678,-7396.822561328788,3365.8180206705088,-4705.050973236225,1215.0247921963378,8270.127594847203,1897.3973355519006,15300.051518040951,7470.570117987362,16807.080151657992,9902.665839090812,26729.67069285302,11898.957138528527,15439.716101135034,13545.084076053347,2645.793454667588,9503.093955166498
4072.3479409171077,67425.28457711631,71312.364863024,252658.79000000263,85446.40162934174,35595.29671662267,43628,98308,60304.72679100894,-8578.119991917456,4532.060238915903,-5841.604825838827,1506.7765803475068,8026.603008376236,2185.4029633690434,16735.405330478698,7928.44098149609,17824.19282087643,10398.886309946378,27761.4484961309,12562.29364208843,14571.450749625166,15823.95051391757,812.9892752902214,12487.473347035317
4192.331111111111,72520.9346603239,67066.67335565921,263285.4600000018,95504.1627039492,37672.16541626069,45493,101887,63042.45852412826,-9792.813090299413,5862.220447518116,-7006.956931785773,1802.5446803290797,7828.286977667368,2287.333353734543,16990.523612002613,8254.89244866988,17683.821244243416,10742.783547814503,27158.405505705217,12877.676518441513,13539.00158417243,17050.015784417763,666.4044539503437,13643.467879398631
4240.339985428051,77530.43545120498,70612.71591460171,278290.2400000009,100552.89033675345,40263.90302412428,48353,107781,66860.73072451733,-10190.195874070818,5959.591989556233,-7286.301893821577,1903.476372637626,7968.11603803493,2321.339134928321,17910.719559426347,8613.243370517896,18829.245596508877,11768.823756176693,28781.656572661806,14169.395719602308,14450.954489999396,18466.733469523162,148.52142585976569,14327.831638262702
4360.354722222222,79772.04984163577,71769.47514248468,285745.84999999974,102852.15798914223,42393.34456004802,49775,110744,68730.87230832211,-10482.877837390375,6076.031797528987,-7664.298065657898,1993.486525057154,7992.016080323534,2383.673935656815,18274.88160409615,8871.589186458998,19089.651800632382,12281.261834778168,29663.004342975946,14830.545562767667,14729.046963779589,18769.77851135249,168.05025372187072,14565.682488035498
4408.36,82481.5034336164,77869.9221782021,302565.4699999999,106236.67873026845,45503.409868183226,53047,119171,72955.45922334287,-10661.52217841022,6148.143517839589,-7917.902352070498,2045.1289147146706,8470.70653031006,2472.7428172172185,19785.988709422887,9316.196015741236,20266.183058284503,13060.51158783754,31509.077009079345,15594.48545279058,16088.858016584038,19104.98221482498,328.5333849971594,14739.312912650761
4528.345,84157.50340941406,81545.88681224751,311620.45000000036,108192.46979375096,46757.87051860103,54726,122913,75124.22287539738,-10645.197983127739,6213.763257272192,-8052.822423636731,2080.214418414371,8850.093475452139,2547.746189393179,20339.93006587684,9473.992622139082,20930.895405556854,13293.007512454367,32472.615821256186,16110.610072970801,17037.23885873994,19460.438104188812,613.1335921249866,14977.73123258138
4576.345,87432.0736947268,87696.94457276404,328889.70999999833,112347.58919457496,49388.24107923228,57927,130115,79456.93515342432,-10734.926720678464,6455.312873682832,-8390.798715600533,2217.903971164633,9049.40573230947,2714.0823621610384,21634.892609964132,9750.412062772471,22300.90974015778,14009.177201892026,33533.15977664721,16737.6631532462,18997.558897918098,20038.658095433995,1306.7432520413315,15508.863974373695
4696.332777777778,90145.77681057583,91115.14220883122,340037.6099999964,115660.343578186,50862.21147726583,59966,134090,82399.91273571244,-10933.760750839467,6885.607185692421,-9121.548828487998,2587.7296825179455,9104.41624484468,3062.156365455029,22243.0948098341,10081.079537651618,23034.852606318265,14428.789116587006,34609.00839086594,16947.450258803732,20340.446993202833,20484.93634019078,1838.6327430867757,15668.028323676996
4744.334817268484,96090.567642571,97386.41508768777,359275.64999999676,121304.50153540395,53162.62111061862,63412,140746,87422.11226628508,-10830.50297922614,7505.215392215048,-9433.407578179893,2819.976416020827,9389.633989581605,3258.9158535885776,23429.34048238131,10494.008268291042,24288.488067023438,15311.021288324537,36284.18597335,17896.368000124872,21972.261789206554,21690.04698971986,2286.4153435432695,17115.015434285775
4864.354166666667,100809.55658183711,98247.91852187892,370012.089999997,126607.68188192043,55070.36219450673,65319,144049,90086.12740168972,-11206.757725991522,8341.678437389128,-10147.896576117444,2920.0902189895824,9285.16389575271,3326.2124502109873,24023.180199548846,10700.425486297736,24652.304303388093,15979.891334686894,36710.497894093976,18630.372804629555,22521.24058509614,22633.89181079981,2410.185946099945,18276.994038833123
4912.356104769837,108189.21250335561,99523.05823597079,383873.1899999969,133516.1351046805,57134.92309448664,67882,148801,93699.07356485848,-11586.840827205277,8954.168971448915,-10627.360431847515,3153.2472983564003,9318.513063002865,3430.34335118735,24268.953823543005,11063.224884501371,24880.29794611366,16703.554215695505,37027.47874382791,19636.794957481565,23410.895026185386,24596.2125858477,2831.1208923424356,20651.666238836115
5032.3341666666665,111543.28739449741,100289.84346291579,391895.80999999586,136860.53043150957,58860.14944606596,69376,151648,95885.2866595052,-12037.312989310874,9400.05568485855,-11214.942993992676,3342.371619088654,9152.557304185642,3475.9902070816142,24536.432937396658,11155.403948239422,25168.10200982135,16935.380595376515,37489.076001543806,19994.32757816415,24229.16279297488,25546.087090272682,2966.7684002886886,21693.67067141527
5080.335555555555,115144.69321542449,102699.72107599185,405286.5199999951,141382.65679663033,61627.99952740704,71778,157409,99576.14259996686,-12451.931708061322,9716.922143297823,-11672.7380938303,3637.524469681033,9163.089631195018,3590.959212215714,25141.940281151037,11259.166817994588,25904.039545966592,17301.84964488943,38581.985943618856,20483.18135178471,24768.346760225388,26803.006833495503,3264.9887157174553,22352.08274206573
5200.343611111111,116616.67323657605,103063.87722962964,411916.44999999437,143702.6325234312,63711.15049176795,72962,160288,101438.78975516681,-13007.870206663525,9815.940551141186,-12107.851639591041,3819.1524881351725,9165.73759393871,3694.2476735307673,25397.326781825144,11317.740065019134,26292.043304896637,17525.14590216806,39125.173695605925,20715.9997326531,25054.340362002007,27104.642516430828,3144.9773376068424,22623.804307497976
5248.346666666666,119911.49676074946,107312.16971647044,428734.7399999952,147704.26574847134,67771.6295405545,75981,168196,105946.67499449792,-13292.38801354374,10409.86183204707,-12868.596625437389,4141.462545925437,9452.75102206031,3950.4149166011784,26632.49710354072,11561.834772220147,27521.05422651751,17797.567136456913,40958.137982533044,21546.321728900602,25473.99539141173,27539.271618189563,3434.718629377816,22964.762210408742
5368.332222222222,122671.540424079,109650.60946506402,439047.59999999416,150830.28243753407,69889.31353907933,77830,172282,108677.39455831428,-13957.092602471224,10689.160641644616,-13345.13771764964,4230.994772882411,9377.719063702356,4053.4187430975326,27037.93465920158,11894.55879846068,28219.605832040732,18217.95623175637,42404.88388951203,22313.058213198474,25929.30019078669,28104.96403938207,3983.3961499315114,23167.428983656966
5416.332777777778,125209.46987307386,118945.67628514,460010.9499999933,154473.15125746367,72771.01531994781,81445,181391,113821.1071374373,-13764.327093122103,10996.319905947314,-13633.189865281034,4340.3105187931515,9851.211963155225,4132.509456182565,28743.164051494332,12064.422566077272,30138.380170054967,18586.72546015969,45008.900201209115,22622.62826221755,28071.207468668585,28552.99634467715,4530.329388948858,23913.557359019724
5536.3388888888885,127375.60718897163,123634.09923276173,471920.1899999935,157033.35661618738,74344.11025355197,83706,185636,116908.62389748548,-14054.90168124397,11134.330026578446,-13891.188260407365,4454.129065703321,10070.335890729966,4229.6250932774665,29777.36914733153,12363.948550700168,31067.936878168344,19029.155903248102,46372.98210613105,22890.372197794157,29205.844141163878,28965.038215055978,5085.72101087584,24309.00813661489
5584.340833333334,134899.67633845817,132167.86260674713,495962.80999999226,164178.670659995,76940.10559329159,88259,193501,122676.17113995148,-14338.135385531123,11936.357920283794,-14352.891122356268,4894.247931077125,10628.79989846393,4488.91304151696,31586.26511706903,12702.952827044204,32660.580087199494,20193.99054549336,48617.53760415984,25045.97546393962,31242.746500398414,30487.754736104907,6122.9599073293575,25149.483872998993
5704.329444444445,141956.71665591933,135693.07866392712,510392.969999992,169029.64359238528,79099.44789228286,90894,197436,126570.79985138848,-15108.14119520106,12547.35822099754,-15001.443998434224,5060.978373572459,10904.101937786854,4617.57062105499,32339.446411497873,13110.463844760232,33548.23833008507,21016.308812598352,50086.49335765996,26267.095625936225,32381.759609842546,32552.965618837665,6542.624210674863,26783.97553816364
5752.336702028219,147972.84462406853,144349.655589901,533848.1099999889,175386.78264010354,81537.0803655801,95275,205293,132574.59140439794,-15742.573475641175,13081.478899847718,-15699.774710725665,5268.865593636772,11664.145761572683,4910.965147311965,33917.18730556683,13690.926591914727,35141.85136248443,21552.826925550275,52387.96534948533,26813.256947326932,34803.41309801719,34069.59455482205,7877.4408991237615,28584.929963659553
5872.334722222222,151538.4812033794,148275.73184037715,546455.0199999888,179181.6352862515,83389.49098655925,97701,209560,135608.1618867949,-16511.023200479263,13494.215949512354,-16756.60551952338,5461.768653806478,12146.06656302321,5283.647255072965,34704.394663656785,14301.665950361265,36013.30706590624,22278.239886556516,53819.05370527859,27371.69009275034,36183.25762031358,34299.5923007842,8677.280942181671,29047.661114536397
5920.336944444444,155688.5150716549,156955.9976398155,567055.4999999867,183379.9418961581,85477.95697573759,101552,217737,141241.60348827316,-16703.86958929624,13718.167130952677,-17097.160445799138,5542.789081245791,12732.528868695284,5493.467626608044,36349.15388018885,15184.666776878668,37494.712779427646,23187.884654237103,56223.119930821544,27867.861705395735,38588.62333764983,35165.61061369006,9368.88887810449,29528.067482647013
6040.33,157763.17899001413,162510.14304385718,579796.4199999879,185989.67428754916,86652.09846283722,103905,222246,144644.50420574026,-17056.29151026076,13871.390540185324,-17495.95625591934,5552.789081245791,13003.365862986504,5556.367590041809,37291.9417346982,15409.215026124926,38533.7699679851,23585.817252081826,57742.06230952282,28371.75181851355,40233.93272323697,35660.658873506465,10257.31821158218,29755.18880831486
6088.33,163872.72866126354,174871.2995157249,606963.029999989,191476.82587671417,89047.54790955677,108903,232149,151567.35669798724,-17526.152498712167,14273.744042572327,-17908.449969413312,5617.700548933142,13524.153161537412,5655.601579748456,39562.96566246205,16009.503944111982,40206.90602556794,24760.351741461,60862.7321159157,29516.3179945964,44060.87499607785,37432.584140068415,12088.270022259416,30606.92466977344
6208.3325,166201.107401512,180920.20035320037,621005.1099999895,193983.158010457,90874.62403133433,111532,237100,155227.12760499053,-17871.68922585364,14550.74737422442,-18454.568107653577,5753.9510969109815,13882.340009931377,5761.600965951981,40444.80690677945,16073.006440333616,41344.76628007556,25089.518311578344,62621.27182471154,29976.806493647375,46014.08769148271,38130.655835878395,12939.184973696021,30864.820882989196
6256.339441590199,173674.41316463344,194575.82991849384,651388.7899999873,200130.5535633855,93739.98067651723,116735,246787,162942.42584158428,-17545.818341834336,15136.310136889415,-18889.281334710628,5978.749560376864,14898.431569931005,5978.254440254827,42399.69962199911,16246.347429160982,43642.71671523259,25870.73162825185,66505.32234591864,31413.311517946946,49335.44074906212,40611.44328956799,14229.318592860507,32439.265162186453
6376.330555555555,177600.49368599034,202598.43094804857,668752.6099999879,203552.5747799014,95292.16628184298,119792,251674,167309.4379901872,-17789.05856885265,15966.547494458087,-19411.220435601677,6183.5331088341845,15496.984033866502,6144.818773818689,43234.36177852671,16486.40719144301,44894.2279507977,26378.798705224235,68888.1591205916,32111.2989174544,51815.0896432771,41276.80999813306,15469.887425406157,33052.27949662614
6424.332386680198,188083.73733490825,214895.5711104667,701036.139999989,212321.1771707854,98270.74058834217,125525,260955,175548.65113038564,-18551.19064646608,17045.918690111917,-20385.503166664654,6576.519905662877,16571.80038558968,6511.48680839857,45539.70233600228,17209.66785622979,47284.06037005254,27639.42651402278,72347.95226673086,33382.04298483085,55052.02045222276,43364.06885990444,17036.72911295909,36354.60571574919
6544.3405555555555,196864.58205109934,219617.17077282025,718606.0299999873,218562.61055867336,100477.33085727818,128670,265317,179948.91781120852,-19303.3401954515,17918.421468736055,-21303.339894345074,7088.7408323848285,16871.156461101284,6990.2480000621235,46582.19245046029,17728.07210772366,48092.688050799436,28592.447226865963,74141.29405006903,34818.87266212517,56577.48601331166,45492.3971380104,17959.03383683344,38235.38261519364
6592.341944444444,207839.41450967704,232694.73482094737,752264.7299999883,227429.62883837995,103340.02988075656,134603,274852,188800.33645989394,-20293.385950890028,18447.92381661235,-22174.378940579012,7314.152474065477,17908.961548182317,7327.679945638685,49083.95242815992,18682.814919697907,50842.5192895968,29945.164136886917,77750.41703422874,36545.07085646085,60157.03356289251,48534.01936452379,19419.61584931573,41042.588995794096
6711.330555555555,212294.97586765332,240037.4677033083,769747.1199999899,231232.41180046505,105427.79835093275,137709,280034,193049.44214527114,-21204.259858751015,18803.762711122763,-22797.820821591064,7506.970744679063,18445.219437998356,7482.691971427143,50555.679083951945,19164.967389454276,52207.42308070424,30579.008760039782,79730.6717530107,37116.22777643209,62229.28994370163,49727.39291517588,20871.2650842418,41913.95359932541
6759.331666666667,224294.7244434645,314467.36557791574,877130.1599999862,241284.2491062223,112547.01255559393,149873,307753,208831.53276024866,-18529.38263550229,20932.46514036905,-24770.982604026834,8820.364638328645,26174.206117237376,8604.872943920875,61765.40963360102,22537.7291419221,60489.00311028124,31701.31548497738,99982.00805381253,37773.303279927626,75562.48243775712,50730.03258442898,33794.62146469145,43194.64122959339
6879.3325,234581.51162863857,350466.27436386,932933.9999999888,248008.4242012545,116597.7614544813,156810,322161,217861.53998039087,-13942.26238938963,22135.50543350939,-25357.251096390595,9373.168932193243,27785.842868385174,9255.238370529436,66970.26097100148,25333.6572197025,65504.44746381538,34177.255491214564,110212.57808670368,38897.10505893565,80750.37938018229,51532.44645739783,38542.27907947225,43877.134665159356
6927.333489974937,244627.76817493234,366511.4964806292,968298.9599999901,255795.49574379253,119584.81157403308,162274,331400,226407.1562015375,-14593.427141518934,22726.159299598396,-25704.531769912326,9699.64940888693,29463.06632582402,9603.366132642286,70035.14407594776,26728.30271980866,69174.8918135347,35813.58779853161,115462.54790343823,40774.162065418,82819.00095442438,54164.50132308748,39854.804318802504,45118.039426963325
7047.3533333333335,255591.6717352565,376313.1898138982,994350.4499999902,263495.4250664831,121809.82306402741,166160,336843,232732.0120555849,-15218.97171690115,23150.935759705495,-25898.471130426882,10049.843314867609,30727.237561326474,9852.55740886253,71056.90325221326,27800.264167309782,70062.57748711876,38124.32082288988,119646.22900348676,43237.79843526828,85272.16844602718,56723.80056974112,40665.51691096259,46652.15125661627
7095.354810199789,270523.99142576143,389962.3161278268,1032546.4899999867,274585.8331023721,125367.97611499354,172651,346322,242630.36465480278,-16091.121344018167,23967.18202704013,-26553.593721017696,10685.356185840548,32372.49430550092,10437.416864536324,73974.17553049025,29468.073228674642,72580.37702504608,40742.14590484163,124179.73392205068,46405.55750070115,87527.58244048702,60070.77912412094,41972.66796918974,48747.48059001158
7215.3375,280262.9374259465,395799.299814226,1054337.7899999868,281329.72729179566,128835.96376008709,176428,351571,248372.79913388495,-17658.810342532575,24486.26953660113,-27162.92021574766,11098.308533207208,33627.33895941877,10858.584125841335,75402.91941629243,30680.911840551867,73914.16928259062,42271.05498605204,126170.99420295446,48254.27456419113,89044.77745395504,62463.26260071795,42460.8310571921,50150.27123878867
7263.3388888888885,293112.67552736634,409896.5492044856,1091262.0899999775,290419.04037599673,133220.1672869919,182794,361571,257726.33313251715,-18632.557937885547,25222.284531718535,-27471.065627791824,11521.258665041678,36037.00153019353,11387.97107591528,77531.47778598781,32189.088303313347,76179.97564607243,44318.023649590585,130846.64100460397,51096.28707383,91717.63966987094,65428.14790970831,43687.437133326806,51949.614318252236
7383.336111111111,300560.9721031453,416911.398120284,1112363.8999999734,296202.2413422157,136301.73805506364,186419,367307,262948.5224824273,-19416.077705754873,26437.613179365057,-28414.564523295987,11864.119023357705,36699.14455561707,11672.421809234591,79147.74362120914,33418.74819877706,77556.6615745124,45984.80774980244,133719.33293118264,52675.12606740252,93239.37660572611,66236.16696884956,44379.78106097639,52271.96910635946
7431.336388888889,306914.5588095121,431944.9679600167,1144466.0899999822,301658.70219290495,139738.56021060687,192090,377676,271123.8596364634,-19587.730329153193,26717.971800528925,-28711.824049872135,12268.115470059076,39087.605041676776,12237.010880833948,82626.34246346614,34753.56410626726,80076.70422137112,46964.59313230994,137524.93744236047,53656.163688130895,95551.37894728582,67478.63591835207,45377.554222759456,52838.503813030955
2007.375,1085.459690688088,-3316.861428889618,9249.120000000006,9034.880806886022,1923.0970710469169,1375,10551,1608.003550956642,-1335.9519952873295,62.195451357732736,-975.7738164891647,27.862980795341684,-485.42386344148997,40.17316130018435,79.3685024489078,58.274362311230334,-81.44310793398301,175.6467572136857,403.56844205820056,263.569927453316,-149.4520902710069,198.87060186225597,-771.7534999737207,258.86644839434206
2031.3766666666668,480.6523356989478,358.3995514276651,1855.5999999999992,977.1564799267824,162.78989376178274,283,889,357.25407488376896,-37.38275586445026,0.0,-40.158774531646756,0.0,2.233419432593626,0.0,191.5229710345377,17.940121998055588,180.34425653081277,20.002456330075802,74.35685625601553,97.20659059611404,16.950757214470944,239.72381028896348,-29.467178644668127,105.7793564857389
2055.387777777778,769.476456559972,255.34854596657954,3564.6900000000037,2178.8735418827637,417.8165262512657,542,1731,712.6513858993861,-363.44651720866085,30.390694444444364,-215.49737888633067,29.524231843575137,-34.37550909813943,0.0,286.5363811533911,68.86891257313192,265.52169753582496,68.68309104752603,251.12695909372027,144.25500946168296,97.2822261942092,275.6452679855354,-31.799312817434863,152.10924920407632
2175.339722222222,1198.7614582299966,448.0470266119293,5617.770000000004,3330.932122982725,805.1850905200847,839,2786,1033.6057598852544,-657.6777073527384,50.88311689381368,-379.0990527036682,59.52423184357514,1.7499996755100717,10.0,339.3051802113492,142.46415599654011,491.19456623072875,134.86980993851074,524.2714022176509,260.84124810286545,97.60783693373563,329.7898397827894,30.69480139936188,210.3890556719022
2199.3616666666667,1789.7762053256624,1526.9405731737547,9880.900000000005,4779.327907060928,1909.9128592886448,1331,4896,1664.7186604766725,-1115.4268435586118,182.11525919320133,-691.3708130920305,130.4873252332264,-12.626039052308455,53.90501454343462,867.1004362826031,181.12828122952095,894.2120683270458,256.0179630337945,854.3765616585966,334.1683140502134,184.17522676211775,379.92766567754177,546.499975846345,272.0263823647296
2223.3825,1928.8890734010906,1853.7853702965695,11615.999999999998,5416.457875229406,2351.6314841065077,1574,6030,1994.1252703674952,-1225.6532657758817,201.65172781385985,-740.4324931962443,133.2106562533839,42.27289182763175,65.75776995613035,991.8765551432693,189.4445832300184,1091.8406723264584,258.05102258613834,892.0440161573696,380.9960551370892,244.53946622554372,408.3007822627154,557.2975275884289,291.47647616175453
2343.3925,2552.349963536105,2485.6768635936814,14832.48000000001,6762.861625789404,3014.081041300582,2047,7184,2569.8604693163115,-1364.8057316510203,245.4855006369607,-924.2742366947946,182.84537946281154,100.59638616186463,85.08154901026467,1093.780189759681,250.47830294954582,1241.9322560481319,309.7699769008246,1393.4804597515313,489.7197002876864,320.23075415353446,617.3754371672995,624.7367860647636,371.59411712071113
2367.4069444444444,3322.719114417265,3681.288373621829,18285.22999999998,7941.566258285179,3403.8200053247747,2546,8451,3258.555362768206,-1394.1391291137145,309.25437734657856,-970.031454458661,207.42333902461877,256.4657243087975,91.74165742063667,1292.9662321303103,295.20877330404807,1550.400312712259,324.3902630619951,1742.2897294151603,721.1741764916379,454.5740256954844,882.9001026554959,748.7629329321999,490.62642511225425
2391.411792929293,4276.8173293473055,4659.19895073559,22286.00000000002,9666.833261607962,3856.996275401423,3100,9737,4102.971512254995,-1765.1193358342534,362.5904655484082,-1130.9178210132773,266.51949920163423,292.43096275191476,101.74165742063667,1476.342827241349,299.4931834889907,1700.4395651933653,439.1744587957482,2427.498245551641,1019.3668267334468,890.2776797972436,1156.8957223317893,768.2468270476346,631.0355158266525
2511.3441666666668,5390.9259512335675,6730.69021783386,27356.510000000028,11088.054689217804,4545.056415854292,3745,11368,4992.708677094047,-1904.6634968676515,416.97613752076705,-1295.9989343502689,266.5912290500614,463.7275123689914,109.3775033662539,1822.8386413415465,458.664530980394,2284.3918666795184,840.8117991853529,3281.6498862159724,1146.9248027419526,1153.467548654643,1368.2957696960398,925.277193791163,783.2841786927535
2535.347026373214,5907.06940766878,7629.3068851855605,30701.16000000002,12168.751551829688,5102.401230723091,4353,13132,5800.700332261711,-2070.8377071330024,419.3189976562092,-1350.7848545718186,306.5912290500614,617.8765728967678,128.18811607281077,1964.7529412311899,513.3091533511706,2561.0997442403923,901.4591857737777,3672.0781690592016,1263.7793148934245,1303.851749400238,1483.8928584721411,931.2702700626502,890.5305523991877
2559.364722222222,6733.709288257862,8912.889758318212,35151.98999999995,13851.374411176417,5461.942265297811,5197,14985,6925.783565207612,-2329.220506842239,457.62788609836133,-1446.2137087184153,317.4485664792672,800.5217777943634,162.87864587576541,2149.0202847134306,620.6771336308286,2833.2528596143916,1050.9666399788903,4261.164879007906,1515.2314979154753,1604.853948624331,1595.364821694072,1039.5102241245172,1013.5140965852046
2679.3352777777777,7997.22771478899,10469.534186658462,40493.58999999989,15896.646444537138,5901.896529643865,6245,17312,8225.512839160654,-2820.5739089361296,514.3276391698198,-1704.24502760731,341.3185486157428,941.7241544408671,212.283328892192,2416.1247259287024,770.756234602903,3304.2568806836994,1503.490994742896,4975.398909984129,1825.606259294924,2224.7288615830894,1703.6943811636502,1132.1195905814543,1125.7503283068768
2703.3369444444443,9028.544449536079,12136.514371501667,45341.27999999996,17248.64453898271,6421.588426730887,7156,19486,9534.532662784857,-2827.954869616787,526.6625673118988,-1704.1796124785421,341.3185486157428,1116.1919886165206,229.51348937279067,2831.764157930062,1053.742796015118,3602.7020182976084,1610.4115125916423,5484.373419240572,2115.152066319545,2492.279357935904,1964.8876454740039,1141.3379115763635,1186.855823835334
2727.340962191358,10936.45006571207,13160.945130244812,50591.2300000001,19241.90361519951,7232.329350921011,8130,21517,10956.051903634709,-3175.324350254244,569.1020195089567,-1754.642586295521,353.7195880214587,1183.8152481424163,241.4634876780076,3136.6133418325744,1171.148794840733,3932.049727682288,1740.3824153417077,5988.282375488264,2535.621119638986,2859.029696688054,2655.029783153877,991.1216769610512,1669.9828575283327
2847.33,12430.872652917838,15483.582948000052,56911.70000000027,20930.284441057847,7848.133611848281,9291,24085,12649.69899909387,-3420.300078470276,695.7626138367764,-1831.8700413224979,353.7195880214587,1302.1592306068287,248.79103505739738,3562.1466320765794,1265.0691229163258,4372.489932338071,1931.3474585863255,6852.1928310325375,2868.2424878487864,3557.338772865211,3108.5389622776192,1089.4256688736505,1959.4013843731097
2871.336388888889,13563.455841346497,17921.55483882742,62986.36000000031,22265.786468043247,8619.718805091701,10293,27210,14179.299888037805,-3471.9601208020545,809.8209210005873,-1926.9498043042129,394.4744553853978,1522.0766085494042,297.69075568559117,4161.4523408631985,1320.63173473386,4818.738864462896,2147.763151226495,7637.111546810797,3130.9332894445474,3804.3764900878996,3423.5691624632013,1376.7089131594034,2038.572371406818
2895.349166666667,15408.7493614258,18316.897476146274,68438.88000000025,24891.766683771595,9552.2693718506,11292,29462,15677.946468231612,-3782.9682997839163,834.1373396243837,-1949.0697733186141,444.38146605079413,1534.2552795464546,327.4934126666923,4564.631226563385,1473.5479574803949,5179.587156528581,2399.9295359823773,7798.936767805377,3530.7309788067,3799.4990580112903,4076.5349473436872,1172.026060793693,2321.9937234707436
3015.33,16874.371064208484,20400.129032138266,74914.49000000021,26684.17536501693,10525.529276555066,12554,32325,17304.656326289823,-4071.339376807302,923.5289698089322,-1974.75651941148,461.4375875594796,1650.6923176807813,340.12214681611067,4831.801785498059,1551.553409955314,5450.139849367874,2625.791252318313,8761.769963192044,4152.485227319865,4403.750523743458,4456.732051359106,1348.0704888748078,2362.720419071332
3039.336388888889,18230.037899556475,25919.72401021788,85507.45000000019,28113.50002841937,11983.484487866428,14022,36621,19490.74147349632,-3920.331403141126,988.9032719557825,-1997.680368481753,472.15251811503464,2102.5063858931994,352.903886520098,5990.723477006071,1766.757241073864,6315.377604776041,2825.844876792811,10692.839554955208,4750.272932760792,4816.959883565241,4672.071500213116,1919.3288756449633,2401.1316721248613
3063.340277777778,20078.139396931485,28803.330582537154,92706.9500000003,30138.411692952053,12718.373313995051,15218,39242,21046.83441051578,-4161.790332035511,1062.229378422665,-2089.9920761193916,487.4299299316139,2322.8572303242486,385.47510169507757,6733.129562667688,2109.989613771599,6792.460121283887,3315.565078516947,11735.3263455011,5156.074607874055,5422.181943357694,5063.1882404453245,2049.157787557388,2498.187446274074
3183.3580555555554,22706.208782435544,31297.750079571848,100941.07000000028,33055.9648384101,13622.712653714563,16682,41969,22964.642428303625,-4565.597043939871,1228.5559029257238,-2323.254206236432,636.2368699297842,2700.9080943047047,483.7389357334848,7164.477643503745,2291.7030399242844,7425.946491692571,3844.4996084708396,12769.456745702042,5945.34798264213,6005.941252179821,5534.264622440343,2119.871102365216,2741.8618203688097
3207.3784776475695,24118.911818509663,34189.947366925415,107918.60000000037,34611.068118562565,14405.91386642882,17953,44685,24711.670648083207,-4584.36589289471,1314.1268800093396,-2326.874186484195,656.2062918245513,2929.5174721462495,497.0852264446735,7914.681572701165,2465.2897752420517,7996.853151987387,4256.758621565301,13680.781024973045,6279.100464115158,6363.58432696751,5748.716833992399,2215.7698975288654,2901.6277253160188
3231.3887695780354,26187.71942314356,36764.74224797251,115388.48000000042,36719.21125389977,15135.517389138133,19372,47510,26769.00910898979,-4792.727500115701,1362.1328259728398,-2370.4880880419732,657.5941039062088,3298.405505782409,543.938738822073,8413.821665180038,2705.4377191251924,8584.983291970353,4753.852262360484,14536.848807674807,6859.3725563119215,6769.518432610603,6211.425264362556,2324.3801329114985,3093.96595228217
3351.3633333333332,28349.03451449334,39444.14254613958,124536.89000000051,39483.61012095045,16727.216217798712,21066,50879,28881.921115111254,-5302.770857634645,1475.0463361479005,-2682.9773907764366,703.2114249782323,3899.3848136738866,677.255368836956,8900.4450678859,3266.708837078091,9064.228397304281,5228.502574051534,15620.924898491898,7235.540268813278,7574.114779683066,6512.64796234222,2370.7928375110873,3250.1217422450427
3375.375,30159.59258678682,42481.14705006425,132666.0200000008,41164.414447366435,18082.377515220316,22489,54235,30938.080987349145,-5502.145602703484,1519.4024857403565,-2711.805853012622,763.2114249782323,4307.386226268262,694.5388472957467,9825.690294513952,3495.6267884939093,9704.73083162701,5638.579761549124,16648.918669147508,7463.493788356392,7839.180779892374,7131.914919824485,2369.1917043304725,3452.824570548509
3399.38,32522.377739662537,44090.11867377508,140483.26000000106,43657.837179218564,19735.74136306177,23931,57032,32999.56278394503,-5933.693692100307,1614.1327197463174,-2941.723289374787,903.6224485720137,4545.814282976232,726.7963815440451,10296.880967754321,3693.376301459908,10116.512421985202,5890.0483432100045,17616.014548910327,7925.208933905886,8312.335637521166,7976.1426556261285,2077.977796101816,3793.0499555981637
3519.3344444444447,35991.69186621409,45484.599371998156,149143.60000000082,47205.30552578825,21298.714282804274,25551,59719,35154.980819409924,-6293.595301503871,1781.5773263159062,-3229.233704944103,939.9501769286908,4791.020476121838,787.2932420974558,10568.028553117125,3988.74451748199,10402.847622977295,6536.547072283061,18650.01541933783,8636.240780338361,8649.45986059049,9166.666668521786,1946.0564463002656,4154.672082246697
3543.336527325371,37815.51881374939,48941.09770673539,157481.58000000066,48940.168471244804,22185.49893767999,27166,63370,37414.814884340565,-6373.199045635443,1820.6623101908767,-3263.2213477598343,969.9501769286908,5081.14419800922,799.2490218178308,11156.17638436727,4055.512042100406,10941.996350978825,6780.161135096806,19591.58043617038,8979.159069061268,9336.672887224344,10005.809461923529,2469.9478433795116,4405.015596629777
3567.347222222222,38757.5914236946,50464.37166418821,163652.74000000054,50957.272549706955,23297.003075309676,28280,66616,38934.09271079595,-6468.287630086763,2057.834701375236,-3723.4160027779203,997.0324921173249,5269.050576133954,883.8471433773317,11632.550613858104,4099.0773022621925,11522.270599312049,6908.527955893473,20167.49208034413,9191.67343732568,9303.321252358492,10075.430548727556,2761.390175044784,4544.167842615671
3688.3358333333335,40602.48600503901,53000.4815114353,171109.5400000006,53247.752481647956,24006.14168197353,29646,69664,40855.1643249441,-6893.331055258125,2114.8294541307323,-3950.917966547354,1051.4623757841966,5610.983189297464,924.8529629631255,11962.327027148014,4410.449784306349,12049.127106139294,7414.003363878704,21358.89814815541,9828.489553668804,9760.459961432383,10181.326224833208,3102.9351010667256,4677.072285473672
3712.339404761905,41994.11216459545,57484.65577136126,180519.5300000006,54997.42218812454,24965.408231185433,31251,73523,43072.04380932998,-6835.370700875196,2167.4568388620864,-4064.4402779203997,1100.0424710200086,5823.302209688099,936.6816902063933,12910.907465489494,4723.59085386275,13062.913970330414,7762.546344311223,22657.191048601817,9955.38091126505,10460.261303552528,10435.29104321777,3469.8907524927804,4913.122011849823
3736.343012964094,44494.706016377044,62740.834680183936,191829.1900000002,57537.498260382396,25968.12498814721,32979,77711,45582.73207128785,-7269.878059770965,2356.2621001419952,-4187.52720577815,1229.7668793186804,6180.522854168999,1028.5932184279293,13418.179943630814,5338.404585577473,13619.918296572114,8204.137548305625,23831.318162270665,10591.056211796496,13114.048225697825,10737.628406228101,4034.2524633908124,5008.857066580389
3856.3527777777776,47931.32933210543,69516.84779878995,204848.67000000033,60309.04604670668,26761.483201300514,34937,81626,48261.292953203854,-6551.603823604599,2413.695473091175,-4351.595114781943,1230.6341352947638,6523.446267401844,1089.553487893509,14318.417481373062,5690.249768127709,14286.944564636873,9012.49127767535,25581.074130574354,11385.355755004934,15395.35151123003,11726.903249455618,4314.812781958448,5382.446185562034
3880.3730293127355,50007.897455578524,73590.9205377573,214082.18000000028,62108.98225538633,27560.99121456427,36453,84830,50821.28599229257,-6512.831452801325,2426.398348908167,-4352.228144844945,1230.6341352947638,6741.770531225382,1096.1636418416174,15033.245749099622,5801.182131218891,15065.062139595084,9317.295767133068,27079.575180196534,11847.30356892514,16074.535519556266,12402.624438195744,4461.791015728851,5886.295424060918
3904.373172672673,55002.075711925245,76988.95137993607,224967.21000000052,65615.18444237733,28942.529271755087,38277,88073,53420.54490593192,-6843.933011600157,2976.887573234972,-4529.8049786544925,1332.827099649325,6849.918743433621,1114.374560079907,15818.505525029757,5966.67954488791,15716.691822637065,9820.277337032338,28685.97223243989,12355.164108043387,17122.26433572417,13810.247852087663,4169.336710924348,7625.617636909488
4024.343888888889,62334.67539581931,77897.33028300486,235898.0700000007,71235.8439454958,30513.297360966728,40216,91095,56251.59841053337,-7662.581940325203,3800.934570394631,-5091.499445410331,1648.6679909791055,6863.0642665881705,1247.8196004561328,16483.99328215572,6310.685884321309,16157.46909657376,10684.537278207335,29565.034636939767,13575.262025612055,17702.68991471253,15789.195495861606,3879.1604717682385,9277.572549986882
4048.3502777777776,64569.94848402224,79812.08233536885,244825.7500000008,74657.63816338575,31692.932702271195,41774,94387,58663.09679897536,-7705.395531793275,3807.9781198631163,-5128.952371404865,1667.3386802795185,7049.6018865837805,1286.9134160232848,17427.94986481648,6574.020858515032,16916.464107359054,10920.905390065007,30136.990905725914,13943.176753144415,17917.107303401575,16474.233858317442,3198.3161706780083,9895.381407814322
4072.3644444444444,67020.53204065487,80496.73373171441,254396.58000000115,80050.73286784576,32833.02559644288,43330,98308,61016.08780399817,-8109.097127736121,4038.1754956715695,-5504.011083016393,1733.3899769966902,7148.819933368328,1340.1047178637257,18313.271176729115,6810.321552932275,17253.175679054653,11293.177512187514,30895.083872703704,14312.196966734555,17653.063390091284,16973.285572598386,2846.427890517483,10519.880245670074
4192.331111111111,70311.88453248756,81082.24768942785,263886.18000000087,85271.1178510881,34252.595458283926,44937,101887,63280.219001200625,-8011.739350924488,4206.962921039307,-5568.200462436402,1792.0458770363537,7352.972063162918,1344.9337417043291,18918.6218266118,7119.31105500871,17166.77083088626,11624.933191751234,30734.426739268052,14783.806083488747,17566.986395919568,18327.23418346264,2922.409646937622,11112.657478996234
4216.332222222222,73782.05935382443,83311.23656262858,271436.3200000002,88102.8914173774,34932.48216207752,46383,104942,65089.70985791689,-7985.312746197906,4241.674975450345,-5623.9733849894155,1800.170593131121,7470.364760043963,1353.554795558264,19639.315810814885,7350.188684548944,17711.340919922404,12053.644568087286,31320.180717327414,15665.917993877147,17891.80333671896,19403.94462707309,2887.5171489861236,11912.9631160983
4240.349166666667,77019.43184163829,84322.10830526816,279318.8699999997,91265.05049302164,36714.83811233927,47929,107781,67016.87308937109,-8457.004900600106,4462.005837175222,-5818.6024429336285,1878.2777630751511,7645.742062078506,1400.64979512124,20099.796225313443,7615.538086107107,18209.46158451811,12464.984583726628,31781.38127976725,16760.67247130326,17952.603308964397,19822.4377827406,2908.7311881578485,12614.865522389438
4360.354722222222,78885.05230851674,85234.79379715424,286191.98999999854,93817.22169868664,38292.3350363992,49200,110744,68847.63946776076,-9010.594790489382,4698.080556294134,-6360.351714227716,2067.979816338047,7533.637929832081,1545.0110736435004,20488.81538726878,7903.204076714172,18655.073947383495,12954.935059985306,32589.520886775408,17151.60103500519,18259.042954102686,19912.77887396066,3079.649196505772,12651.461816576117
4384.355555555556,79762.75533253823,88661.11204329164,293646.8599999991,95179.62789606974,39056.97022360714,50588,114838,70749.14983703187,-8850.740290549194,4788.233040943916,-6448.40396432607,2093.5412850003004,7873.868089316782,1652.8887051451484,21380.840784783333,7978.852222547135,19375.387850367355,13352.693005813313,33217.64010975116,17260.63255546184,18889.79798928187,19966.66711275117,3222.7214746628147,12669.247404875648
4408.36,80932.37257888785,92477.07662019721,302172.57999999943,96634.7843256147,40035.5654467173,52236,119171,73025.15360747107,-8735.432124301737,4845.249334525442,-6520.754188255912,2093.5412850003004,8055.004197522233,1683.1158016257527,21991.13656000798,8062.1339393646795,19945.353440405033,13583.128434496743,34227.512301105955,17667.770441790824,19771.83230559047,20162.799743879874,3742.4241281184645,12834.633598204324
4528.345,83142.69534372182,96370.55143225785,312042.89000000036,99316.06787007293,40710.63355446269,54115,122913,75645.6371432066,-8678.898981330765,5013.987574162245,-6805.891043509676,2150.232696765417,8261.69018575572,1723.9722039519406,22581.379616608247,8338.510052538837,20547.820780322927,13816.666256690769,35213.2664717068,18048.846203579807,20963.490717599365,20730.421042120568,4287.6936851006285,13320.059313912487
4552.345675583407,85426.52124239398,100428.84855775023,321645.3200000002,101579.14565777927,41301.39982543351,55873,126405,78335.9259590376,-8526.952866507021,5118.7967984340885,-6897.95777762204,2185.667366019081,8415.193314996211,1800.2610541813613,23284.065002193984,8393.152723948995,21344.20888375287,14033.466082443461,36126.522384525415,18645.83533746441,21894.651763512815,21411.364951465606,4789.117852892508,13837.976928437163
4576.346666666666,91262.17243424771,103370.2339928219,332745.0300000005,105671.2674886269,42487.96416787511,58024,130116,81215.56435067687,-8647.486289668972,5952.814078890939,-7271.383366710164,2375.2360410550627,8487.628818737689,1898.9991678656331,23871.41423674429,8621.828225027391,21780.89724745052,14680.11163315918,36740.03173240867,19247.61374641988,23144.852445190358,23113.572275222265,5264.279168663474,15371.99726660772
4696.332777777778,95338.71808859613,106700.18658630672,344760.0299999998,109046.46471492125,44439.65192332264,60241,134090,84573.72677545022,-8714.869814575612,6441.202500556507,-7825.454523176326,2621.5728989832883,8628.160712920118,2046.2282456779726,24627.304248920973,9010.455505029524,22362.563676995578,15328.84863883615,37692.458871945906,19699.007261909013,24454.597300353827,24291.15131267601,5475.426112916188,15900.251724928079
4720.338921356421,97130.75599027346,109333.44275710174,352852.4499999995,111098.12618119888,45670.307367170026,61695,137360,86750.57369453018,-8687.850760964833,6486.871439137136,-7855.8727078950815,2621.9092184277333,8841.045716797726,2089.522208315655,25283.273369437535,9391.838201586845,22654.654051968464,15663.336468100577,38341.92075792236,19863.320928446483,25026.689916965566,24623.075543479044,5729.58241286311,16390.881982780473
4744.341666666666,99379.13378341822,111940.47683126264,361879.5799999997,113687.41715894404,46958.33163646322,63312,140748,89293.35437333038,-9071.728474526179,6801.163130576117,-8097.548888289712,2713.731676746358,8986.298966981778,2091.9516473538542,25921.53139155438,9601.679636129284,23097.115999545866,15989.5143239448,38952.78338651473,20072.603839145748,25756.21247978862,25035.93427340149,6395.811969685722,17072.555256120842
4864.354166666667,102603.05796700224,113899.90793159624,371686.0,117252.16078698434,48584.10138244728,65048,144049,91949.82989897349,-9306.622850044136,7113.330929325171,-8532.762949611024,2799.527614246431,9192.665005159186,2133.8549457498993,26443.28755025238,9820.980826117435,23367.826222028238,16487.73203852985,39413.48127694282,20625.27478735849,26533.010963510576,25720.509945554146,6789.022713349583,17901.846880121306
4888.354166666667,104190.47620241676,114387.5841134324,376232.2300000002,119160.9853192681,49372.04464371903,65905,146146,93311.6159235821,-9210.975451142078,7150.483978762281,-8706.153013649457,2841.7260393449496,9180.927256073186,2133.894613258315,26562.14265297876,9927.756811108411,23261.62278616935,16754.22596954249,39271.16470182081,21251.723652086817,26884.7590021325,26109.468462105884,7144.0961790399315,18021.196676208045
4912.360277777778,106603.56870720426,115814.90489730352,383048.69999999966,121606.73565217027,50421.476118855455,67209,148801,95205.58333167157,-9242.445020926227,7288.388240221251,-8816.35878945051,2945.152258016663,9137.871461245146,2139.7450384048116,26778.332963356643,10089.957941536733,23336.757112096515,17004.86590239139,39440.4730958662,22004.689758691424,27528.931041927324,26504.828680279606,7651.3430331795935,18625.940887662797
5032.3341666666665,108369.47504943094,117340.40616814702,389559.2599999991,123546.54628279645,51843.87051160545,68416,151648,96828.43703745192,-9335.204190210292,7373.3233223893885,-9149.491229504505,3072.9927407434143,9095.667892328896,2147.9494169358713,26899.429903970373,10125.514333922765,23548.873920553062,17124.381240709914,39848.64758292521,22160.114223781773,28139.73624217084,27160.529438114554,8292.746045904512,19204.67033283373
5056.339166666667,109539.54170569479,119322.48759505304,396051.51999999915,125015.18633750614,52880.2796003656,69516,154598,98833.56646707654,-9125.362402857938,7468.00440502104,-9419.386583672069,3096.0886101189417,9097.630041596176,2174.371702931991,27295.546044787043,10179.509255651777,23601.68715292332,17269.20458938071,40570.74409362666,22426.95593698261,28580.38944131309,27444.262585726105,8721.239807327363,19481.144619882125
5080.340301282052,111737.7349254177,121222.91237199116,403478.92999999865,127494.4235144997,53554.24467501255,70787,157412,101207.34943849801,-9463.14728079934,7869.74302352576,-9700.218196525891,3298.1424965210736,9196.756419927742,2205.881072346611,27638.25112450131,10238.911586138316,24018.303792626033,17399.3089633261,41206.04232122296,22713.453450714747,29172.28241883884,27776.77929940075,9154.641772190107,20235.515033444906
5200.343611111111,114549.81629039721,123405.7985426277,411720.9299999986,130338.6985748115,54485.48729304531,72249,160288,103490.94558951656,-9866.237217691998,8665.527428889121,-10150.354169321097,3563.500400727481,9224.847028992875,2275.5546535854687,28008.721194043454,10290.53149589255,24588.620084306775,17534.671479718796,42096.516190845796,22932.977767257784,29873.800254107104,28249.03245593244,9629.88517733537,21038.020608394047
5224.358005249344,116749.24540586745,128295.10934067245,422165.01999999845,132239.89202673957,55447.474993086944,74105,164295,106182.54363950255,-9504.760496167242,8730.239427801966,-10269.190067806036,3588.8929154419857,9468.673519999229,2327.2137149809523,28985.405621190326,10449.686248220529,25318.876962332528,17810.705566189004,43191.399334442496,23649.066657884225,31009.795527101232,28840.388564951776,10094.908939569681,21353.052310397587
5248.380762128326,118920.68293235805,131936.9748583226,432013.0899999987,134777.09986411993,56535.80452421201,75831,168199,108763.21075334608,-10062.05170241099,8814.009404110257,-10531.797885338963,3620.073704445497,9587.709585368924,2355.4748957483334,29820.0919519492,10820.43648018237,26139.76106676801,18490.466708404758,44098.91093971168,24198.595637308877,32080.015289444153,29115.37580453079,10804.335612819385,21506.250297627776
5368.332222222222,122591.31451244206,136935.4234346807,443980.19999999745,138040.5356715022,57186.957274390166,78009,172282,111817.2836194257,-10222.517158390981,8989.91030434215,-10778.139209178835,3658.3709316786963,9837.918538152831,2403.3587215699836,30521.62370790585,11047.229664941944,26896.790032766934,19114.29883105748,45570.59286356656,25151.466448714793,33657.15821140783,30127.86626935361,11451.996448439771,22098.813340783403
5392.334780298049,124697.15870140734,142597.74033313457,455456.2899999957,140111.46290708892,58012.514845302336,80122,177047,114734.57191447343,-9868.778066523942,9101.841372692123,-10681.81595922081,3734.0036467247123,10073.423650337261,2479.2950548646736,31610.742716144276,11156.208207616251,27712.317323548203,19354.070356853852,47108.31679185325,25446.210699589912,34715.45722241972,30625.092687193614,11928.076654563876,22800.436675872174
5416.335555555555,127983.34648295815,148932.85329281015,469428.03999999585,143233.1800415664,59557.46888118993,82458,181392,117704.53778443318,-10320.10565920299,9276.847525480103,-11074.091875563874,3934.212993396195,10202.076717989712,2559.143454356282,32619.585524721115,11486.614672571137,28753.06584266799,19917.277155688425,49228.45238409801,25937.877615833644,36947.961541650126,31322.3222455994,12575.908816436428,23549.05082003285
5536.3388888888885,135581.55099681058,153550.2790712812,483200.28999999544,147747.99770180378,60899.927099132474,85099,185636,121002.08612778038,-10438.065413649634,9577.756027881253,-11393.06214534945,4007.5275011318727,10710.543721179858,2792.710793229475,33778.55849286226,12105.387671863356,29132.619231821936,21183.149839130027,50394.394068805705,27440.955858658865,38399.4870733444,33802.416768039366,12965.804042253463,24671.646536876047
5560.339731559291,139909.87155413945,158364.89439741088,494964.80999999493,150612.00694179448,61699.192312933934,87343,189630,124288.71634785597,-10272.816648139724,9688.237254163481,-11466.947789639024,4077.5275011318727,11001.410700464265,2807.544813885276,34775.73392629446,12365.875464782135,29897.883116885445,21723.31930350602,51857.53326866078,28188.88516135954,39154.50677373585,35422.730666542055,13417.591049137656,25635.75138876861
5584.340833333334,144202.28784431537,162723.66026249336,507530.6899999951,154079.88696645628,63195.937402576914,89670,193501,127531.20536846714,-10720.834488817094,10035.511241498893,-11799.491304619856,4234.428930236575,11277.62057666337,2939.9226138962767,35907.59880464114,12795.52030137853,30473.7872273445,22507.946384728053,52934.45253732142,29374.704363931298,40410.78182190724,36134.87896000428,14239.745088041282,26179.375048640475
5704.329444444445,147710.17571672908,166961.09936317167,519943.88999999466,157759.08078588755,64542.75684225503,91899,197436,130680.9530086781,-11044.98066696573,10366.265438261722,-12229.397732309153,4324.428930236575,11670.73198052956,2994.298496294287,36999.391449306895,13209.948487424599,31540.09243554208,23306.209090943186,54371.17989097412,30272.52974310024,41110.02418086996,36451.691852847885,14544.05782521312,26784.80367761995
5728.3325,149519.27334218746,170847.28701685608,529233.4299999934,159759.6142439508,65536.94087799797,93593,201320,133089.5878611848,-10916.001506370267,10435.431005610899,-12286.233497767216,4442.9993153717105,11872.503725509678,3017.294232507802,37747.484297799965,13411.418676724745,32091.870025355878,23590.30241917298,55357.39623311804,30512.072706611463,42003.91126501404,36735.1617116351,14976.356474185013,27374.593274552568
5752.336944444444,152618.0133261564,174868.50071283398,540361.5099999919,162865.73105560982,66624.85926506315,95697,205293,136002.41896648268,-11415.734897539496,10763.05784409139,-12608.29594491641,4576.613382209518,12011.830659483483,3108.3212729131815,38618.80229906615,13904.594661867442,32861.31125943859,23903.92186121269,56619.716957005774,31072.554868998126,43073.76620076736,37341.59595609662,15707.104179516022,27947.353478767654
5872.334722222222,156519.1675196672,179139.65878819895,553784.6199999928,166810.5217740829,68539.55875029891,98282,209560,139294.8806874061,-11886.658742245567,11224.719365444733,-13359.727101594732,4985.090767445608,11818.220940683663,3384.9686062314795,39743.39841528723,14507.808965516788,33619.69982165214,24605.662456137565,57864.83899124804,31425.34084091961,44625.32797287071,37902.4823870353,16714.55849028496,28483.094130936217
5896.341111111111,158803.45998679232,183307.38401956946,564428.0099999919,169134.46552885167,69765.16278220569,100256,213794,142220.9976693599,-11903.144830315001,11282.21332077714,-13520.016310380954,5095.281373230393,12001.437397207634,3477.173367396361,40521.31036605825,14798.545447766151,34499.259983662385,24829.486180152922,59139.10591954354,31923.010484764207,45516.057220823874,38416.32619439764,17053.37427295631,28981.423618307304
5920.34320230608,161668.79600295506,187502.5720388892,575898.3299999895,172034.95830488965,70954.16928085685,102443,217738,145406.63037535123,-12285.241568557058,11882.044880210055,-13916.317150445815,5316.333375122828,12134.16694797302,3593.3937669198567,40993.85841218247,15115.691834416317,35414.726048280965,25397.758059857922,60532.032317706275,32243.57702852684,46762.29099268236,38835.83655805909,17867.056039051033,29284.16049984231
6040.33,167057.18652604983,193685.48566943983,591168.7499999905,175838.08817442658,72410.45961780756,105282,222246,149234.71653831223,-12377.837591506104,12370.206848751352,-14123.429119224416,5379.506118255439,12516.562287627889,3647.7248987891116,42108.95123616444,15845.494402771388,36183.48184238761,26344.24678733756,62099.977142043186,33162.28550344641,48755.31188800767,40113.293854943826,18522.467983923627,30194.42811175536
6064.330379353233,170011.36658810402,199480.92998845605,603111.1699999922,178118.56038046625,73072.25385507617,107351,226650,152439.42577598605,-12368.031143715647,12486.90444451069,-14156.530835887854,5384.686251475395,12899.726833105708,3699.067739851569,43092.518333246655,15979.574682002956,37100.89321995068,26576.371922763858,63819.04139673491,33668.32891296509,50207.20960651896,40669.86361155591,18886.102578486032,31546.56902297873
6088.350790723741,173593.0438546193,205837.24553280947,617373.459999994,181138.96535264942,74125.55813377551,110121,232150,156271.69098075092,-13087.471483126237,12633.791966682702,-14585.92204872881,5484.686251475395,13214.13557704571,3764.6122467699815,44150.248222985196,16153.681093671312,38070.28674011153,27214.079541105046,65306.38260706587,34205.80026685548,52302.39870298834,42253.509281867315,20467.187214448593,31882.883206191804
2031.3766666666668,492.3864317015369,534.3960846684217,2229.8300000000004,1025.4942982955372,235.64310194377452,331,889,434.2965150922675,-5.527335330756187,7.182238562084422,-29.812513823750237,0.0,-9.67787313005116,0.0,159.0047471775779,12.945792038457796,214.10853943060306,105.65149746877978,186.04753983461814,61.9752003713528,142.81184823191492,171.28604778712935,-122.55886772173595,133.34565547373273
2055.387777777778,637.5563428810796,632.5277476251774,3660.7400000000016,1877.1494856258141,480.735399451792,532,1731,670.3273672972185,-135.70205277437506,7.198349673196617,-159.7068151546568,0.0,-33.7556239232186,8.481694444444258,218.5510027986594,14.793974921563915,357.55260498387173,178.4949318327731,255.79955390101514,120.88104766774956,199.68400991689444,173.2785103187502,-69.89493212301346,134.4278340226022
2079.3172222222224,936.9710204347184,929.7830573311793,5565.029999999997,2743.2649080083124,935.0541686849581,818,2786,956.9278659755518,-192.35520710779278,9.46057525897811,-272.0531720559328,0.0,-75.84639125697835,21.32258330914243,252.8808366543488,20.580025663474828,540.7974928895887,250.67532775208304,471.58710694528594,171.88540979883686,254.74498896111027,257.6203665223447,-49.97259769845088,205.42673212985875
2199.3616666666667,1381.7972365661217,2467.5644785827835,9477.24,3930.1756595856823,1469.9766952257971,1273,4896,1609.5231666057346,168.44308405995378,114.87729452320116,-538.0555287089751,68.11046430859255,-179.7545902405334,21.32258330914243,534.3152704849498,41.20941599719794,1088.4589425449894,312.7296506801389,1026.97914557066,316.3550288086055,359.37592497245834,298.07335153696005,7.802229899281835,209.11944740228358
2223.3825,1598.8984143682014,3395.3025530087284,11637.87999999999,4542.219000486877,1735.5983150952804,1586,6030,1964.7601314091078,179.80058321494417,118.98131562023184,-558.3799745449192,69.88649230509259,-195.4066784002238,40.32657056089357,719.8448242537157,64.18147639578268,1315.4356881462768,323.86016054152424,1277.8814315132818,325.7891355493321,504.7991493940121,333.7974400101736,151.32752943163845,322.0758233851711
2247.315287114846,2229.1817283036057,4566.497395776902,14769.229999999987,5552.287318612555,2139.7698246633704,2047,7184,2510.6754609471545,118.49983055961299,129.67090281384935,-635.450756578802,69.88649230509259,-152.01710108631707,41.84485475417665,863.164977722497,72.58260662528863,1471.2757081139605,370.13301646207174,1662.4573312786813,530.7550314462587,822.8881313769001,446.10415557828543,415.67927439037487,568.204668318584
2367.4002896486227,2574.9097167259038,5822.544892877934,17752.739999999972,6486.47977799483,2345.4558071708984,2452,8451,3098.2595219563277,149.9977528399048,152.72799019147908,-641.6451324773668,69.88649230509259,-100.78330025118306,43.944871273040064,989.6128216735798,82.6151717105069,1865.4224914348254,425.94525361560375,2028.4324609298756,613.0097283410477,1002.2823577178822,475.4598421150767,529.2254410104191,711.3203671740599
2391.4119444444445,3730.666908723982,6682.253019537166,21739.019999999986,8458.502404221399,2750.655467937059,3042,9737,3847.609108304312,-77.60035834308032,292.8340638711878,-949.2685043911188,129.8864923050926,-90.12238818134595,53.944871273040064,1234.613530915804,103.48548163324318,2035.4050976858382,548.4949613531959,2398.096196475391,992.1945071008431,1354.6692966922149,756.0278839441124,776.4601486834906,853.7986472432693
2415.3269444444445,4982.9124606725345,9235.88845768358,27353.190000000006,10161.741009735486,3152.159880030559,3763,11368,4803.400652550333,-119.46208413890784,391.9203950040396,-1033.7923679238897,175.2144440756157,-59.94302945318401,53.944871273040064,1401.3423788443965,119.73547193741075,2618.700939982869,703.5189291695272,3345.81710276193,1390.27772149963,1978.3284731234405,1028.8680415584922,1104.8970444869778,1119.432586154774
2535.3591666666666,5692.438388661102,9903.015290843627,30798.840000000004,11447.700475547352,3805.6744221762847,4424,13132,5642.44981143275,-173.33330991076497,421.53368610556333,-1122.5831303409577,175.2144440756157,-22.857515028274577,72.48387795337845,1638.1750704494054,146.43421576025338,2961.2632140839,792.6886444394345,3567.3949078661612,1534.741543760765,2047.5062494637418,1134.9740725896058,1007.4498042604429,1414.367903976462
2559.362001633987,6580.839399371163,9986.306433160338,34995.5799999999,13689.11369051849,4462.434211849885,5238,14985,6857.725664471407,-622.3889553220366,505.2623044250089,-1549.867142367211,192.26850323101405,-105.16754318609816,111.88240620461983,1817.2562992099242,175.26756005408487,3086.8993871582065,992.0708342671401,3926.8988413798697,1826.095974024748,2316.871438178576,1246.0777641327822,1115.8041081090646,1531.9140530317395
2583.3241666666668,7904.4591603872905,11018.275844410851,40454.849999999846,16081.24899127472,5216.787429727949,6301,17312,8138.537734586593,-1120.2495351723542,581.0765499620612,-2105.07567242805,242.26850323101405,-55.15523954665152,157.09780643507116,2140.1152608277007,307.36910142722314,3407.3186871086355,1433.514240942241,4649.929544321541,2009.765460893547,2934.1196318021925,1502.1670566000248,1167.2731674977877,1671.2004408960643
2703.3369444444443,8702.547638737882,12816.618432367974,45037.56999999988,17089.303753334854,5699.4912747673125,7147,19486,9432.15653953003,-1104.4226965179366,581.7653672931066,-2104.294227280373,242.26850323101405,-27.068087346048955,157.09780643507116,2439.463643798375,348.1053048989825,3947.5648853951457,1565.1459054691602,5118.360171991288,2252.8530226847065,3487.8880007780876,1822.5283793805324,1059.1267415492903,1732.7833493452943
2727.3688888888887,10067.053021360613,14303.191908611243,49731.409999999945,18601.53416314831,6028.572110009205,8032,21517,10798.111818231302,-1127.5657445891477,637.9910513206349,-2191.447282835929,242.26850323101405,-11.165311239811608,158.8444957670079,2671.735782816205,415.1939207258419,4384.061804748392,1787.633236384095,5496.183677228911,2628.4536674050996,3889.139693925569,2273.7596726318593,1192.2492885569611,1922.908473895028
2751.327222222222,11176.551424054343,16594.130454000424,55684.75000000009,19941.37588436289,6646.390672201991,9116,24085,12502.852989434601,-1364.5035376870394,671.3236979228324,-2294.079286342113,262.26850323101405,44.70091630386417,170.14840183479606,2947.1531780192713,475.18101137410105,4974.646993832977,2094.4678590676567,6183.663290390999,2701.5036320128247,4552.043465828483,2618.950733744985,1550.505433653917,2182.7075848661325
2871.334119689542,12348.485565281662,19346.14206398339,61951.71000000004,21590.931860422752,7062.380958395228,10151,27210,13952.255117198454,-1064.943196292784,734.7194937002035,-2433.674227630357,360.61016653294644,59.171573426954794,214.71627215249106,3592.2662428885783,595.2523605697124,5483.840496247363,2184.958458882951,6798.955059109733,2943.0540269976887,5207.778706665179,2904.23490601382,1702.7474095686352,2410.9398804318357
2895.349166666667,14276.04351291162,20397.733858223128,67866.41000000003,23963.78185383521,7903.371424243114,11224,29462,15601.522863698405,-1340.3598223239876,829.6239502822741,-2635.641475356929,435.71517280926867,66.73886530372988,214.71627215249106,3972.902312216544,680.3502135874633,5988.6270502388525,2417.5776077759347,7219.3871248746345,3321.523480244148,5571.01988770485,3361.0559325578793,1555.0599155653838,3015.4808835021636
2919.3269444444445,15630.36027103024,22478.862632942433,74523.44999999994,25831.66173444796,8771.892485157523,12529,32325,17441.033147452014,-1553.6588300307003,928.7520080534842,-2939.205788109776,483.03041829317976,137.55586086279334,232.26102196772712,4321.433132983856,768.8016552175584,6323.568670220978,2619.1119619355536,7915.755073102084,3697.1846141611186,6505.167409518779,3800.384167722291,1768.2471043942446,3100.8344236793273
3039.336388888889,16773.258562420186,27443.84751253684,84409.40999999993,27363.494793411784,9872.238852300741,13937,36621,19729.82884175068,-964.5862089192597,983.9126118813588,-3053.372839078602,559.878480125059,471.8329468339845,251.1740929960378,5131.410685163821,813.9881847217486,7312.324803557575,2826.568056748854,9604.037472037115,4090.7500965906684,7118.115503876421,4089.9728412366885,1824.0851490653727,3157.014198119762
3063.340277777778,18157.542595523486,30008.46306553357,91214.20999999996,29113.57861777118,10725.48717065189,15079,39242,21366.681146043527,-1122.3868926174582,1044.9055131514024,-3137.5921727462032,571.8962690450425,575.4274192036258,252.88148197442905,5718.441218985769,871.0124442531131,7700.5685063512665,3132.7948856674993,10466.63716592462,4312.749531477166,7827.4072191932255,4478.289777996384,1979.9606012381976,3493.0126919584377
3087.329166666667,20138.761203597438,32307.2795365749,98825.50000000001,31410.21398719604,11654.566912671175,16444,41969,23453.439563558055,-1400.0510778836367,1238.3791732830878,-3397.141719104617,667.6331031233541,804.8520007595517,274.5942300037794,5979.055257114556,949.5658923011105,8281.476895366537,3559.2044282401985,11510.003900719645,4729.6878643406835,8496.460401259214,4880.7991181679745,2032.6238783431331,3838.8973941372324
3207.361935805423,22009.09112121517,35438.539969634374,106740.58999999988,33410.18828280819,12430.79922034489,17868,44685,25461.062527212933,-1220.3432829020262,1338.046389852267,-3476.0174052229645,731.8821303833812,889.6329084690323,304.5048302368737,6640.989281267545,1065.724539425556,8774.734098560453,4148.621917377044,12544.751384331004,5099.809011895201,9033.612432065273,5266.026500307523,2251.18055306544,4054.4758017373942
3231.364455678613,24313.44385214182,37677.05748026482,114343.65999999964,35899.10047107878,13281.899307941942,19318,47510,27485.60274071505,-1523.7590555914571,1468.9489325828417,-3759.884755624314,754.3887360440704,869.8204567506765,338.41463860383107,7230.127354437004,1192.80714757661,9343.885554774795,4606.385357819432,13370.469796492021,5810.019513877132,9678.071074908385,5827.351448095288,2468.327054116765,4315.128077542697
3255.325681542198,25752.121702279648,40943.50381231585,123023.37999999983,37930.068813524886,14497.497414459718,20937,50879,29652.309959699785,-1673.6604511130859,1583.5839084149352,-4124.9042503079145,789.3971394818245,913.3563259193069,373.13906575225184,7812.841376096024,1284.1768430121717,9861.13214556751,4889.734299906862,14479.129978514593,6325.772363002776,10838.782581828245,6094.644058680666,2836.8261058102844,4411.674024028215
3375.3647307960687,27252.868507047275,44380.57015970168,131505.3700000002,39569.67820887183,15563.251713443482,22432,54235,31991.86991798342,-1584.5627776580857,1609.4147071031239,-4200.061478470956,808.699454649487,1077.088195443634,377.9197405984941,8788.044365716674,1440.0325893986894,10481.043119153528,5185.446551428847,15386.234555614881,6623.627891865539,11434.34587007212,6468.690782479676,2998.438309828643,4739.036789523499
3399.3657200601615,30383.59184632579,46212.53311951975,139237.6500000005,42231.132609721564,16644.21445336212,23868,57032,34149.76981739688,-1821.9281635495622,1682.3582259656969,-4460.483242242911,866.8996046777505,1120.7241172721288,409.66558795226393,9207.348320095783,1596.6309188307603,10742.828720776091,5396.003437815224,16216.205099351057,7057.094621075234,12197.470938283972,7740.813906305062,3010.367329531963,5634.125543703907
3423.3275,34360.900089869276,47763.38321092198,147688.02999999988,45876.2818348007,17646.292465929706,25455,59719,36402.072488348014,-2050.3217909026544,1798.8381191079402,-4672.483530743899,897.2664999248651,1183.5830362068693,433.91707809744463,9490.098341513327,1767.6133056685599,10990.004361957888,5889.781287084312,17104.785463045573,7937.091145172141,12499.677642656163,9104.789846947653,3218.039687187562,6531.602807866316
3543.3383962474513,36599.136244604255,51028.67663957427,155617.17999999982,47745.0850157206,18272.70763055571,27012,63370,38570.71071414972,-1963.9050843011591,1884.499903449093,-4730.072804289405,908.7889063639147,1292.0293726404896,437.84939049924736,9853.794025143254,1923.02056314403,11503.216152492869,6016.682145459815,17979.5675164278,8166.1092572127,13539.539858375509,9992.346532070802,3554.5076030836935,7269.839546404462
3567.347222222222,37453.22154676477,52455.03086108715,161601.92999999993,49481.86351684516,19599.497841313285,28090,66616,40065.53778075511,-1610.9575072137598,2196.2300247145467,-5083.56453448846,972.1177737472339,1322.0028040885659,502.9059798976146,10264.683117568478,1982.826971472732,11907.985096770193,6120.795993080245,18615.62041380987,8243.464843228618,13467.23555033679,10118.375377363076,3572.0259202139805,7316.504583260495
3591.3283333333334,38562.96332733442,54941.93239690928,168890.91999999995,51331.21573336039,20621.52201562584,29395,69664,41996.249854104855,-1708.2754819696752,2295.616067351389,-5282.90816250977,1056.6913407718785,1454.6169885336012,584.4154107074108,10712.17122847147,2044.644154402241,12317.617412448264,6291.901080792373,19624.830529944782,8436.223915778017,14274.247070256504,10410.551801023867,3549.6328117326,7442.919556507058
3712.339404761905,39865.29747754041,59382.15824701578,178380.01999999993,52958.55990643787,21516.80899472529,31010,73523,44522.492851821546,-1682.970683028678,2422.810540097137,-5339.972061313877,1072.1365916584027,1575.2895175476997,588.7213493730442,11394.039776615526,2201.244376075166,13289.829658889159,6528.504120648426,21007.148930724707,8729.23191863291,15290.391216387663,10671.108237289642,3848.4018911919857,7651.540343765542
3736.343012964094,43616.9517705293,64458.57711756395,190805.3799999995,56383.45228437335,22658.961940517253,32920,77711,47304.38865754579,-1834.6977969302961,2666.853423351995,-5665.15361909859,1138.8897762205893,1718.081523953705,688.06851032378,11861.407204846222,2687.4391423844518,13518.853861737354,7579.393756577654,21818.694070439662,9213.353653787402,17960.264512988626,11603.688050465436,5081.12735962554,8039.265457417803
3759.3292145205537,47560.38673905866,71144.38271301746,204163.28999999928,59241.62124773022,23512.44505345518,34940,81626,50264.84098579749,-1239.450014116797,2794.1877972723514,-5738.213212519615,1145.1708223575015,1807.1914005597537,718.6195692264587,12920.883383494644,2984.1430642625264,14079.455677941882,8455.417560307123,22906.503457533632,9781.981749807801,20696.94410979088,12615.544059962507,5711.067910331372,9065.32211586229
3880.347180685358,50181.87886298113,75252.7354244274,214061.33999999947,61612.80237430647,24483.230498217912,36592,84830,52712.571703048336,-1110.5573905662777,2941.8035203710956,-5859.497227159667,1153.7768114566552,1909.8634673717863,738.2896021907205,13456.76465659131,3038.8871627313583,14779.556939892454,8681.960027122663,23939.713353419225,10291.564369655667,22009.305352156054,13626.334377476554,6127.586272720478,9709.262991976242
3904.361388888889,55340.24140259291,77923.07628672809,225231.24999999977,65684.39477183888,26296.35843479947,38460,88072,55327.42050663439,-1418.8107259734084,3791.3322644232535,-6413.588809825784,1493.2148394641831,1747.7184017297654,1041.903757948508,13890.74813567168,3281.475862300216,14840.64601269331,8959.067557236116,25141.760963114404,10567.757596815618,23926.88826282701,14770.974774828454,6207.714046488185,11434.514749576349
3927.3283333333334,60646.114941466694,79398.90777234026,235154.3399999998,69737.33409574366,28214.09490701512,40231,91095,57804.00322490209,-1643.4628710444529,4552.2028604833695,-7085.871777710507,1914.0277531470456,1578.6816028107005,1419.063851102224,14226.576019572703,3588.8461680470696,15258.874192886933,9476.650104413764,25837.86612397832,11224.230972277053,24843.54017039189,15598.674054436835,6382.704311452019,12872.419177559084
4048.339722222222,63492.37471693083,81722.0402913884,244289.15000000034,73261.08054544833,29123.287058929374,41856,94386,60182.74210423537,-1707.765080384601,4730.458195153819,-7123.919900674663,1917.0765978440154,1589.6569515381138,1431.326132848258,15045.188941214741,3937.6088596370796,16097.423582819274,9911.659951274296,26377.677540757297,11511.175748676907,25329.371390038694,16411.258085922233,6114.406866076308,13641.81114557403
4072.349164809632,65921.1428601501,81154.68239947186,254625.64000000095,79790.1811059764,30999.418034938582,43539,98308,62681.35845961523,-2499.5235254651425,5107.326256238601,-7492.555909259407,1981.3021329769072,1467.3326506416502,1491.6685050979709,15905.776438837684,4271.198713141261,16410.356969210236,10181.49865186389,27351.028316171698,11749.22294672683,24993.954348920848,17001.84800675233,5018.313110410551,14137.07764735216
4095.325277777778,69705.96659846835,79927.85323180012,264116.03000000084,85666.00182562748,33205.03904821655,45183,101887,65317.13589435788,-2978.667464830657,5257.322986623442,-8042.318232835495,2213.6475066758576,1301.4075811893883,1631.6685050979709,16483.69863599482,4526.099048563721,16450.178503013023,10450.826321342365,27633.87914666566,12096.571782989551,24694.823986692114,17988.18886688063,4384.851075907187,15541.641580294394
4216.332222222222,72857.08799588932,82013.90904665593,271797.5899999996,88501.17907814095,34016.30520166606,46659,104942,67266.19667353889,-2965.170921719959,5411.477623365961,-8162.856469244163,2278.476158251754,1323.1001502503716,1649.3028564370907,17112.85757382905,4667.510776005652,16866.64728581314,10994.902351635179,28132.677656310363,12772.494619419058,25271.798856553058,18816.85967876104,4434.85491486024,16266.063932013087
4240.336675643755,75094.8889597873,83337.4267859152,278715.85999999865,91149.82988808693,35091.13017940081,48008,107781,69137.47314659895,-3045.681478753617,5504.698055496001,-8521.849907172877,2379.3874085202865,1118.515828377762,1755.7848907973455,17636.080204956907,4929.712601199369,17162.760211493183,11526.7664878859,28487.78984109107,13283.913710187753,25958.926577423077,19307.085749078073,4540.885508495888,16407.5400566222
4263.323777386542,77179.61075319034,84554.38674355819,285889.5599999973,93795.53379122248,36639.4304034968,49332,110744,70900.20906172392,-2955.040011212129,5700.491079665257,-8935.73093847432,2486.278204936433,940.5684933705227,1886.526841815184,18084.94336956332,5389.184112791422,17422.326113192197,12092.617589502068,28834.449722259553,13504.199668716308,26853.49637487514,19601.687063656587,4309.373619980077,16518.62619210672
4384.349401852984,78234.54882607906,88228.99751665528,293735.0899999972,95231.54749537924,37527.77993991083,50865,114837,72746.76504805495,-2804.2916375505265,5797.391363947612,-8988.800700936376,2540.3264647086253,928.7635933488605,1917.4385612087158,19117.027885985462,5579.173906059857,18040.05309236576,12209.39751735274,29342.542000673708,13677.42854104036,27948.961832379842,19854.885616838616,4644.741450384821,16658.50685492233
4408.350833333333,79676.86575126815,91924.67709449209,303046.2599999977,97055.02694206248,38907.29210876382,52640,119169,75159.26385468096,-2585.1225851090962,5951.729808586773,-9286.381063076193,2658.1799629153184,920.0306435215167,1994.8166084976547,19931.764097914398,5677.224826080215,18552.42726184878,12468.644647813584,29927.627197505728,13934.41894030426,29412.513678978623,20230.87224128512,5051.8178629050435,16760.978715785077
4431.324900793651,82732.2668570273,96047.44137986905,313801.47999999847,99964.28612877816,39918.21790113112,54638,122913,77871.53459022091,-2476.863218461124,6138.203485873703,-9594.543946955419,2798.5379669201484,991.0367542121884,2028.787088749552,20524.038386840977,5788.100373133719,19286.872360149675,13120.7712886763,30528.422897220615,14233.21324612428,30893.737266494147,20948.935323966925,5894.740880364665,17675.718083582942
4552.3358333333335,85171.61099775998,99723.7379159779,323792.5199999969,102489.87791762222,40855.552547976586,56434,126403,80723.35161842237,-2330.8457816057075,6420.087208805925,-9857.978431456266,2855.602736502098,855.8762856984239,2158.831898985968,21208.174182702587,5909.15254046745,19986.517521377467,13254.810606085766,31369.20042081295,14492.848067850487,32062.080076138398,21704.459123771005,6430.71364230608,18375.81881529163
4576.336111111111,90063.83983737868,101960.97379607726,334590.379999997,106903.42897235785,42113.39674753846,58514,130112,83612.58048402592,-2302.7493550518097,7084.361074717142,-10474.126270445737,3237.95823841956,454.67664661014317,2388.451872671215,21791.400895953317,6295.405339111316,20326.554393732236,13671.503988706609,31894.430707053703,14859.72070513566,33100.48881253013,23183.815984200497,7170.2979656909765,19342.622634416715
4599.3227543036,92843.00173603742,106345.04221740826,346411.029999996,109955.36577779683,43387.533878427916,60673,134090,86723.08812636562,-1946.065541378275,7466.839430529419,-10859.221317908263,3405.9031233561936,271.9139225867011,2551.7783007823145,22281.513899691654,6681.019446362107,21000.73934623376,14043.735869987364,32845.1862510267,15301.721476774293,34635.44600049159,23696.674768052497,8115.529656660608,19695.329320192963
4720.338921356421,94769.64265252184,109428.46343852801,355316.67999999644,112146.90746917669,44492.75935401739,62274,137360,89248.54973827637,-1941.2314795632537,7616.091953409344,-11080.808321799086,3470.8326711147774,250.38202496042845,2600.115273641277,22863.699232292325,6845.418747968422,21652.038124329883,14307.285278678684,33363.74576363957,15668.642999287022,35448.80526084025,23984.14051313446,8871.832833823455,20277.115215287788
4744.341666666666,97893.60933550831,111700.21053610946,365023.4299999968,115067.95182989835,46374.59780988502,64021,140748,91880.6698241055,-2132.610090498439,8127.9821833263395,-11423.715174536475,3611.2532543851376,180.48034551113724,2697.9479667836313,23363.512936289357,6938.312122271802,21896.008347660354,14681.376894359872,33899.844517470076,16090.822241642894,36414.52408224983,24374.769061775165,9502.165571959044,21371.14561096343
4767.329166666666,101205.06778944809,113474.32457983134,375141.8399999972,119312.53024975542,47629.19244796539,65797,144049,94725.79272244606,-2252.837608917089,8493.016167627342,-11974.48810924739,3875.7034211942337,215.65153468838645,2806.7609649844053,23810.99409269714,7084.290822631205,22296.101497850268,15156.423354393506,34095.308802059044,16275.367508747255,37423.17702095048,25137.76589852674,9860.417349745287,22375.739651343098
4888.354166666667,103536.09557867686,113844.32419832755,380546.05999999784,122183.24474508455,48374.63454938415,66775,146146,96143.85650720212,-2049.3324410361147,8579.03349633387,-11985.002507882584,3904.7662264212395,49.5717288023065,2896.2255096513263,23786.042181271514,7184.049285326286,22280.667228468483,15439.140614548382,33992.460390066,16748.69371665409,37650.01723463557,25927.175009625997,10119.9003839965,22857.011720115366
4912.360277777778,107374.34124147242,114954.13300522156,388058.4299999977,125440.98714843453,49609.02309223466,68192,148801,98054.28675410734,-1875.229543044168,9059.043065075391,-12333.844057435685,4061.773315323412,-107.06394542770694,3041.3345473235026,23914.10461537374,7318.5246845505735,22492.242107904083,15801.687328729897,34314.767663434955,17116.686875070183,38207.81927801768,26692.02493129816,10341.336886392653,24283.26649410107
4935.328888888889,109688.90862869282,116210.25340901091,395436.3299999975,128504.52883352662,50853.92990420462,69534,151648,99867.61785325587,-1722.90024081136,9227.632263658466,-12945.591654224394,4252.947429928632,-547.3521354883201,3284.904048473617,23986.725770635672,7558.00012829912,22723.57341311915,16039.162494034876,34605.56292993234,17297.91077700121,38932.0865535605,26918.535186397177,11178.148772281242,25109.816300899412
5056.333140209915,110586.33281296364,117702.39187566644,400869.8399999974,129926.0718924782,51747.92193892156,70447,154598,101493.45429293187,-1456.5433016838388,9382.565094734373,-13145.653900420773,4413.4633042816695,-631.3539752974887,3406.2446616203306,24297.06383399974,7635.685887229333,22855.389228703694,16073.308669906008,35303.370351513564,17410.585930177505,39301.32636929062,27051.32901883912,11178.793269554073,25213.150246175206
5080.333813626461,111987.2223552797,118578.11428462398,407491.4699999969,132090.40394732356,53145.26211359691,71561,157409,103677.6896544531,-1443.4853912671135,9613.754188470928,-13618.562862862513,4572.963676172755,-839.1554868421501,3543.1886409530525,24576.579744301016,7671.216106385187,23322.245009946793,16123.424142801689,35678.858049828625,17624.799879833547,39642.07440773864,27381.101026971563,11259.560813773758,25456.77469369073
5103.326666666667,114102.18155112128,121025.69704183577,415327.27999999654,134186.25989058326,54147.178734555404,72942,160288,105968.14433302186,-1266.5182928978318,9981.26795614511,-13870.973110421264,4776.165463708303,-930.7946281846681,3560.6041842182303,24936.915118967896,7695.739523004881,23860.862874149483,16329.668884029436,36133.07253788956,18142.169089482435,40402.16604586359,27607.50893652665,11760.96649646232,26009.05751400597
5224.3366520467835,116305.3765939573,124702.9977791707,424735.64999999665,136225.9454693955,55377.92947184511,74618,164294,108428.77727958246,-942.0736382706108,10149.84619595778,-14001.634515665273,5017.128370281414,-1052.799750058501,3630.6041842182303,25500.62760659034,7807.284842031997,24354.88599438068,16477.724076222617,36930.738230778356,18495.419678053095,41517.00993909648,28556.230910737402,12396.243912312168,26171.13833645473
5248.346666666666,118828.32508896585,128438.1954553031,434802.9799999962,138889.15196014443,56336.399067632025,76419,168196,111139.23351691302,-874.499299178283,10359.713513402563,-14212.225510311986,5074.348587929121,-1210.4393143607624,3707.1017276710836,26124.99699300333,7925.2424443983045,25108.3195555295,17063.11375934874,37511.97615006388,19046.955913826787,42938.97041920664,29044.050691520897,13051.0964613438,26607.79845086827
5271.327777777778,122424.56055042282,132992.56989518073,447409.5199999945,142460.15940399992,57460.45712722527,78686,172282,114496.33357358752,-895.8239297764611,10887.057345494833,-14736.501389539797,5223.103189974806,-1355.7403090813727,3807.1904806612674,26640.921969965606,8183.298038224066,25959.982663163944,17594.004417548986,38769.75170956824,20019.675498967492,44329.266523056736,29766.62147231871,14280.712657816368,26943.610107232616
5392.329816843736,123992.36627205616,138320.15507116917,458414.80999999243,144261.38966973207,58649.5438193897,80713,177047,117183.72143970229,-298.64805516301,11021.287240018295,-14706.834424620261,5380.016653133367,-1303.5190364887676,3960.5557453002984,27367.34236011675,8238.25949777868,26731.03299818891,17758.680031302047,39889.92960960723,20280.276679325896,45583.4253254405,30044.18247878852,15057.426294078397,27309.107946408803
5416.33,126484.48375962132,144509.1812327525,471192.3199999928,146841.1600311274,59768.568228881915,82853,181389,120073.410507231,-646.1878794371212,11277.170284891114,-15059.915203967832,5479.889647707207,-1251.8823365937353,4112.672817645111,28403.32278211298,8394.428742541173,27365.168535456378,18057.756627676114,41366.18093691839,20517.54038801391,48049.997502620114,30533.72681732573,16282.496895632452,28111.29843382029
5439.329166666666,134612.57128973087,148655.47878882434,485708.68999999214,152246.1708787942,61054.06477142467,85660,185636,123752.97556094844,-585.3220700478574,11524.441427954218,-15570.022991537766,5622.988761840004,-1247.2761801759232,4355.007900081904,29960.445955115072,8931.234657500778,27514.957616672662,19373.009254182816,41956.48796340177,21795.31597565836,49666.62774619879,32288.896822185117,16959.580749186498,30721.676490327252
5560.341807017544,138995.1496271347,152684.00580329046,498258.52999999066,155719.74319935986,62640.83196894997,88033,189630,127213.94902838976,-780.4600006422842,11918.896514784072,-15751.00116640156,5733.2013888072515,-1099.414252630234,4384.295733797235,31003.97280503828,9146.432719365257,28392.27921688537,19982.85129649085,43128.176775677384,22226.290030214568,50802.453690096925,33476.6268418555,16987.998735257475,32126.555101819496
5584.35571977638,143187.14149854708,156420.79417419585,511086.68999999046,159723.76875309693,64330.00913197319,90416,193502,130612.11794072262,-1056.3870543738403,12353.786826686199,-16429.579887487653,5940.246122786577,-1111.1781069333015,4476.210620025999,32029.333259347644,9300.487430775716,28979.174127333,20632.93847013475,44023.725617882126,22699.91012389642,52564.56861384064,34767.11442014814,17421.137604578726,33016.44748409292
5607.3281086142315,146464.64617052354,159612.7942305744,522179.0999999902,162690.50367218468,66064.27979851117,92450,197436,133811.52229871665,-1303.8392940082438,12860.582590077225,-17089.237909528467,6134.4126008493295,-1171.8266196826976,4573.504975213298,33012.88545647118,9492.15044785729,29667.987998467972,20948.701605633196,45352.342373799365,23197.975502727935,53884.922679858544,35991.09791111616,17259.559545187916,33266.22053704895
5728.3325,147889.72054264127,163591.5553293378,531709.2699999918,164457.86303342297,67229.9000700131,94208,201320,136429.95156721259,-1088.5520778047314,12986.803553195992,-17171.149473017736,6197.875192297416,-1089.6689826656282,4598.489834810225,34153.031809054606,9680.061992268853,30224.194716084865,21270.35173959643,46159.07241097436,23266.584536384846,54928.72854917014,36292.988613268324,17475.898377531776,33596.56508081856
5752.336944444444,149871.54849215664,167698.10316491697,541790.0299999904,166533.99686213615,68266.44617954124,96115,205293,139291.48379339202,-1010.1519877995564,13269.646730333394,-17474.147828532565,6311.145574181941,-938.6578280487789,4688.980616219378,34995.906679668624,9844.224100029152,30735.63465424826,21665.520843621027,47063.100772742255,23555.29169744087,56156.89110413975,36476.32874126818,18169.52759848757,34060.41018906187
5775.328888888889,153459.80643533898,172789.6403224185,554583.999999989,169914.41664279578,69260.2442901576,98594,209560,142619.6987446131,-1035.6250611380292,13594.99516108683,-18044.914356712143,6523.349374145897,-966.3096415232327,4905.393542246901,36027.65907922044,10206.50654284335,31445.88130437522,22157.77433701555,48141.87870692668,24090.66302065987,57716.55312577267,37175.001942143834,19504.51716548443,34806.122515196716
5896.341111111111,155900.1180242845,177426.4093573052,565317.859999988,172197.7838351899,70107.44920045215,100574,213794,145586.21760703638,-1003.6264106150968,13947.251885244845,-18024.891789421636,6592.160387469579,-869.0593386550901,5014.923673584299,36814.554587759805,10275.289434287215,32348.813637773514,22314.53610444197,48942.943042753206,24359.101574810025,59082.46304587585,37754.3013971947,20135.21258182045,35642.55356725222
5920.344722222222,158778.12713342544,181943.35355955389,576608.729999986,174848.8599287829,71263.86955969024,102717,217738,148552.64695195435,-1211.4458045880365,14209.180517070603,-18283.821424442227,6719.553104554068,-778.8594768998353,5078.0084579822405,37101.19039597079,10433.535402382236,33289.66773584874,22763.715868451687,50174.19054549332,24895.340345173037,60611.65715455078,38313.611139477754,21040.774433606075,36365.18229833499
5943.327894894895,161731.3132055719,187780.21117926054,590132.9899999874,177763.8825847662,72398.86696405095,105190,222246,152190.02927190225,-1199.376009763829,14519.095755003114,-18720.275246321336,6870.294362635663,-734.8260326456789,5164.842486144611,38072.76394228559,10563.61288512931,34201.253912869004,23111.71162426861,51499.9833124204,25232.755288642205,62365.61582745277,39137.07581636208,22295.07147294718,37131.92498738764
6064.330379353233,165431.92322788594,193023.29093962838,602057.949999989,180431.76952323926,73333.87009081712,107277,226650,155269.01944629208,-1267.1652885825658,14768.611951805558,-18730.019873545367,6923.7301291152435,-669.0602694764966,5178.970134871439,38695.36873849178,10593.837446768028,35025.46830171306,23410.264973338715,52954.18254347336,25543.530689321036,64501.96962882881,40087.63584000204,22512.547158709203,38925.34206266504
6088.34063727972,170560.98656016242,199085.1494578542,616974.8099999916,183823.33372934395,74991.3610050087,110188,232150,159074.96580776785,-1588.724024716241,15124.243585077264,-19090.51771793851,7121.781623067515,-668.3532217813768,5221.599890550677,39542.474309037665,10683.388840314634,35792.02906835353,23926.930364633292,54046.16011151663,26167.09905204979,67001.97719222665,41235.40343555615,24050.103741138875,41080.539768913586
6111.325876235618,173197.45704300344,204926.90748535565,630990.7299999923,186481.38622996985,76636.38423746124,112829,237100,162946.0520471871,-1650.3656031743753,15339.708769090397,-19428.10149993786,7292.2460254689095,-654.6870474138194,5289.343632606442,40530.23539693181,10818.944543701456,36848.966548407836,24275.26523470165,55523.50527517702,27016.504780991218,69229.81045325105,41731.45077525305,24527.543962093863,41433.9932811917
6232.333333333333,176475.08996337224,211590.77021768087,645391.9799999925,189111.9318443188,77971.09173260337,115198,242260,166718.18620537024,-1220.2242360870227,15552.270974275232,-19519.315573109612,7336.743563885169,-448.740814074839,5295.337778343832,41335.822627786154,10948.339808553692,38238.01961905635,24747.546131825955,57356.9695126052,27599.88886441709,70996.10695256121,42884.05814374405,24852.132128921032,42110.90469832874
6256.34,181167.68682288108,216750.87914561713,660164.2699999914,192958.1655494731,79675.85828262067,117787,246787,170779.36702226012,-1702.069108816158,15906.888292662372,-20222.43023185835,7567.221052779814,-423.77892404151805,5528.944670609494,42417.16452600504,11231.673592773992,39541.13747573331,25568.692091529083,58843.74969149218,28430.46425640065,72642.90999569162,43829.340775097306,25654.195721387994,43104.46209103052
6279.3275,188844.78349325745,224074.22696657613,679125.3699999913,198437.47712097125,81379.12302642423,121133,251674,175234.54288599646,-1881.0656569945443,16518.978220831348,-20956.683045380672,7767.785790369811,-444.66665203869803,5823.326360663341,43786.003407257434,11618.213954524626,40560.45986863992,26933.70483370642,60691.13801066821,30038.0821254574,75516.12773387082,45563.110361906154,26802.913300531058,44581.58184580099
6400.336977124182,192596.79824028982,230725.09106498313,693412.9699999926,201361.7912866141,82446.89491847811,123538,256254,178879.19272988915,-1881.82238173976,16860.307509379552,-20982.95276000307,7857.781643749657,-274.1294211245949,5888.958137969815,44931.11608605073,11825.773141806518,41837.108036427344,27424.457434537766,62152.88513997855,30330.806860135584,77458.44198623198,46182.647340800875,27484.444379139655,46226.06617191305
6424.3405555555555,197887.4999797925,235569.5799486607,708793.7699999933,205793.42318256706,84672.00730442387,126372,260955,182758.75956431055,-2376.2417439707388,17196.57702271121,-21676.13708846369,8070.665135622536,-362.6926507701261,6107.3194483513425,45440.56298183398,12066.042812583857,42971.76120767195,28298.68476463183,63149.70185472077,31096.133874884174,79724.90363733674,47713.597438316014,28697.721750279517,47338.47948269487
6447.328611111111,205022.1082083358,240142.2699446933,725168.1599999893,211178.01419192273,86709.0986290306,129272,265317,187138.7772343155,-2392.0153244393673,17453.431708819982,-22348.729271287033,8442.986235251243,-469.34174020816283,6383.997201685418,46703.17646680209,12858.432329173213,43557.63186458308,29985.46660745534,64411.090831780195,32268.961469026406,81260.76094460231,48666.05115128201,29419.696172836077,48962.78150564591
6568.343535848683,208550.8490386522,246535.14395754703,739872.8499999912,213878.57129773265,88296.156172603,131819,269918,191162.97857207648,-2208.317950002381,17704.817588750913,-22687.183819439524,8458.563982519212,-381.45720341554807,6392.111424497509,48079.22378497397,13255.861390587832,44776.10446746345,30883.99576414302,66026.7300592956,33109.5748288974,82771.80778888466,49196.15163850997,30158.23682976292,49549.772420749716
2031.3766666666668,495.75642684117895,325.4699031386859,1990.7,1043.1421356458077,119.36094215008524,317,889,502.72701906542096,-24.149480969253645,10.691058103408182,-73.82143438230952,0.0,1.7696048374787012,0.0,83.47664365149646,17.49843907935235,98.12787481138307,50.6688329867182,217.27604519417122,84.88495450035242,60.84060831576481,178.25994565730872,-38.04995832004545,153.75319651403908
2055.387777777778,625.1021765113206,550.6371966771413,3522.760000000001,1889.4864993329147,253.80986581611438,558,1731,828.8264381738342,-166.88462256869383,43.87432461463192,-223.30636493786773,0.0,-12.930860761448123,0.0,152.0478305998229,34.69890040480101,184.1054968750339,63.75852584470317,361.3345541054463,127.06829389557197,173.1581857944456,197.84570045434242,83.1129775704027,157.85643129726992
2079.3247598870057,900.979148349614,959.9771210901893,5718.750000000003,2896.543625234574,666.1443539421227,888,2786,1196.084899733121,-236.80021659442096,65.94978296786059,-359.18967900761373,0.0,-32.69756107977387,0.0,177.6297731760154,45.86967042782459,343.0468365626864,143.45821900869203,501.9019653691076,223.66314766136122,422.07277227694715,229.84941094141521,144.013230387242,192.18891734246012
2199.3616666666667,1265.8345280876124,2416.178627474407,9110.730000000016,3677.3043912374515,1258.4336327876338,1306,4896,1758.8133485005217,166.51062075865272,173.19462797978957,-477.24652129486896,39.54319818991985,-27.850597477391865,0.0,313.7899799386665,60.61928258998972,838.1113075869255,192.86772519742,868.8612527900887,320.5675780891121,497.3481642780511,260.29688493905854,236.65442089428825,218.7452311023232
2223.3825,1557.7795485356341,3463.4260966289085,11651.870000000008,4497.325764332245,1471.9296759319595,1660,6030,2219.1884631068965,157.8568878722485,194.47203374446025,-587.9960841139011,39.54319818991985,-14.50813851153238,2.322917458808206,478.98432359474884,80.11847335166311,1192.4912568639083,207.81256220039393,1177.154925544731,380.9842899249858,755.2254490415024,322.90239530855746,304.2174763372186,329.6236783568456
2247.315287114846,1918.1043588680873,4292.733330934381,14062.210000000006,5368.406498802813,1759.2171082250225,2043,7184,2641.8530620377987,93.54516865317366,206.808637445349,-643.3535705258441,59.54319818991985,-28.20244406709019,2.322917458808206,540.9516950582298,86.41818792521627,1361.4725662500607,238.78702601264808,1473.9844513992762,447.1822404489227,1061.5850735412005,394.15329071102525,432.750390625391,482.88886067619757
2367.4002896486227,2400.0570296046913,5310.655628903465,16980.719999999994,6493.1686211296255,2027.1355382834793,2448,8451,3149.7602116834328,50.72097153901697,257.72787785569636,-715.4948653936643,74.18121796655578,-19.88772184487503,2.322917458808206,681.037418687012,93.90705459846657,1785.4457238084422,273.8651167084115,1805.2917914149375,505.38159079487207,1205.10383270598,496.2681404871585,518.4384779866552,696.4031137347215
2391.4119444444445,3144.8471798078617,6130.460514949911,20431.78,7917.715182203288,2557.139634167549,2928,9737,3826.464668679215,-127.51178129018034,361.1231355248404,-920.2459522413889,84.18121796655578,-60.08091628931946,2.322917458808206,872.9507958565569,103.62126335815202,1976.1714155153318,318.914166224199,2229.30303853424,718.160587919873,1537.764845282247,777.6902441877756,622.1090695825084,778.8336471676578
2415.3269444444445,4033.7578892995275,8258.57598849463,25325.58999999998,9134.725210011075,3113.0291977673414,3544,11368,4819.259603726897,-179.11917180737726,380.8116054184408,-1068.249899459557,119.869163847055,-47.56911941431484,2.322917458808206,1047.7182392313287,157.3325516227215,2436.981958201976,520.706582259715,3135.3755055965303,1000.6169792170951,1922.9553389597356,961.1616573307924,1010.4831371864242,890.9364321449021
2535.351135953026,4507.114942059303,9341.775712083308,28583.739999999998,10038.762282161202,3549.5174609916717,4155,13132,5653.684544763792,-181.7716066173645,387.221135116157,-1090.1714592858398,119.869163847055,-16.017683097868037,4.741671918539623,1325.2734557455215,187.51142917985663,2773.304177905949,666.5118288525986,3567.905149134406,1170.818617786128,2037.0290916024674,1022.2559073177641,926.2245866960731,948.1851880412074
2559.364722222222,5332.873532339786,10285.420179449287,33129.39000000006,11893.895335566016,4164.607733075036,5031,14985,6785.466751909609,-419.452101392865,452.4914375909187,-1268.2458068291799,126.46777033180956,15.306425653842222,7.366453394825385,1599.297818290966,269.2612489369041,2875.4347224726735,831.1177338493417,4144.850038204846,1365.06572930997,2312.107947138884,1184.2161153684551,1026.121135910169,1096.8870435575723
2583.3241666666668,6422.773675917451,11250.16495478975,38095.439999999886,13715.781118550234,5100.65750182459,6016,17312,8028.836424835352,-970.3346107244652,519.4622863519355,-1566.4346679593211,142.85291693674503,42.80194313002321,17.18925568240502,1826.3188606580493,361.17073419997377,3094.7154394312165,1109.8059063123706,4741.964177580016,1536.853757133921,2903.564609888831,1548.435834841297,1177.5692027854643,1187.0029844587966
2703.3369444444443,7445.060703784434,13230.224773637497,42819.74999999997,14897.265033656013,5364.37999903584,6880,19486,9327.880193670495,-924.9098084587945,544.9872514911616,-1584.789805198333,142.85291693674503,76.46423062519342,17.18925568240502,2112.5908506797605,405.97989599038925,3603.7177989187603,1273.4016617420912,5275.785830803597,1814.4543353787021,3349.5067924323707,1971.354015883058,1321.858883835077,1274.841370679877
2727.352344877345,9036.761240119036,14192.197309471983,47609.410000000025,16731.09975652507,5870.5876142985835,7791,21517,10815.525319704142,-1087.9261756147582,592.9259230236873,-1784.3473704638204,142.85291693674503,68.12876421714314,17.18925568240502,2308.972766691951,415.75579790319097,3820.670055710276,1363.9520737924577,5674.23327769978,2187.6818742493265,3787.319368866316,2382.2162697049407,1405.1466223652792,1934.187128826295
2751.327222222222,10576.241083922643,16655.25463410071,53752.32000000014,18192.601028365436,6464.679516092971,8927,24085,12439.784821440713,-1363.9531747062622,663.5622391528252,-1892.848162572409,147.4668017469777,143.59198920500202,20.518986164064017,2678.8615051004713,484.6615037081197,4324.061557526099,1646.007295618281,6344.115142978307,2363.377600755681,4533.528089650671,2928.0863334714345,1887.8976869189682,2322.560323305308
2871.336388888889,11492.903676024744,19036.950898142164,59245.03000000012,19385.408378808657,6957.217337237472,9842,27210,13865.45338581147,-1156.9238215087523,711.5208909459357,-1975.0333866799126,158.43843402141022,230.21624662213668,25.845261162582688,3383.385390074375,600.8990599394577,4669.670624949515,1772.7980659215796,6894.881346901671,2539.623148224162,5024.72800729075,3167.3016421733014,1966.0264904925343,2516.477173636351
2895.349166666667,12660.260580247335,20464.07965341309,64408.70000000012,20979.695768962552,7532.055584898673,10819,29462,15432.868992725642,-1178.856243122391,743.5400767036291,-2037.7276261645384,166.6110259456774,242.31760771120835,38.34912498103142,3661.261809470357,699.9865446333164,4974.019847346136,1987.0731763318456,7346.836952455887,2718.1050689577987,5362.691208545074,3471.9362998341826,2093.5360971713626,2834.6592628598964
2919.3269444444445,14724.825690166323,22404.595127003962,70910.42000000001,22939.346655662917,8355.030697689737,12126,32325,17211.447519643403,-1422.5713961612862,792.0467963980814,-2214.148908526209,198.17836853826986,311.0481776019387,64.0269048187871,4084.0712033706363,854.0206110275742,5275.280448305339,2204.908759777249,7795.6654953528705,2956.7494896060684,6127.236124103615,4535.614152731987,2448.0139829570726,3119.280607268334
3039.336388888889,16440.136015602035,27604.602639664197,81371.17999999986,25065.86346684653,9342.03562123372,13669,36621,19358.67827225566,-771.4810923779178,866.0266478206819,-2302.722553396392,258.17836853826986,611.2013817341306,78.54825734464634,4793.380011268791,989.0973107448182,6381.417899519423,2460.464397501892,9545.812375175346,3365.6166734565086,6734.279773929112,5039.389487310121,2612.714843811729,3382.8148728851324
3063.340277777778,17577.026611052093,30188.206041580932,87675.4,26701.123334126285,9883.461220032576,14730,39242,20902.60940426037,-952.0968980053514,991.1831592435339,-2508.349208417026,258.17836853826986,743.7677940064466,86.57605170150032,5405.673066786656,1130.7726605411226,6887.554116015789,2734.05611510857,10281.613855845184,3687.167454083655,7431.252026798935,5217.076258923342,2898.791288550227,3472.0165429120934
3087.329166666667,19629.497915141463,32741.569097625164,95482.73000000003,29039.8844557937,10692.056500206509,16119,41969,23009.21994637483,-1117.772569107753,1127.1681816171536,-2630.112783896503,323.1775607506885,1008.4654162229358,118.31128714959175,5788.417436199331,1297.5732339873607,7408.385151303454,3298.2713894084395,11073.48147005263,4217.391760014197,8178.106071988689,5548.782860957225,3032.5989048621923,3698.8216412569345
3207.3730840943686,21621.679431952936,35354.53388421737,102937.92999999992,31058.410004003457,11586.793611437792,17489,44685,24938.192500341775,-1059.8135324325826,1191.7993191017213,-2760.940925087577,410.6511412202708,1023.2792465526084,339.257848626243,6314.922576335258,1473.090100018239,8014.54856351477,3670.9415600093525,11867.06302648789,4558.503057958684,8868.631121050543,5925.191821777718,3086.8438077961423,4052.2445832408
3231.3813982259567,23236.62144494425,37324.69966288847,109684.65999999977,32745.757500647742,12832.713114319673,18802,47510,26781.489722144903,-1379.9480869199238,1458.9036092844135,-2953.076624154171,490.6511412202708,1141.9128748892076,343.09564793376535,6752.286345000005,1529.745830288307,8421.534506872147,3809.6333814794557,12612.091660308164,4764.027204004297,9718.599737620563,6494.016775219106,3011.2992492717403,4346.547855514782
3255.3268265250545,24928.434142683855,40404.915039693245,118364.18999999994,34813.12888290601,13911.206016142198,20436,50879,29234.940061259487,-1731.4744725693183,1599.2760030571994,-3307.2071168944553,523.111037383591,1323.4825279197628,368.39985560773925,7463.30772457526,1775.801102595195,8946.045503563915,3994.2939733092862,13633.50953610466,5394.201941791196,10834.555842276714,6821.865741720359,3242.695494715849,4451.484487219425
3375.375,26426.079146763695,44089.52699424914,126772.07000000014,36443.65806746232,14733.465757741838,21891,54235,31505.41918054755,-1685.6321346711509,1615.2967015866152,-3313.566256097315,523.111037383591,1452.677918850959,376.5368448313577,8652.18148193195,1860.6769495216704,9839.550859406552,4445.639637601822,14629.495300289816,5913.574514905476,11397.760835159133,7122.540536132181,3117.058989378262,4568.702924801158
3399.38,28861.04746697338,46668.35057057826,134551.15000000023,38502.51784803696,15718.967013891377,23318,57032,33661.314567494424,-1918.796816618114,1667.5818194833917,-3408.667076566533,533.111037383591,1647.8371519539542,409.4720615199577,9173.856504375686,2014.3546970566304,10499.67322018474,4749.7925031696695,15343.022599435018,6454.943656962354,12170.518563809464,7818.045452422749,3160.9064240029847,5213.74623897524
3423.3275,31435.214738509534,48672.042950247356,142243.07999999993,40958.29529556779,16722.16417844423,24780,59719,35890.57757574168,-2283.649320718624,1794.1216002350163,-3628.6356218102082,587.3119784145978,1812.4171049956028,416.95305726703145,9500.04995939205,2182.3719299338827,10802.632255502605,5227.929851854849,16150.159221027234,7017.151391964004,12874.981402393138,8656.705780275657,3444.0879494642763,5552.669148564637
3543.3383962474513,34630.87006490912,51499.75160118034,150529.62000000002,43301.54311724064,17503.605693057958,26397,63370,38224.71958852216,-2190.1530915995495,1820.5442930792644,-3631.592137905606,587.3119784145978,1876.4652056697234,416.95305726703145,10013.635415827297,2292.383746245439,11409.908633580775,5360.027495328532,16944.392591109277,7379.774637859052,13760.144252878514,9933.886870379583,3316.9507316185004,6839.987986335769
3567.342282828283,35849.754147842,53814.433006223575,157420.0499999997,45117.77250786259,18520.460253494235,27648,66616,39967.38423242082,-2168.9056961522497,2418.4079528571106,-4049.6137391661005,587.4389518377398,1943.7147142984272,417.226909869634,10364.443358108812,2324.349224035904,11905.813138751808,5508.832701431359,17734.749390052526,7496.2232583992045,14450.082378367351,10163.31534535184,3634.1494619612927,6933.959804059517
3591.3283333333334,37829.10659678605,56312.84459090419,165098.56999999963,47232.919902755995,19639.233960677586,29005,69664,41913.57154566319,-2272.910983717279,2663.8892607663156,-4200.9537684488,657.4389518377398,2148.4375934418476,427.14116656029023,10900.306534031846,2569.739335640939,12393.24315886182,5933.858870837954,18655.509588104396,7994.255229728648,14798.101408951046,10429.366134092277,3891.111059677559,7153.417647322165
3712.339404761905,39428.2753860228,61005.13269732726,175337.78999999983,49121.23597053498,20802.640985638955,30718,73523,44408.78034649959,-2279.224332152111,2802.347440147707,-4295.084068311139,677.4389518377398,2247.5791493623638,505.21180221717293,11705.515806558902,2687.952089799693,13442.103387887346,6251.678729673538,19930.485917281305,8208.810435364996,15946.847145062762,10742.499405358909,4306.909691636074,7552.336531623415
3736.343012964094,41939.97439827091,66480.72224445768,187218.49999999933,51540.251712266,22332.13935816022,32520,77711,46865.38668511724,-2619.1467906175226,2862.9305464975805,-4634.3900685915705,697.4389518377398,2406.4219093356564,592.0286267737021,12367.923054698564,3021.7215439360352,13747.922344869736,6689.914040739544,20791.71904765916,8648.831122993603,18930.546767133463,11710.108807593337,5489.725979967772,7717.000757899623
3759.3208775252524,46748.1551297637,72769.38974664548,200572.06999999902,54834.62764556661,23386.171154932767,34538,81626,49581.88145285718,-2096.4383456693995,2970.3845670597807,-4968.71632739453,733.4360960589775,2553.474630532352,622.1327444324343,13346.574452769253,3648.709508878064,14155.247951699957,7679.739535981795,21721.337185046817,9414.288556804633,21962.061518811242,13100.114820754552,6095.848680846471,8579.349299794012
3880.343186865897,49600.31999399527,77134.66991210442,211147.0599999991,57366.812696604655,24574.573097146047,36261,84830,52071.004294147104,-2082.4336345991305,3026.299291023893,-5061.216730031919,775.8677133878344,2743.5392676396154,637.2121834567483,14146.893806425349,3758.8923979864617,15039.596214611032,7993.397837201335,22928.612357226895,9989.678739745848,23051.09953560581,13938.59155406175,6368.5790952232655,9480.38027713199
3904.361388888889,53606.75405479637,80129.20827617572,221911.61999999906,60530.60542461604,26530.503410861256,38064,88072,54721.30288834914,-2313.3814342457003,3486.149446921577,-5368.722887478181,923.2317965819846,2360.596266321418,657.2121834567483,14704.895504003498,3960.796832223739,15271.259464692117,8359.395275752246,24045.477926475407,10520.014529824713,24752.47863030933,14717.378390793663,6676.604806094279,10982.575599242015
