t,net_profit,total_reward,total_revenue,total_waiting_cost,total_travel_cost,total_trips,total_requests,total_exit_cost,reward_period_0,profit_period_0,reward_period_1,profit_period_1,reward_period_2,profit_period_2,reward_period_3,profit_period_3,reward_period_4,profit_period_4,reward_period_5,profit_period_5,reward_period_6,profit_period_6,reward_period_7,profit_period_7
2007.375,0.0,-8919.420529450743,6549.350000000009,12676.482971171854,1543.089889409592,1086,10551,1249.1976688693123,-2368.7051314623805,0.0,-1548.5056863867285,0.0,-1144.3689057305196,0.0,-531.9898649475037,0.0,-910.3811352283459,0.0,-534.8422549131526,0.0,-511.9433565605298,0.0,-1368.6841942215929,0.0
2055.387777777778,0.0,554.5013529872514,3355.7599999999975,1527.167766502373,640.5180942535859,520,1731,633.5727862567907,-137.4804874166577,0.0,-74.88805307269612,0.0,-0.8042510065286761,0.0,228.6980006237392,0.0,210.66254955043843,0.0,243.69014876364014,0.0,108.10903357701818,0.0,-23.48558803170231,0.0
2175.339722222222,0.0,843.3585742122862,5103.299999999992,2340.3633439519945,1003.2272783587701,786,2786,916.3508034769492,-303.15169517888046,0.0,-170.80645690869468,0.0,-52.51395591218598,0.0,303.3433265755439,0.0,376.54610446563095,0.0,411.0721247683618,0.0,207.42258145627545,0.0,71.44654494623413,0.0
2223.3416666666667,0.0,3060.82282517548,10666.13999999999,3591.664665594576,2298.084870298207,1466,6027,1715.5676389317227,-357.63921855519624,0.0,-347.31527803612784,0.0,18.064652339294078,0.0,1064.5174497660641,0.0,1178.9378155683712,0.0,586.6724559920831,0.0,289.0397248796936,0.0,628.545223221295,0.0
2343.3925,0.0,3571.7269665481494,13069.759999999995,4511.149775107395,2829.1808080221995,1808,7184,2157.7024503222615,-425.31439788422114,0.0,-427.8727127763254,0.0,74.08151673919797,0.0,1172.3159733698399,0.0,1303.0657037697124,0.0,926.6575915457901,0.0,235.92684894082984,0.0,712.8664428433158,0.0
2391.3977777777777,0.0,5669.236716222042,19844.62000000002,6739.276029067671,4094.9178272910185,2747,9736,3341.1894274192973,-682.8886648982011,0.0,-545.8815440888436,0.0,189.71083424141952,0.0,1427.1519912581825,0.0,1847.8600917339286,0.0,1870.3472585928628,0.0,796.5555402605299,0.0,766.3812091221426,0.0
2511.3441666666668,0.0,7851.803198270198,24830.57000000005,8049.36849730463,4671.694998373946,3374,11368,4257.70330605124,-839.876776225938,0.0,-634.7696522693703,0.0,270.661074716546,0.0,1700.76407023901,0.0,2354.3968828937195,0.0,2778.9992662147824,0.0,1258.8268091103953,0.0,962.8015235910291,0.0
2559.364722222222,0.0,8732.733770752908,32701.62000000014,11332.559896317998,6418.4195931610575,4845,14985,6217.90673976802,-1312.0634378779303,0.0,-926.6772045898227,0.0,327.4893447852411,0.0,1998.17354820726,0.0,2822.8396005942036,0.0,3524.7896793716695,0.0,1525.1210825832518,0.0,773.0611576790574,0.0
2679.3352777777777,0.0,10032.405658496053,38142.26000000012,13373.289089629308,7231.055110046636,5901,17312,7505.510141827963,-1753.3659755428787,0.0,-1234.3588978412022,0.0,430.1971226253284,0.0,2229.550031481634,0.0,3321.6354907641653,0.0,4213.132549147426,0.0,1985.0767191778514,0.0,840.5386186837464,0.0
2727.3494426016864,0.0,11306.735306554207,48966.890000000196,17234.674179269605,10056.783900711673,7897,21517,10368.696613464539,-2394.3989980163688,0.0,-1640.7248667517724,0.0,597.6511862917248,0.0,2636.7968279902225,0.0,4107.704756611213,0.0,5012.331715004041,0.0,2305.316198878221,0.0,682.0584865469714,0.0
2847.33,0.0,12205.272436972116,56477.55000000031,20183.94886515612,11752.561308752542,9251,24085,12335.767389119206,-3060.1923305198115,0.0,-2095.0497957959233,0.0,585.0832187630525,0.0,2856.4707993546035,0.0,4761.5320563464375,0.0,5874.457767688629,0.0,2785.5928215892877,0.0,497.3778995458756,0.0
2895.3322222222223,0.0,11745.999990561226,70637.79000000042,27387.963671383404,15853.00501862803,11732,29461,15650.821319427441,-4367.353700977671,0.0,-3059.5653840113764,0.0,426.4051538730583,0.0,3539.4325280570997,0.0,5531.703198527187,0.0,6688.9830923623595,0.0,2822.84164669946,0.0,163.55345603120716,0.0
3015.33,0.0,11916.256760647862,77842.99000000046,30205.61478599527,18043.626533962222,13125,32325,17677.49191939463,-5153.669008899704,0.0,-3527.7822662415733,0.0,422.56178361300033,0.0,3878.089409813769,0.0,5708.888055020533,0.0,7426.681283507074,0.0,3222.825569116939,0.0,-61.33806528211845,0.0
3063.330282518506,0.0,13017.251979729532,97243.41000000043,37614.6951638458,24644.185499571176,16077,39242,21967.277356853232,-6486.820047629392,0.0,-4414.112076220825,0.0,618.8024965087549,0.0,4935.722576272932,0.0,6565.315500725611,0.0,9059.581361601224,0.0,2877.369615995815,0.0,-138.607447524566,0.0
3183.3580555555554,0.0,12716.03634948237,105297.3300000004,40758.25006965849,27649.532137580027,17521,41969,24173.511443278876,-7241.732285707211,0.0,-4981.261486075917,0.0,557.1612446469603,0.0,5246.336345833111,0.0,6863.372522838431,0.0,9605.830194148752,0.0,3135.1356707895975,0.0,-468.8058569913206,0.0
3231.3645300546445,0.0,12386.319433541958,121700.5200000003,45620.04358904892,34970.46260621192,20594,47510,28723.694371196747,-8529.964919204896,0.0,-5853.478222422047,0.0,535.3679435671803,0.0,5441.457389297986,0.0,7337.476299018619,0.0,10730.139773464716,0.0,3572.652737539274,0.0,-847.331567718916,0.0
3351.3633333333332,0.0,12417.891871602815,132400.5900000002,49435.43577291783,39022.77261534909,22586,50879,31524.489740129353,-9734.634859789532,0.0,-6820.493678982853,0.0,652.3262415259705,0.0,5613.390642360651,0.0,7809.857362927799,0.0,11503.663938753036,0.0,4172.282930161093,0.0,-778.5007053532856,0.0
3399.38,0.0,10876.167284660314,151295.35000000062,54771.07141079373,48999.986039120144,26001,57032,36648.125265424336,-11377.220945041798,0.0,-8204.545438562473,0.0,504.5875052386675,0.0,6558.0582504361755,0.0,8419.824466151189,0.0,12408.627490720122,0.0,4070.268173346587,0.0,-1503.4322176281526,0.0
3519.3344444444447,0.0,9089.106839359978,160841.90000000005,59026.92451953186,53687.355494024814,27770,59719,39038.51314708181,-12162.731858907131,0.0,-8952.49649145804,0.0,483.9887081882545,0.0,6537.870130588339,0.0,8537.446631784998,0.0,12863.255845290973,0.0,3787.5104895137715,0.0,-2005.7366156411354,0.0
3567.339870527307,0.0,2634.322607320095,181914.96999999997,69065.80247562876,65936.61243787217,31653,66616,44278.23247917703,-14537.546107019298,0.0,-11621.35906082349,0.0,-51.3910266066049,0.0,6655.280092801807,0.0,8980.370599711729,0.0,13725.052058239231,0.0,3371.931824998238,0.0,-3888.015773981502,0.0
3688.3358333333335,0.0,1931.0411169047225,191901.83000000028,71988.90839082503,71134.74450848607,33475,69664,46847.1359837827,-15332.27388428329,0.0,-12278.995041639671,0.0,-118.61094138652506,0.0,6477.641614616003,0.0,8886.241412639842,0.0,14731.240415239448,0.0,3758.128095244342,0.0,-4192.330553525401,0.0
3736.337777777778,0.0,2645.171477009185,217278.89000000095,79856.87394389656,82215.17484258888,37521,77710,52561.669736504104,-17142.79155468706,0.0,-13875.59411901882,0.0,-550.2671786720472,0.0,6304.734760398852,0.0,9413.608270847102,0.0,16215.110384914038,0.0,6330.02358075571,0.0,-4049.652667528607,0.0
3856.3527777777776,0.0,4491.358718991334,230930.80000000107,83756.23692918397,87424.06193047223,39598,81626,55259.14242135067,-17156.405682502882,0.0,-14805.26196382831,0.0,-607.2776631471563,0.0,6331.008019915475,0.0,9436.586534400269,0.0,17261.862267492328,0.0,8046.0196884672,0.0,-4015.172481805568,0.0
3904.361388888889,0.0,2731.87671422801,253059.2500000012,90452.63735941688,99106.35253865655,43361,88072,60768.38338769576,-18931.769415477287,0.0,-16388.20887515509,0.0,-1211.3837436016242,0.0,6853.386871106776,0.0,9904.458487124717,0.0,18604.791349341765,0.0,8674.445873348339,0.0,-4773.843832459473,0.0
4024.343888888889,0.0,-922.2216034676791,264324.83000000194,96310.27091308478,105347.2595614157,45356,91095,63589.52112896377,-19594.908456209625,0.0,-17458.53063911959,0.0,-1874.053377659498,0.0,6823.854676059768,0.0,9682.40911042496,0.0,19042.036062479707,0.0,8390.756504225232,0.0,-5933.785483668414,0.0
4072.346076388889,0.0,-15652.872596100207,288039.03999999975,114462.62578316453,119553.90415321349,49451,98308,69675.38265971828,-22961.16506739016,0.0,-20298.01232768304,0.0,-3639.9126139236078,0.0,7062.80926957233,0.0,9609.340799474645,0.0,18686.906580535877,0.0,5744.887712706234,0.0,-9857.726949392261,0.0
4192.331111111111,0.0,-28030.606867246508,300235.2199999994,127393.57977842327,128270.61301722017,51579,101887,72601.63407159972,-25697.29334903467,0.0,-22928.30615780923,0.0,-4944.3016699335185,0.0,6757.314310355232,0.0,8784.670677360833,0.0,17350.772986775417,0.0,3804.981671802503,0.0,-11158.445336762807,0.0
4240.349166666667,0.0,-39436.248093760274,320933.96999999654,138003.87060202722,144209.31939075817,55412,107781,78157.0281009717,-28633.972197118892,0.0,-25521.874614602195,0.0,-6610.581097956857,0.0,6222.77943818369,0.0,8071.151063670241,0.0,17143.904319855537,0.0,3060.572412964886,0.0,-13168.227418756602,0.0
4360.354722222222,0.0,-44762.13427680882,331219.6699999947,142867.9223526493,151987.89201605698,57342,110744,81125.98990809938,-30136.442637313972,0.0,-27226.0917824369,0.0,-7574.921673367835,0.0,5811.443735514429,0.0,7464.020398502067,0.0,16992.84138667037,0.0,3218.386247180547,0.0,-13311.369951557663,0.0
4408.356548821548,0.0,-49740.28609020383,354020.65999999497,148590.69736467907,168450.6201616366,61815,119171,86719.62856388548,-31946.095511938092,0.0,-29555.126488441856,0.0,-8792.703501985055,0.0,5514.2698601915035,0.0,7177.981316272979,0.0,17181.671298165187,0.0,4284.424811638246,0.0,-13604.707874107333,0.0
4528.345,0.0,-53714.79856994732,366041.1799999951,153112.70371722142,176693.5061682391,64106,122913,89949.76868448473,-32926.161739907315,0.0,-31681.836142496257,0.0,-9781.85217403592,0.0,5113.293154480675,0.0,7031.5256714904435,0.0,17276.026892756254,0.0,4737.483833547871,0.0,-13483.278065783754,0.0
4576.345,0.0,-61049.78313860253,387834.30999999266,160276.4853085401,193041.24586312092,68140,130115,95566.3619669401,-34695.39914175835,0.0,-34247.76140928876,0.0,-11295.713501266855,0.0,4957.411612323191,0.0,6487.666531614731,0.0,16928.018968683697,0.0,4960.276794588925,0.0,-14144.282993499864,0.0
4696.332777777778,0.0,-64112.55643475614,401068.7199999912,165013.2423657494,201268.37643773883,70554,134090,98899.65763126696,-35715.20791554198,0.0,-36230.685501334105,0.0,-12274.644479480914,0.0,4729.927779940221,0.0,6536.557707140679,0.0,17374.631668096292,0.0,5574.28492191758,0.0,-14107.420615494422,0.0
4744.3358333333335,0.0,-75162.80766132486,424099.50999999035,175251.8158906523,219353.67449035405,74704,140746,104656.82728031484,-38063.68165545364,0.0,-39476.02026813698,0.0,-14302.258488229932,0.0,4168.035583477751,0.0,5731.664083731086,0.0,17230.940883955824,0.0,5321.479291295078,0.0,-15772.967091964856,0.0
4864.354166666667,0.0,-81826.47152392445,436684.2099999908,182529.92827388505,228397.7168519001,76907,144049,107583.03639813726,-39305.67577409477,0.0,-41557.75500277103,0.0,-15213.282498401673,0.0,3908.5334253759897,0.0,5085.9846170490255,0.0,16769.624594749304,0.0,4864.678367573389,0.0,-16378.57925340604,0.0
4912.359178416511,0.0,-97318.36370238283,452465.54999999056,192232.50577843047,245701.3306223432,79825,148801,111850.07730160544,-41430.751617867594,0.0,-44102.937447291115,0.0,-17315.980535090162,0.0,2272.6572971624955,0.0,2995.1144259908906,0.0,14702.652882193855,0.0,3469.8252568091584,0.0,-17908.943964291706,0.0
5032.3341666666665,0.0,-104220.97133650735,463346.60999998945,198209.64130108635,254744.97555388013,81804,151648,114612.96448153915,-42830.58432257273,0.0,-46169.391414410034,0.0,-18560.420108399638,0.0,1612.6659188881963,0.0,2400.4908174739194,0.0,14169.847689623117,0.0,3437.161885763204,0.0,-18280.74180287489,0.0
5080.335555555555,0.0,-116656.82127559345,482011.899999989,205677.72722247796,273317.8532905868,85095,157409,119673.14076252269,-45172.14871891529,0.0,-48894.426353708084,0.0,-20561.603356220498,0.0,360.43557110383176,0.0,1663.3945522377376,0.0,13632.633812142492,0.0,2402.0438839202207,0.0,-20087.150666155307,0.0
5200.343611111111,0.0,-122454.33538530895,491393.7599999882,209435.93958487324,282133.7001044701,86844,160288,122278.45569595984,-46607.03002842059,0.0,-50412.29025507226,0.0,-21605.821230569018,0.0,-172.7785809744225,0.0,1265.7600742035231,0.0,13268.134107032889,0.0,2204.3509683300967,0.0,-20394.660439840223,0.0
5248.346666666666,0.0,-131119.5740736012,514070.7399999887,215775.139452656,301318.42592587875,90991,168196,128096.74869504782,-48758.14567764589,0.0,-53195.56458006495,0.0,-23302.265171283143,0.0,-1207.0704154867922,0.0,850.3693471423192,0.0,12930.38362107442,0.0,2606.2285362131447,0.0,-21043.50973355151,0.0
5368.332222222222,0.0,-137290.22357124678,527604.7599999878,222291.0112460005,311036.597633302,93432,172282,131567.37469192263,-50255.583354765586,0.0,-55146.19306378596,0.0,-24625.593835465592,0.0,-1810.2102990820854,0.0,444.5550900124709,0.0,12911.65419090657,0.0,2443.2777937617266,0.0,-21252.130092830652,0.0
5416.332777777778,0.0,-144834.53734639936,552901.159999984,227981.51508411166,331990.43273747794,97842,181391,137763.7495247748,-52597.643821638216,0.0,-58033.30716048512,0.0,-26413.438217630333,0.0,-2387.546738039363,0.0,453.6652735547641,0.0,13562.669348574216,0.0,3057.5015378617486,0.0,-22476.437568600653,0.0
5536.3388888888885,0.0,-149156.2914957196,566539.6399999828,232316.02167788288,342235.3990515195,100426,185636,141144.51076627494,-54299.659325186614,0.0,-59996.91615546177,0.0,-27329.366139296137,0.0,-2548.8530497717784,0.0,254.48440031479447,0.0,13821.407094906943,0.0,3520.6951411164273,0.0,-22578.083462346214,0.0
5584.340833333334,0.0,-161287.0373412258,592486.8199999769,240016.22030382574,365816.4754034518,105235,193501,147941.16163389815,-57297.04927899039,0.0,-63079.92894320374,0.0,-29517.51662494318,0.0,-3493.8564711013346,0.0,-708.3636421518329,0.0,13562.59845846666,0.0,3439.8780834907475,0.0,-24192.798922796963,0.0
5704.329444444445,0.0,-168510.01329003557,607494.7199999782,246445.15017430927,377753.90280749014,107966,197436,151805.68030818424,-59414.61254394051,0.0,-65352.37407174793,0.0,-30685.180536209842,0.0,-3722.9710805246905,0.0,-1260.7914139658271,0.0,13550.179162664255,0.0,3274.9722488315797,0.0,-24899.23505514584,0.0
5752.336944444444,0.0,-183032.72240139867,633439.879999977,254705.34578775254,403409.20695887186,112779,205293,158358.04965472835,-63286.04787791918,0.0,-69180.68767562695,0.0,-32906.17866368583,0.0,-4877.324619001355,0.0,-2128.308231570455,0.0,13199.749464819688,0.0,2951.7068709995465,0.0,-26805.631669419032,0.0
5872.334722222222,0.0,-190778.54161588597,647933.8199999789,260304.7428019892,416052.2705136187,115529,209560,162355.34830023427,-65487.32128471892,0.0,-71803.30379779273,0.0,-33984.91655695694,0.0,-5683.619767930841,0.0,-2911.7411891165675,0.0,12789.832762519436,0.0,3198.4981981715828,0.0,-26895.969980067322,0.0
5920.336944444444,0.0,-206674.99643109264,674646.4499999731,268310.87155015627,443471.5902649663,120504,217737,169538.98461592896,-68898.75064759929,0.0,-75733.12957437414,0.0,-36575.95860028508,0.0,-7407.043134929598,0.0,-4452.050139736731,0.0,12377.40358668794,0.0,2980.075643983777,0.0,-28965.54356484642,0.0
6040.33,0.0,-212903.60949191506,690022.9299999742,272347.4229839128,456763.2007941972,123318,222246,173815.91571376612,-70490.78319368832,0.0,-77771.68227629576,0.0,-37799.27766775849,0.0,-7894.895257307441,0.0,-5070.252727999391,0.0,12105.981508937839,0.0,3333.587359016248,0.0,-29316.287236826756,0.0
6088.33,0.0,-226239.13700690967,720299.2899999754,279026.90877127805,485541.19356250175,128862,232149,181970.32467308713,-74266.92350362516,0.0,-81667.71575986364,0.0,-40285.50982776717,0.0,-8831.068855245918,0.0,-6663.114487659901,0.0,11900.97415158789,0.0,3866.356526295336,0.0,-30292.13525063754,0.0
6208.3325,0.0,-231609.80803392458,737441.2099999766,282836.0014699289,500011.43097968237,132078,237100,186203.58558426646,-75811.55306193112,0.0,-83932.22433400985,0.0,-41566.80224009973,0.0,-9286.233741887347,0.0,-6981.430052726849,0.0,12025.421675388794,0.0,4501.094098340653,0.0,-30558.080377005623,0.0
6256.34,0.0,-243634.08836058265,772171.4499999715,290973.6820422377,529778.9538291135,137986,246787,195052.90248918993,-78638.12722636072,0.0,-87758.62115149359,0.0,-44069.40538654359,0.0,-10371.366182569329,0.0,-7320.223772672718,0.0,12762.039568165144,0.0,4285.730387625255,0.0,-32524.11459674175,0.0
6376.330555555555,0.0,-248570.5080962305,792016.1899999713,296386.50536137226,544336.3330940495,141459,251674,199863.85964075633,-80384.5872035004,0.0,-90292.53302033106,0.0,-45314.01918759626,0.0,-10815.246811607323,0.0,-7921.325121314339,0.0,13770.957453286754,0.0,5139.456038849381,0.0,-32753.210244025104,0.0
6424.336774945812,0.0,-266122.44492151134,826928.6499999748,307362.72199124616,576932.5265073183,147591,260955,208755.8464228905,-85075.55635686069,0.0,-95134.89038313256,0.0,-47894.26229655891,0.0,-12233.989774284617,0.0,-9188.217560502984,0.0,13710.471752496034,0.0,4520.277141851967,0.0,-34826.277444526044,0.0
6544.3405555555555,0.0,-276651.182131516,845766.0699999729,315481.8686317289,593410.0027882479,150909,265317,213525.38071148505,-87928.54893814164,0.0,-98166.2380919947,0.0,-49772.657136569025,0.0,-12837.708667350085,0.0,-10186.718944023158,0.0,13679.261594603078,0.0,4103.006244335469,0.0,-35541.5781923823,0.0
6592.341944444444,0.0,-294531.9669888404,885022.1799999763,328231.47043018026,628131.0092180031,157758,274852,223191.6673406089,-93023.55804770689,0.0,-102952.20544439906,0.0,-52979.31922414097,0.0,-13762.007331467317,0.0,-11064.270506751223,0.0,13288.800594730772,0.0,3659.3522315459622,0.0,-37698.75926065566,0.0
6711.330555555555,0.0,-302942.4208038356,906577.8999999752,335481.9464153706,645381.0341833179,161541,280034,228657.34020510886,-95747.52508471008,0.0,-106126.94323556295,0.0,-54858.95381242672,0.0,-14364.937884210489,0.0,-11384.05359790669,0.0,13334.72678753216,0.0,4064.2456817169395,0.0,-37858.979658269694,0.0
6759.331666666667,0.0,-255257.43701167876,1038909.6199999765,359171.0167021249,686537.299557339,176653,307753,248458.74075210234,-96869.02971780258,0.0,-113946.56735633286,0.0,-50583.43282892454,0.0,-7846.151809177076,0.0,-6500.46949965773,0.0,31162.065152019775,0.0,15545.024928567906,0.0,-26218.875880389965,0.0
6879.3325,0.0,-237257.39866968978,1102112.1199999817,372226.6524576265,707751.4722280832,184620,322161,259391.39398382357,-96027.53926495463,0.0,-117878.8224345224,0.0,-51175.093204288976,0.0,-5220.8797676629365,0.0,-2726.181542869754,0.0,39211.16007469836,0.0,18859.463480266026,0.0,-22299.5060103747,0.0
6927.332516556291,0.0,-258972.60498318708,1140239.7799999795,381791.0900824007,748499.9628571363,190518,331400,268921.33204348816,-102221.92292913653,0.0,-123017.12901295928,0.0,-53834.50464067263,0.0,-7035.616067108521,0.0,-3641.283923180358,0.0,40037.55443014289,0.0,16742.032950983838,0.0,-26001.73579127859,0.0
7047.3533333333335,0.0,-270205.50505239994,1168651.2299999814,394063.00979618955,769604.9213101589,194732,336843,275188.8039458832,-105586.43017222664,0.0,-125886.46588315141,0.0,-54580.8122859321,0.0,-8596.8197505853,0.0,-5375.245244920103,0.0,41903.15068642728,0.0,16128.960605784654,0.0,-28211.843007818312,0.0
7095.354810199789,0.0,-298974.33816285356,1210510.2399999762,411236.7207289936,812325.5726879768,201827,346322,285922.2847456993,-111982.3254392995,0.0,-131703.9337580523,0.0,-57912.5382963796,0.0,-10573.599682546113,0.0,-7633.975971757658,0.0,41178.5371123033,0.0,12981.38465215223,0.0,-33327.88677930063,0.0
7215.3375,0.0,-313549.215563786,1234877.959999981,421755.96483928047,834567.3077431379,206037,351571,292103.902981178,-116009.31539484618,0.0,-135078.37770402094,0.0,-59416.86889009938,0.0,-11795.044804086898,0.0,-8862.095086068519,0.0,40714.67285863271,0.0,12243.856511858326,0.0,-35346.043055184746,0.0
7263.3388888888885,0.0,-342061.00181801955,1276769.0299999744,435364.2481381503,880807.6127584615,213163,361571,302658.1709212295,-122416.44995586941,0.0,-140923.14261667107,0.0,-62327.515325583656,0.0,-14614.269303178433,0.0,-11421.174889760723,0.0,40128.63051209056,0.0,9120.58911274821,0.0,-39607.66935182775,0.0
7383.336111111111,0.0,-354836.27102743415,1303116.1599999713,444056.3527856243,904596.1193389939,217677,367307,309299.9589026516,-126277.60587694409,0.0,-144569.48820758963,0.0,-63954.19425709871,0.0,-15643.691695602238,0.0,-12241.284488166877,0.0,40627.735542201735,0.0,8540.585722473576,0.0,-41318.32776674678,0.0
7431.336388888889,0.0,-382174.8740640873,1341650.8799999855,452877.2303585048,951547.6900383186,224449,377676,319400.8336671246,-132414.33832586138,0.0,-150172.80797459168,0.0,-67092.8575140976,0.0,-17727.16305623902,0.0,-14622.709014117718,0.0,39332.9558623667,0.0,5732.60153740978,0.0,-45210.555579001586,0.0
2007.375,0.0,-4721.821171986384,6549.350000000009,8478.883613707467,1543.089889409592,1086,10551,1249.1976688693123,-1476.1752187735992,0.0,-1072.6036030533915,0.0,-671.7736279527471,0.0,-85.28718364623656,0.0,-436.56610463992826,0.0,-99.97487307443922,0.0,-69.51115347895997,0.0,-809.9294073670791,0.0
2055.387777777778,0.0,554.5013529872514,3355.7599999999975,1527.167766502373,640.5180942535859,520,1731,633.5727862567907,-137.4804874166577,0.0,-74.88805307269612,0.0,-0.8042510065286761,0.0,228.6980006237392,0.0,210.66254955043843,0.0,243.69014876364014,0.0,108.10903357701818,0.0,-23.48558803170231,0.0
2175.339722222222,0.0,843.366629767839,5103.299999999992,2340.3552883964417,1003.2272783587701,786,2786,916.3508034769492,-303.15169517888046,0.0,-170.80645690869468,0.0,-52.51395591218598,0.0,303.3433265755439,0.0,376.54610446563095,0.0,411.0721247683618,0.0,207.42258145627545,0.0,71.45460050178693,0.0
2223.3416666666667,0.0,3062.8951168421463,10666.13999999999,3589.5923739279106,2298.084870298207,1466,6027,1715.5676389317227,-357.63921855519624,0.0,-347.31527803612784,0.0,18.064652339294078,0.0,1064.5174497660641,0.0,1178.9378155683712,0.0,586.6724559920831,0.0,289.0397248796936,0.0,630.6175148879619,0.0
2343.3925,0.0,3573.799258214816,13069.759999999995,4509.077483440729,2829.1808080221995,1808,7184,2157.7024503222615,-425.31439788422114,0.0,-427.8727127763254,0.0,74.08151673919797,0.0,1172.3159733698399,0.0,1303.0657037697124,0.0,926.6575915457901,0.0,235.92684894082984,0.0,714.9387345099826,0.0
2391.3977777777777,0.0,5696.458588867996,19844.62000000002,6712.054156421718,4094.9178272910185,2747,9736,3341.1894274192973,-671.9760388466767,0.0,-545.8815440888436,0.0,189.71083424141952,0.0,1427.1519912581825,0.0,1847.8600917339286,0.0,1870.3472585928628,0.0,796.5555402605299,0.0,782.6904557165698,0.0
2511.3441666666668,0.0,7879.025070916152,24830.57000000005,8022.146624658678,4671.694998373946,3374,11368,4257.70330605124,-828.9641501744136,0.0,-634.7696522693703,0.0,270.661074716546,0.0,1700.76407023901,0.0,2354.3968828937195,0.0,2778.9992662147824,0.0,1258.8268091103953,0.0,979.1107701854562,0.0
2559.364722222222,0.0,9166.191620030211,32701.62000000014,11247.251074818436,6070.270565383273,4845,14985,6217.90673976802,-1226.1774215565965,0.0,-873.3174607423556,0.0,371.0960808963521,0.0,2041.7352948005528,0.0,2866.093481572923,0.0,3568.335093466324,0.0,1568.5931436321769,0.0,849.8334079609007,0.0
2679.3352777777777,0.0,10639.569479995522,38142.26000000012,13287.980268129746,6709.200110046642,5901,17312,7505.510141827963,-1644.4097967580929,0.0,-1159.8654039937348,0.0,494.84698373644045,0.0,2294.8496947415933,0.0,3386.754163409554,0.0,4278.297270067367,0.0,2050.2985706237114,0.0,938.7979981688071,0.0
2727.3494426016864,0.0,13728.087514239982,48966.890000000196,17075.690446450433,7794.415425844994,7897,21517,10368.696613464539,-2029.6988801525904,0.0,-1345.693060535324,0.0,871.6591700286734,0.0,2918.152257513207,0.0,4390.669903239408,0.0,5295.386132731132,0.0,2587.4637689597794,0.0,1040.1482224558526,0.0
2847.33,0.0,15495.819155902345,56477.55000000031,20024.965132336947,8620.99832264147,9251,24085,12335.767389119206,-2586.6789844610294,0.0,-1691.2579201350336,0.0,968.1936330555681,0.0,3246.050862417379,0.0,5153.330083847836,0.0,6266.0501571138175,0.0,3176.6011555597247,0.0,963.5301685041749,0.0
2895.3322222222223,0.0,17564.8653139212,70637.79000000042,27136.774111912273,10285.329254739032,11732,29461,15650.821319427441,-3546.668368309999,0.0,-2352.2220500171497,0.0,1113.8041098322412,0.0,4234.062382786557,0.0,6227.479628806364,0.0,7385.197536768006,0.0,3518.29841180055,0.0,984.9136622547728,0.0
3015.33,0.0,18952.854236785657,77842.99000000046,29954.425226524138,11258.218617295566,13125,32325,17677.49191939463,-4175.743259565359,0.0,-2673.447196136238,0.0,1262.3517117944032,0.0,4724.7014173210055,0.0,6556.999068633033,0.0,8274.920172357173,0.0,4070.8915977801184,0.0,912.1807246015838,0.0
3063.330282518506,0.0,24236.82597942186,97243.41000000043,37356.55365993026,13682.753003794576,16077,39242,21967.277356853232,-4983.9878415520325,0.0,-3040.3073167380244,0.0,1981.9804452363637,0.0,6304.532195651156,0.0,7934.262235800409,0.0,10429.333841993292,0.0,4248.308719783714,0.0,1362.7036992469225,0.0
3183.3580555555554,0.0,26023.519431869583,105297.3300000004,40500.10856574295,14600.190559108645,17521,41969,24173.511443278876,-5478.149408533407,0.0,-3345.4959299948146,0.0,2180.7108600412525,0.0,6875.880131878022,0.0,8493.51259124657,0.0,11236.655174540845,0.0,4766.95394124418,0.0,1293.4520714468524,0.0
3231.3645300546445,0.0,31283.87284285687,121700.5200000003,45340.582800099975,16352.369985846333,20594,47510,28723.694371196747,-6060.298455611319,0.0,-3530.02403053851,0.0,2853.208465990928,0.0,7767.315144083701,0.0,9663.52926943436,0.0,13056.671507588115,0.0,5902.162578097027,0.0,1631.3083638125163,0.0
3351.3633333333332,0.0,34095.071170986084,132400.5900000002,49155.97498396889,17625.054104915445,22586,50879,31524.489740129353,-6915.325062862592,0.0,-4145.140598210446,0.0,3312.527875060856,0.0,8287.34506381301,0.0,10483.878111121312,0.0,14178.066783987553,0.0,6849.857349702857,0.0,2043.8616483734352,0.0
3399.38,0.0,40255.605485954104,151295.35000000062,54448.010053268394,19943.60919535337,26001,57032,36648.125265424336,-7592.49975380145,0.0,-4562.51482003382,0.0,4112.310493443496,0.0,10187.857983885258,0.0,12052.29599524029,0.0,16038.8704722184,0.0,7706.511780521888,0.0,2312.773334479059,0.0
3519.3344444444447,0.0,42288.17129065349,160841.90000000005,58703.86316200652,20811.352400258304,27770,59719,39038.51314708181,-7894.352143662321,0.0,-4838.586480267178,0.0,4570.300307504235,0.0,10646.200352267113,0.0,12648.476283755472,0.0,16971.750968852863,0.0,7903.786815736641,0.0,2280.5951864660415,0.0
3567.339870527307,0.0,44569.997073376384,181914.96999999997,68707.11458085902,24359.62586658674,31653,66616,44278.23247917703,-9180.617718917934,0.0,-6421.675952569588,0.0,5120.45703104273,0.0,11851.865522813907,0.0,14178.251688527365,0.0,18921.379565698957,0.0,8575.31946936708,0.0,1525.0174674136856,0.0
3688.3358333333335,0.0,48214.811216831135,191901.83000000028,71630.22049605529,25209.662303329373,33475,69664,46847.1359837827,-9420.334318394102,0.0,-6543.768530607989,0.0,5593.915935707235,0.0,12218.43016962809,0.0,14628.929793122188,0.0,20469.30403381024,0.0,9505.265739613196,0.0,1763.0683939523133,0.0
3736.337777777778,0.0,58060.59984414783,217278.89000000095,79414.89430969226,27241.7261096542,37521,77710,52561.669736504104,-10015.376494628488,0.0,-7008.718723833136,0.0,6294.359281755023,0.0,13173.538732077604,0.0,16287.610817996198,0.0,23084.174003484783,0.0,13211.145808457873,0.0,3033.866418838044,0.0
3856.3527777777776,0.0,64247.02689223567,230930.80000000107,83310.64437831304,28113.98630809874,39598,81626,55259.14242135067,-9517.89583077781,0.0,-7371.4728186426,0.0,6800.178380613224,0.0,13765.83560270539,0.0,16876.560331549343,0.0,24695.167823100073,0.0,15492.649268231942,0.0,3506.004135456149,0.0
3904.361388888889,0.0,72643.96383104904,253059.2500000012,89944.4363510807,29702.466430173215,43361,88072,60768.38338769576,-9965.238120175807,0.0,-7689.165818827658,0.0,7450.864905981575,0.0,15550.49122303966,0.0,18603.553581499513,0.0,27299.641577951537,0.0,17386.04129996976,0.0,4007.7751816101254,0.0
4024.343888888889,0.0,73825.05363835399,264324.83000000194,95797.35740474843,31112.89782793278,45356,91095,63589.52112896377,-10066.97014514212,0.0,-8127.645293002374,0.0,7417.701779446834,0.0,16152.42689546951,0.0,19011.67017702197,0.0,28367.61397155656,0.0,17736.219597601706,0.0,3334.0366554011766,0.0
4072.346076388889,0.0,70288.63625683308,288039.03999999975,113891.98616371716,34183.03491973032,49451,98308,69675.38265971828,-11974.704514310679,0.0,-9578.85196029479,0.0,7040.562482874124,0.0,17783.150043117697,0.0,20331.87423074411,0.0,29403.341013829355,0.0,16481.51302830477,0.0,801.7519325671747,0.0
4192.331111111111,0.0,63242.076707908884,300235.2199999994,126822.94015897589,37568.56906151413,51579,101887,72601.63407159972,-14094.9550382905,0.0,-11513.138273773999,0.0,6432.2692076312305,0.0,18174.02875104396,0.0,20203.825603914476,0.0,28764.070786009517,0.0,15235.930657618326,0.0,40.04501375455916,0.0
4240.349166666667,0.0,65484.67427084369,320933.96999999654,137362.0974014643,39930.17022671802,55412,107781,78157.0281009717,-15249.543592771231,0.0,-12419.042650447404,0.0,6463.90933942816,0.0,19334.485697171567,0.0,21185.863490224034,0.0,30254.330452422633,0.0,16192.156716201263,0.0,-277.4851813864388,0.0
4360.354722222222,0.0,66658.39093501763,331219.6699999947,142223.46262430857,41211.82653257092,57342,110744,81125.98990809938,-15994.702486298645,0.0,-13272.4649760608,0.0,6347.386250149121,0.0,19768.2981333701,0.0,21429.967408389224,0.0,30949.318352570815,0.0,17197.127008750296,0.0,233.46124414592379,0.0
4408.356548821548,0.0,76019.75032562214,354020.65999999497,147875.26938898838,43406.011721496914,61815,119171,86719.62856388548,-15943.234018034267,0.0,-13821.813987621586,0.0,6909.828902027606,0.0,21257.337902551488,0.0,22929.409992826975,0.0,32917.062187352196,0.0,20047.538414164796,0.0,1723.6209323528435,0.0
4528.345,0.0,78876.66171000506,366041.1799999951,152395.74518597516,44819.00441952717,64106,122913,89949.76868448473,-16131.105124300173,0.0,-15047.057553362258,0.0,6800.95307719899,0.0,21748.936891285084,0.0,23673.878653600008,0.0,33903.20211467562,0.0,21393.056228341833,0.0,2534.797422563871,0.0
4576.345,0.0,85874.27786641383,387834.30999999266,159494.9260522303,46898.744114405556,68140,130115,95566.3619669401,-16042.057295885492,0.0,-15835.025410395501,0.0,7067.680432253564,0.0,23376.349487638323,0.0,24914.571852868525,0.0,35340.61435145857,0.0,23396.29411993815,0.0,3655.8503285344186,0.0
4696.332777777778,0.0,89644.11448238544,401068.7199999912,164231.4535261062,48293.49436023036,70554,134090,98899.65763126696,-16269.594125224558,0.0,-16924.773868521024,0.0,6977.587570119644,0.0,24040.2028080331,0.0,25856.038722838974,0.0,36678.30169656432,0.0,24902.76253480034,0.0,4383.589143771333,0.0
4744.3358333333335,0.0,93925.33886237875,424099.50999999035,174451.52616666962,51065.8176906241,74704,140746,104656.82728031484,-16676.705157169232,0.0,-18263.01074795129,0.0,6863.58681341565,0.0,25391.94163441579,0.0,26965.584944437487,0.0,38449.44469346958,0.0,26564.721333679685,0.0,4629.775348077003,0.0
4864.354166666667,0.0,94596.54833311231,436684.2099999908,181729.63854990236,52774.98671883623,76907,144049,107583.03639813726,-17068.259507291863,0.0,-19387.075528881767,0.0,6911.335025466397,0.0,26088.91413901237,0.0,27274.93118819133,0.0,38945.23553112861,0.0,27064.654576624627,0.0,4766.812908858088,0.0
4912.359178416511,0.0,94862.05366859569,452465.54999999056,191336.45362389236,54416.96540589354,79825,148801,111850.07730160544,-17137.11910164316,0.0,-19969.212703131165,0.0,6764.958863777558,0.0,26421.429390208123,0.0,27126.68205349113,0.0,38835.43906507317,0.0,27628.079408593367,0.0,5191.796692222569,0.0
5032.3341666666665,0.0,95455.12657608397,463346.60999998945,197312.70303543715,55965.815906927026,81804,151648,114612.96448153915,-17673.36163900121,0.0,-21056.64240645563,0.0,6500.688525939829,0.0,26743.178636933866,0.0,27509.689855009732,0.0,39278.05270733604,0.0,28574.14991153062,0.0,5579.370984786942,0.0
5080.335555555555,0.0,99042.64488263072,482011.899999989,204765.88390564034,58530.23044919389,85095,157409,119673.14076252269,-17996.1942675377,0.0,-21780.244563065768,0.0,6500.153928186783,0.0,27487.725038200217,0.0,28774.07512602201,0.0,40743.060088933,0.0,29538.642326354,0.0,5775.427205534345,0.0
5200.343611111111,0.0,100918.68382847133,491393.7599999882,208521.70376803557,59674.916707520846,86844,160288,122278.45569595984,-18532.893366089782,0.0,-22297.629227198453,0.0,6453.254883431406,0.0,27955.566719455383,0.0,29377.774397987607,0.0,41378.27212401976,0.0,30341.724221942335,0.0,6242.614074919309,0.0
5248.346666666666,0.0,109683.78034851205,514070.7399999887,214831.67606637385,61458.534890051254,90991,168196,128096.74869504782,-18462.201687640707,0.0,-22911.587039612124,0.0,6921.383319027092,0.0,29098.389468276513,0.0,31137.573421106812,0.0,43213.725802260065,0.0,32918.898847668075,0.0,7767.598217422113,0.0
5368.332222222222,0.0,111846.35572816331,527604.7599999878,221346.64160971835,62844.38797018051,93432,172282,131567.37469192263,-18994.938392538315,0.0,-23775.005384444143,0.0,6685.571014893032,0.0,29582.632530188257,0.0,31818.84741746335,0.0,44283.51228527267,0.0,33847.37518854986,0.0,8398.361068773997,0.0
5416.332777777778,0.0,122797.90361967488,552901.159999984,226985.49725338497,65354.009602146034,97842,181391,137763.7495247748,-18968.382932648346,0.0,-24363.242202704037,0.0,7197.1619885484,0.0,31310.32844138815,0.0,34134.84593066765,0.0,47238.177649557656,0.0,36766.87828082772,0.0,9482.136464034204,0.0
5536.3388888888885,0.0,127312.51190090901,566539.6399999828,231320.0038471562,66762.61348563954,100426,185636,141144.51076627494,-19642.019847993317,0.0,-25177.172702551055,0.0,7434.312900356403,0.0,32301.01635173768,0.0,35089.51421227421,0.0,48649.84707437704,0.0,38382.805463142446,0.0,10274.208449561951,0.0
5584.340833333334,0.0,136815.7400913665,592486.8199999769,238963.1024649156,68766.81580979809,105235,193501,147941.16163389815,-19881.143805275387,0.0,-25564.309240292852,0.0,7937.925979890058,0.0,34053.62950411586,0.0,36824.213975950224,0.0,51088.76408086809,0.0,40998.92019474708,0.0,11357.739401358136,0.0
5704.329444444445,0.0,139925.79933091454,607494.7199999782,245392.03233539913,70371.2080254803,107966,197436,151805.68030818424,-20801.4138757812,0.0,-26490.096070226013,0.0,8118.85571445654,0.0,35173.1397558038,0.0,37622.97113985323,0.0,52423.033877126436,0.0,42181.39061008821,0.0,11697.91817958772,0.0
5752.336944444444,0.0,149104.97360420457,633439.879999977,253618.04206419137,72358.81467685575,112779,205293,158358.04965472835,-21675.97015718359,0.0,-27357.525794367342,0.0,8848.984525571874,0.0,36976.348721637354,0.0,39714.755467574054,0.0,55030.87404999849,0.0,44815.265600793115,0.0,12752.241190171393,0.0
5872.334722222222,0.0,152694.59383416362,647933.8199999789,259217.32227287252,73666.55559271015,115529,209560,162355.34830023427,-22562.57689731694,0.0,-28502.054039024115,0.0,9250.295699236322,0.0,37651.08107701742,0.0,40409.93833905161,0.0,56098.679824867235,0.0,46541.10195079581,0.0,13808.127879523456,0.0
5920.336944444444,0.0,162226.79435775802,674646.4499999731,267199.9717933516,75680.69923293723,120504,217737,169538.98461592896,-22762.92853210266,0.0,-29239.861744438,0.0,9811.935318366277,0.0,39097.19106797977,0.0,42047.71471102595,0.0,58858.596079827075,0.0,49497.86388775657,0.0,14916.283569328209,0.0
6040.33,0.0,168166.07983860243,690022.9299999742,271236.5232271081,76804.41122049629,123318,222246,173815.91571376612,-22943.31946118812,0.0,-29688.454923743284,0.0,10172.672333495335,0.0,40199.364811773215,0.0,43015.28028436963,0.0,60174.223400003844,0.0,51438.797107640115,0.0,15797.516286236692,0.0
6088.33,0.0,181708.2081441841,720299.2899999754,277834.35319390387,78786.40398879553,128862,232149,181970.32467308713,-23269.538489844163,0.0,-30243.9149214505,0.0,11027.697008281979,0.0,42611.472811057145,0.0,44772.51664970936,0.0,63321.41522017104,0.0,55321.73387705985,0.0,18166.825989179037,0.0
6208.3325,0.0,189177.60998831206,737441.2099999766,281643.1035314434,80416.91089594571,132078,237100,186203.58558426646,-23316.578427871253,0.0,-30837.07013670782,0.0,11419.402311227075,0.0,43830.4376466382,0.0,46129.10615408664,0.0,65120.936658961626,0.0,57632.30068675833,0.0,19199.07509519867,0.0
6256.34,0.0,204688.98285491453,772171.4499999715,289741.42653549486,82688.13812036556,137986,246787,195052.90248918993,-22648.552378351225,0.0,-31243.604621251485,0.0,12351.666945133284,0.0,46184.71020338435,0.0,49223.63048969624,0.0,69293.23221797115,0.0,60854.100212587524,0.0,20673.79978571906,0.0
6376.330555555555,0.0,212918.6537442695,792016.1899999713,295154.2498546294,84079.42676030673,141459,251674,199863.85964075633,-22863.644316602247,0.0,-32061.158686384875,0.0,12819.660495932238,0.0,47460.0341576801,0.0,50339.824557721004,0.0,72021.83197809327,0.0,63426.07586381161,0.0,21776.0296939913,0.0
6424.336774945812,0.0,225401.09049847705,826928.6499999748,306027.9706948408,86743.74238374572,147591,260955,208755.8464228905,-23691.735780392362,0.0,-33178.53974260217,0.0,13982.881129796295,0.0,49782.8789652621,0.0,52812.857664062176,0.0,75702.44755201976,0.0,66544.60627237038,0.0,23445.694437934788,0.0
6544.3405555555555,0.0,229207.76313753775,845766.0699999729,314147.1173353236,88885.80881560892,150909,265317,213525.38071148505,-24884.207540386866,0.0,-34337.135923686285,0.0,13973.254345341707,0.0,51054.088330151484,0.0,53682.42061609687,0.0,77544.24785617266,0.0,67993.15912485412,0.0,24181.93632896736,0.0
6592.341944444444,0.0,242689.43197737678,885022.1799999763,326855.1716866132,92285.90899535325,157758,274852,223191.6673406089,-26009.525989813756,0.0,-35218.69724817602,0.0,14677.81211373672,0.0,54042.51740393027,0.0,56725.82681967885,0.0,81063.80649612808,0.0,71464.14261206408,0.0,25943.549769802783,0.0
6711.330555555555,0.0,249274.45439656594,906577.8999999752,334105.56107458146,94540.54432369501,161541,280034,228657.34020510886,-26999.111776817186,0.0,-36432.672539339925,0.0,14754.771275450992,0.0,55397.26810118683,0.0,58367.71247852355,0.0,83074.82997914005,0.0,73812.6779486275,0.0,27298.978929767272,0.0
6759.331666666667,0.0,331091.58571155614,1038909.6199999765,357767.2732829444,101592.02025333724,176653,307753,248458.74075210234,-23851.386012660456,0.0,-39989.339359819765,0.0,23286.89543705828,0.0,66179.53939822744,0.0,67514.42154462326,0.0,105164.48272914204,0.0,89560.28248121744,0.0,43226.68949372958,0.0
6879.3325,0.0,366142.6030118846,1102112.1199999817,370822.15584400145,105755.96716022266,184620,322161,259391.39398382357,-20877.784338431637,0.0,-41790.69626124169,0.0,24826.528302434763,0.0,70936.706161964,0.0,73422.3804736333,0.0,115343.10404070871,0.0,95006.02367180517,0.0,49276.34096096794,0.0
6927.332516556291,0.0,381691.90855350817,1140239.7799999795,380358.094457202,109268.44494573576,190518,331400,268921.33204348816,-22374.783645749038,0.0,-42297.86600316484,0.0,26806.873769500613,0.0,73776.17563360493,0.0,77157.69855528201,0.0,120824.34186685595,0.0,97544.46748036097,0.0,50255.000896766054,0.0
7047.3533333333335,0.0,389090.8485762583,1168651.2299999814,392620.832851546,111750.74462624271,194732,336843,275188.8039458832,-23363.201906557417,0.0,-42888.7433979549,0.0,28387.526791766177,0.0,74546.67250266694,0.0,77746.46062398574,0.0,125015.61413763397,0.0,99261.22338657588,0.0,50385.29643809205,0.0
7095.354810199789,0.0,399435.7326973923,1210510.2399999762,409658.02576832037,115494.19678851371,201827,346322,285922.2847456993,-24856.160493710326,0.0,-43857.641672856356,0.0,29914.944114652273,0.0,77442.11812626224,0.0,80361.98545270403,0.0,129158.9624123057,0.0,100988.6537376755,0.0,50282.87102031065,0.0
7215.3375,0.0,404330.3393412188,1234877.959999981,420176.03737860743,118267.68029892343,206037,351571,292103.902981178,-26445.299991479806,0.0,-44797.85510794208,0.0,30852.39699671583,0.0,78650.9299189729,0.0,81571.46910208119,0.0,131129.59959180639,0.0,102687.72805024861,0.0,50681.37078076527,0.0
7263.3388888888885,0.0,418670.80632246844,1276769.0299999744,433737.305983664,121702.74677256617,213163,361571,302658.1709212295,-27477.19453456087,0.0,-45311.5629913863,0.0,33281.172670002416,0.0,81182.23016385149,0.0,84365.71742328888,0.0,135893.1798219851,0.0,104915.01344736492,0.0,51822.250321866275,0.0
7383.336111111111,0.0,427287.5197775155,1303116.1599999713,442429.41063113796,124099.2706886226,217677,367307,309299.9589026516,-28662.545514955716,0.0,-46276.039118663146,0.0,34326.23670997839,0.0,82823.50177470713,0.0,86221.2027799366,0.0,139067.56063327272,0.0,107009.98656758094,0.0,52777.615945596895,0.0
7431.336388888889,0.0,444181.4849353115,1341650.8799999855,451213.9757734628,126854.58562403341,224449,377676,319400.8336671246,-29216.682694228308,0.0,-46418.32205876899,0.0,36708.745384216156,0.0,86268.43548847504,0.0,89362.67505458037,0.0,143295.7463701044,0.0,109732.29575591312,0.0,54448.591634947436,0.0
2007.375,0.0,-4721.821171986384,6549.350000000009,8478.883613707467,1543.089889409592,1086,10551,1249.1976688693123,-1476.1752187735992,0.0,-1072.6036030533915,0.0,-671.7736279527471,0.0,-85.28718364623656,0.0,-436.56610463992826,0.0,-99.97487307443922,0.0,-69.51115347895997,0.0,-809.9294073670791,0.0
2055.387777777778,0.0,554.5013529872514,3355.7599999999975,1527.167766502373,640.5180942535859,520,1731,633.5727862567907,-137.4804874166577,0.0,-74.88805307269612,0.0,-0.8042510065286761,0.0,228.6980006237392,0.0,210.66254955043843,0.0,243.69014876364014,0.0,108.10903357701818,0.0,-23.48558803170231,0.0
2175.339722222222,0.0,843.366629767839,5103.299999999992,2340.3552883964417,1003.2272783587701,786,2786,916.3508034769492,-303.15169517888046,0.0,-170.80645690869468,0.0,-52.51395591218598,0.0,303.3433265755439,0.0,376.54610446563095,0.0,411.0721247683618,0.0,207.42258145627545,0.0,71.45460050178693,0.0
2223.3416666666667,0.0,3062.8951168421463,10666.13999999999,3589.5923739279106,2298.084870298207,1466,6027,1715.5676389317227,-357.63921855519624,0.0,-347.31527803612784,0.0,18.064652339294078,0.0,1064.5174497660641,0.0,1178.9378155683712,0.0,586.6724559920831,0.0,289.0397248796936,0.0,630.6175148879619,0.0
2343.3925,0.0,3573.799258214816,13069.759999999995,4509.077483440729,2829.1808080221995,1808,7184,2157.7024503222615,-425.31439788422114,0.0,-427.8727127763254,0.0,74.08151673919797,0.0,1172.3159733698399,0.0,1303.0657037697124,0.0,926.6575915457901,0.0,235.92684894082984,0.0,714.9387345099826,0.0
2391.3977777777777,0.0,5696.458588867996,19844.62000000002,6712.054156421718,4094.9178272910185,2747,9736,3341.1894274192973,-671.9760388466767,0.0,-545.8815440888436,0.0,189.71083424141952,0.0,1427.1519912581825,0.0,1847.8600917339286,0.0,1870.3472585928628,0.0,796.5555402605299,0.0,782.6904557165698,0.0
2511.3441666666668,0.0,7879.025070916152,24830.57000000005,8022.146624658678,4671.694998373946,3374,11368,4257.70330605124,-828.9641501744136,0.0,-634.7696522693703,0.0,270.661074716546,0.0,1700.76407023901,0.0,2354.3968828937195,0.0,2778.9992662147824,0.0,1258.8268091103953,0.0,979.1107701854562,0.0
2559.364722222222,0.0,9166.191620030211,32701.62000000014,11247.251074818436,6070.270565383273,4845,14985,6217.90673976802,-1226.1774215565965,0.0,-873.3174607423556,0.0,371.0960808963521,0.0,2041.7352948005528,0.0,2866.093481572923,0.0,3568.335093466324,0.0,1568.5931436321769,0.0,849.8334079609007,0.0
2679.3352777777777,0.0,10639.569479995522,38142.26000000012,13287.980268129746,6709.200110046642,5901,17312,7505.510141827963,-1644.4097967580929,0.0,-1159.8654039937348,0.0,494.84698373644045,0.0,2294.8496947415933,0.0,3386.754163409554,0.0,4278.297270067367,0.0,2050.2985706237114,0.0,938.7979981688071,0.0
2727.3494426016864,0.0,13728.087514239982,48966.890000000196,17075.690446450433,7794.415425844994,7897,21517,10368.696613464539,-2029.6988801525904,0.0,-1345.693060535324,0.0,871.6591700286734,0.0,2918.152257513207,0.0,4390.669903239408,0.0,5295.386132731132,0.0,2587.4637689597794,0.0,1040.1482224558526,0.0
2847.33,0.0,15495.819155902345,56477.55000000031,20024.965132336947,8620.99832264147,9251,24085,12335.767389119206,-2586.6789844610294,0.0,-1691.2579201350336,0.0,968.1936330555681,0.0,3246.050862417379,0.0,5153.330083847836,0.0,6266.0501571138175,0.0,3176.6011555597247,0.0,963.5301685041749,0.0
2895.3322222222223,0.0,17564.8653139212,70637.79000000042,27136.774111912273,10285.329254739032,11732,29461,15650.821319427441,-3546.668368309999,0.0,-2352.2220500171497,0.0,1113.8041098322412,0.0,4234.062382786557,0.0,6227.479628806364,0.0,7385.197536768006,0.0,3518.29841180055,0.0,984.9136622547728,0.0
3015.33,0.0,18952.854236785657,77842.99000000046,29954.425226524138,11258.218617295566,13125,32325,17677.49191939463,-4175.743259565359,0.0,-2673.447196136238,0.0,1262.3517117944032,0.0,4724.7014173210055,0.0,6556.999068633033,0.0,8274.920172357173,0.0,4070.8915977801184,0.0,912.1807246015838,0.0
3063.330282518506,0.0,24236.82597942186,97243.41000000043,37356.55365993026,13682.753003794576,16077,39242,21967.277356853232,-4983.9878415520325,0.0,-3040.3073167380244,0.0,1981.9804452363637,0.0,6304.532195651156,0.0,7934.262235800409,0.0,10429.333841993292,0.0,4248.308719783714,0.0,1362.7036992469225,0.0
3183.3580555555554,0.0,26023.519431869583,105297.3300000004,40500.10856574295,14600.190559108645,17521,41969,24173.511443278876,-5478.149408533407,0.0,-3345.4959299948146,0.0,2180.7108600412525,0.0,6875.880131878022,0.0,8493.51259124657,0.0,11236.655174540845,0.0,4766.95394124418,0.0,1293.4520714468524,0.0
3231.3645300546445,0.0,31283.87284285687,121700.5200000003,45340.582800099975,16352.369985846333,20594,47510,28723.694371196747,-6060.298455611319,0.0,-3530.02403053851,0.0,2853.208465990928,0.0,7767.315144083701,0.0,9663.52926943436,0.0,13056.671507588115,0.0,5902.162578097027,0.0,1631.3083638125163,0.0
3351.3633333333332,0.0,34095.071170986084,132400.5900000002,49155.97498396889,17625.054104915445,22586,50879,31524.489740129353,-6915.325062862592,0.0,-4145.140598210446,0.0,3312.527875060856,0.0,8287.34506381301,0.0,10483.878111121312,0.0,14178.066783987553,0.0,6849.857349702857,0.0,2043.8616483734352,0.0
3399.38,0.0,40255.605485954104,151295.35000000062,54448.010053268394,19943.60919535337,26001,57032,36648.125265424336,-7592.49975380145,0.0,-4562.51482003382,0.0,4112.310493443496,0.0,10187.857983885258,0.0,12052.29599524029,0.0,16038.8704722184,0.0,7706.511780521888,0.0,2312.773334479059,0.0
3519.3344444444447,0.0,42288.17129065349,160841.90000000005,58703.86316200652,20811.352400258304,27770,59719,39038.51314708181,-7894.352143662321,0.0,-4838.586480267178,0.0,4570.300307504235,0.0,10646.200352267113,0.0,12648.476283755472,0.0,16971.750968852863,0.0,7903.786815736641,0.0,2280.5951864660415,0.0
3567.339870527307,0.0,44569.997073376384,181914.96999999997,68707.11458085902,24359.62586658674,31653,66616,44278.23247917703,-9180.617718917934,0.0,-6421.675952569588,0.0,5120.45703104273,0.0,11851.865522813907,0.0,14178.251688527365,0.0,18921.379565698957,0.0,8575.31946936708,0.0,1525.0174674136856,0.0
3688.3358333333335,0.0,48214.811216831135,191901.83000000028,71630.22049605529,25209.662303329373,33475,69664,46847.1359837827,-9420.334318394102,0.0,-6543.768530607989,0.0,5593.915935707235,0.0,12218.43016962809,0.0,14628.929793122188,0.0,20469.30403381024,0.0,9505.265739613196,0.0,1763.0683939523133,0.0
3736.337777777778,0.0,58060.59984414783,217278.89000000095,79414.89430969226,27241.7261096542,37521,77710,52561.669736504104,-10015.376494628488,0.0,-7008.718723833136,0.0,6294.359281755023,0.0,13173.538732077604,0.0,16287.610817996198,0.0,23084.174003484783,0.0,13211.145808457873,0.0,3033.866418838044,0.0
3856.3527777777776,0.0,64247.02689223567,230930.80000000107,83310.64437831304,28113.98630809874,39598,81626,55259.14242135067,-9517.89583077781,0.0,-7371.4728186426,0.0,6800.178380613224,0.0,13765.83560270539,0.0,16876.560331549343,0.0,24695.167823100073,0.0,15492.649268231942,0.0,3506.004135456149,0.0
3904.361388888889,0.0,72643.96383104904,253059.2500000012,89944.4363510807,29702.466430173215,43361,88072,60768.38338769576,-9965.238120175807,0.0,-7689.165818827658,0.0,7450.864905981575,0.0,15550.49122303966,0.0,18603.553581499513,0.0,27299.641577951537,0.0,17386.04129996976,0.0,4007.7751816101254,0.0
4024.343888888889,0.0,73825.05363835399,264324.83000000194,95797.35740474843,31112.89782793278,45356,91095,63589.52112896377,-10066.97014514212,0.0,-8127.645293002374,0.0,7417.701779446834,0.0,16152.42689546951,0.0,19011.67017702197,0.0,28367.61397155656,0.0,17736.219597601706,0.0,3334.0366554011766,0.0
4072.346076388889,0.0,70288.63625683308,288039.03999999975,113891.98616371716,34183.03491973032,49451,98308,69675.38265971828,-11974.704514310679,0.0,-9578.85196029479,0.0,7040.562482874124,0.0,17783.150043117697,0.0,20331.87423074411,0.0,29403.341013829355,0.0,16481.51302830477,0.0,801.7519325671747,0.0
4192.331111111111,0.0,63242.076707908884,300235.2199999994,126822.94015897589,37568.56906151413,51579,101887,72601.63407159972,-14094.9550382905,0.0,-11513.138273773999,0.0,6432.2692076312305,0.0,18174.02875104396,0.0,20203.825603914476,0.0,28764.070786009517,0.0,15235.930657618326,0.0,40.04501375455916,0.0
4240.349166666667,0.0,65484.67427084369,320933.96999999654,137362.0974014643,39930.17022671802,55412,107781,78157.0281009717,-15249.543592771231,0.0,-12419.042650447404,0.0,6463.90933942816,0.0,19334.485697171567,0.0,21185.863490224034,0.0,30254.330452422633,0.0,16192.156716201263,0.0,-277.4851813864388,0.0
4360.354722222222,0.0,66658.39093501763,331219.6699999947,142223.46262430857,41211.82653257092,57342,110744,81125.98990809938,-15994.702486298645,0.0,-13272.4649760608,0.0,6347.386250149121,0.0,19768.2981333701,0.0,21429.967408389224,0.0,30949.318352570815,0.0,17197.127008750296,0.0,233.46124414592379,0.0
4408.356548821548,0.0,76019.75032562214,354020.65999999497,147875.26938898838,43406.011721496914,61815,119171,86719.62856388548,-15943.234018034267,0.0,-13821.813987621586,0.0,6909.828902027606,0.0,21257.337902551488,0.0,22929.409992826975,0.0,32917.062187352196,0.0,20047.538414164796,0.0,1723.6209323528435,0.0
4528.345,0.0,78876.66171000506,366041.1799999951,152395.74518597516,44819.00441952717,64106,122913,89949.76868448473,-16131.105124300173,0.0,-15047.057553362258,0.0,6800.95307719899,0.0,21748.936891285084,0.0,23673.878653600008,0.0,33903.20211467562,0.0,21393.056228341833,0.0,2534.797422563871,0.0
4576.345,0.0,85874.27786641383,387834.30999999266,159494.9260522303,46898.744114405556,68140,130115,95566.3619669401,-16042.057295885492,0.0,-15835.025410395501,0.0,7067.680432253564,0.0,23376.349487638323,0.0,24914.571852868525,0.0,35340.61435145857,0.0,23396.29411993815,0.0,3655.8503285344186,0.0
4696.332777777778,0.0,89644.11448238544,401068.7199999912,164231.4535261062,48293.49436023036,70554,134090,98899.65763126696,-16269.594125224558,0.0,-16924.773868521024,0.0,6977.587570119644,0.0,24040.2028080331,0.0,25856.038722838974,0.0,36678.30169656432,0.0,24902.76253480034,0.0,4383.589143771333,0.0
4744.3358333333335,0.0,93925.33886237875,424099.50999999035,174451.52616666962,51065.8176906241,74704,140746,104656.82728031484,-16676.705157169232,0.0,-18263.01074795129,0.0,6863.58681341565,0.0,25391.94163441579,0.0,26965.584944437487,0.0,38449.44469346958,0.0,26564.721333679685,0.0,4629.775348077003,0.0
4864.354166666667,0.0,94596.54833311231,436684.2099999908,181729.63854990236,52774.98671883623,76907,144049,107583.03639813726,-17068.259507291863,0.0,-19387.075528881767,0.0,6911.335025466397,0.0,26088.91413901237,0.0,27274.93118819133,0.0,38945.23553112861,0.0,27064.654576624627,0.0,4766.812908858088,0.0
4912.359178416511,0.0,94862.05366859569,452465.54999999056,191336.45362389236,54416.96540589354,79825,148801,111850.07730160544,-17137.11910164316,0.0,-19969.212703131165,0.0,6764.958863777558,0.0,26421.429390208123,0.0,27126.68205349113,0.0,38835.43906507317,0.0,27628.079408593367,0.0,5191.796692222569,0.0
5032.3341666666665,0.0,95455.12657608397,463346.60999998945,197312.70303543715,55965.815906927026,81804,151648,114612.96448153915,-17673.36163900121,0.0,-21056.64240645563,0.0,6500.688525939829,0.0,26743.178636933866,0.0,27509.689855009732,0.0,39278.05270733604,0.0,28574.14991153062,0.0,5579.370984786942,0.0
5080.335555555555,0.0,99042.64488263072,482011.899999989,204765.88390564034,58530.23044919389,85095,157409,119673.14076252269,-17996.1942675377,0.0,-21780.244563065768,0.0,6500.153928186783,0.0,27487.725038200217,0.0,28774.07512602201,0.0,40743.060088933,0.0,29538.642326354,0.0,5775.427205534345,0.0
5200.343611111111,0.0,100918.68382847133,491393.7599999882,208521.70376803557,59674.916707520846,86844,160288,122278.45569595984,-18532.893366089782,0.0,-22297.629227198453,0.0,6453.254883431406,0.0,27955.566719455383,0.0,29377.774397987607,0.0,41378.27212401976,0.0,30341.724221942335,0.0,6242.614074919309,0.0
5248.346666666666,0.0,109683.78034851205,514070.7399999887,214831.67606637385,61458.534890051254,90991,168196,128096.74869504782,-18462.201687640707,0.0,-22911.587039612124,0.0,6921.383319027092,0.0,29098.389468276513,0.0,31137.573421106812,0.0,43213.725802260065,0.0,32918.898847668075,0.0,7767.598217422113,0.0
5368.332222222222,0.0,111846.35572816331,527604.7599999878,221346.64160971835,62844.38797018051,93432,172282,131567.37469192263,-18994.938392538315,0.0,-23775.005384444143,0.0,6685.571014893032,0.0,29582.632530188257,0.0,31818.84741746335,0.0,44283.51228527267,0.0,33847.37518854986,0.0,8398.361068773997,0.0
5416.332777777778,0.0,122797.90361967488,552901.159999984,226985.49725338497,65354.009602146034,97842,181391,137763.7495247748,-18968.382932648346,0.0,-24363.242202704037,0.0,7197.1619885484,0.0,31310.32844138815,0.0,34134.84593066765,0.0,47238.177649557656,0.0,36766.87828082772,0.0,9482.136464034204,0.0
5536.3388888888885,0.0,127312.51190090901,566539.6399999828,231320.0038471562,66762.61348563954,100426,185636,141144.51076627494,-19642.019847993317,0.0,-25177.172702551055,0.0,7434.312900356403,0.0,32301.01635173768,0.0,35089.51421227421,0.0,48649.84707437704,0.0,38382.805463142446,0.0,10274.208449561951,0.0
5584.340833333334,0.0,136815.7400913665,592486.8199999769,238963.1024649156,68766.81580979809,105235,193501,147941.16163389815,-19881.143805275387,0.0,-25564.309240292852,0.0,7937.925979890058,0.0,34053.62950411586,0.0,36824.213975950224,0.0,51088.76408086809,0.0,40998.92019474708,0.0,11357.739401358136,0.0
5704.329444444445,0.0,139925.79933091454,607494.7199999782,245392.03233539913,70371.2080254803,107966,197436,151805.68030818424,-20801.4138757812,0.0,-26490.096070226013,0.0,8118.85571445654,0.0,35173.1397558038,0.0,37622.97113985323,0.0,52423.033877126436,0.0,42181.39061008821,0.0,11697.91817958772,0.0
5752.336944444444,0.0,149104.97360420457,633439.879999977,253618.04206419137,72358.81467685575,112779,205293,158358.04965472835,-21675.97015718359,0.0,-27357.525794367342,0.0,8848.984525571874,0.0,36976.348721637354,0.0,39714.755467574054,0.0,55030.87404999849,0.0,44815.265600793115,0.0,12752.241190171393,0.0
5872.334722222222,0.0,152694.59383416362,647933.8199999789,259217.32227287252,73666.55559271015,115529,209560,162355.34830023427,-22562.57689731694,0.0,-28502.054039024115,0.0,9250.295699236322,0.0,37651.08107701742,0.0,40409.93833905161,0.0,56098.679824867235,0.0,46541.10195079581,0.0,13808.127879523456,0.0
5920.336944444444,0.0,162226.79435775802,674646.4499999731,267199.9717933516,75680.69923293723,120504,217737,169538.98461592896,-22762.92853210266,0.0,-29239.861744438,0.0,9811.935318366277,0.0,39097.19106797977,0.0,42047.71471102595,0.0,58858.596079827075,0.0,49497.86388775657,0.0,14916.283569328209,0.0
6040.33,0.0,168166.07983860243,690022.9299999742,271236.5232271081,76804.41122049629,123318,222246,173815.91571376612,-22943.31946118812,0.0,-29688.454923743284,0.0,10172.672333495335,0.0,40199.364811773215,0.0,43015.28028436963,0.0,60174.223400003844,0.0,51438.797107640115,0.0,15797.516286236692,0.0
6088.33,0.0,181708.2081441841,720299.2899999754,277834.35319390387,78786.40398879553,128862,232149,181970.32467308713,-23269.538489844163,0.0,-30243.9149214505,0.0,11027.697008281979,0.0,42611.472811057145,0.0,44772.51664970936,0.0,63321.41522017104,0.0,55321.73387705985,0.0,18166.825989179037,0.0
6208.3325,0.0,189177.60998831206,737441.2099999766,281643.1035314434,80416.91089594571,132078,237100,186203.58558426646,-23316.578427871253,0.0,-30837.07013670782,0.0,11419.402311227075,0.0,43830.4376466382,0.0,46129.10615408664,0.0,65120.936658961626,0.0,57632.30068675833,0.0,19199.07509519867,0.0
6256.34,0.0,204688.98285491453,772171.4499999715,289741.42653549486,82688.13812036556,137986,246787,195052.90248918993,-22648.552378351225,0.0,-31243.604621251485,0.0,12351.666945133284,0.0,46184.71020338435,0.0,49223.63048969624,0.0,69293.23221797115,0.0,60854.100212587524,0.0,20673.79978571906,0.0
6376.330555555555,0.0,212918.6537442695,792016.1899999713,295154.2498546294,84079.42676030673,141459,251674,199863.85964075633,-22863.644316602247,0.0,-32061.158686384875,0.0,12819.660495932238,0.0,47460.0341576801,0.0,50339.824557721004,0.0,72021.83197809327,0.0,63426.07586381161,0.0,21776.0296939913,0.0
6424.336774945812,0.0,225401.09049847705,826928.6499999748,306027.9706948408,86743.74238374572,147591,260955,208755.8464228905,-23691.735780392362,0.0,-33178.53974260217,0.0,13982.881129796295,0.0,49782.8789652621,0.0,52812.857664062176,0.0,75702.44755201976,0.0,66544.60627237038,0.0,23445.694437934788,0.0
6544.3405555555555,0.0,229207.76313753775,845766.0699999729,314147.1173353236,88885.80881560892,150909,265317,213525.38071148505,-24884.207540386866,0.0,-34337.135923686285,0.0,13973.254345341707,0.0,51054.088330151484,0.0,53682.42061609687,0.0,77544.24785617266,0.0,67993.15912485412,0.0,24181.93632896736,0.0
6592.341944444444,0.0,242689.43197737678,885022.1799999763,326855.1716866132,92285.90899535325,157758,274852,223191.6673406089,-26009.525989813756,0.0,-35218.69724817602,0.0,14677.81211373672,0.0,54042.51740393027,0.0,56725.82681967885,0.0,81063.80649612808,0.0,71464.14261206408,0.0,25943.549769802783,0.0
6711.330555555555,0.0,249274.45439656594,906577.8999999752,334105.56107458146,94540.54432369501,161541,280034,228657.34020510886,-26999.111776817186,0.0,-36432.672539339925,0.0,14754.771275450992,0.0,55397.26810118683,0.0,58367.71247852355,0.0,83074.82997914005,0.0,73812.6779486275,0.0,27298.978929767272,0.0
6759.331666666667,0.0,331091.58571155614,1038909.6199999765,357767.2732829444,101592.02025333724,176653,307753,248458.74075210234,-23851.386012660456,0.0,-39989.339359819765,0.0,23286.89543705828,0.0,66179.53939822744,0.0,67514.42154462326,0.0,105164.48272914204,0.0,89560.28248121744,0.0,43226.68949372958,0.0
6879.3325,0.0,366142.6030118846,1102112.1199999817,370822.15584400145,105755.96716022266,184620,322161,259391.39398382357,-20877.784338431637,0.0,-41790.69626124169,0.0,24826.528302434763,0.0,70936.706161964,0.0,73422.3804736333,0.0,115343.10404070871,0.0,95006.02367180517,0.0,49276.34096096794,0.0
6927.332516556291,0.0,381691.90855350817,1140239.7799999795,380358.094457202,109268.44494573576,190518,331400,268921.33204348816,-22374.783645749038,0.0,-42297.86600316484,0.0,26806.873769500613,0.0,73776.17563360493,0.0,77157.69855528201,0.0,120824.34186685595,0.0,97544.46748036097,0.0,50255.000896766054,0.0
7047.3533333333335,0.0,389090.8485762583,1168651.2299999814,392620.832851546,111750.74462624271,194732,336843,275188.8039458832,-23363.201906557417,0.0,-42888.7433979549,0.0,28387.526791766177,0.0,74546.67250266694,0.0,77746.46062398574,0.0,125015.61413763397,0.0,99261.22338657588,0.0,50385.29643809205,0.0
7095.354810199789,0.0,399435.7326973923,1210510.2399999762,409658.02576832037,115494.19678851371,201827,346322,285922.2847456993,-24856.160493710326,0.0,-43857.641672856356,0.0,29914.944114652273,0.0,77442.11812626224,0.0,80361.98545270403,0.0,129158.9624123057,0.0,100988.6537376755,0.0,50282.87102031065,0.0
7215.3375,0.0,404330.3393412188,1234877.959999981,420176.03737860743,118267.68029892343,206037,351571,292103.902981178,-26445.299991479806,0.0,-44797.85510794208,0.0,30852.39699671583,0.0,78650.9299189729,0.0,81571.46910208119,0.0,131129.59959180639,0.0,102687.72805024861,0.0,50681.37078076527,0.0
7263.3388888888885,0.0,418670.80632246844,1276769.0299999744,433737.305983664,121702.74677256617,213163,361571,302658.1709212295,-27477.19453456087,0.0,-45311.5629913863,0.0,33281.172670002416,0.0,81182.23016385149,0.0,84365.71742328888,0.0,135893.1798219851,0.0,104915.01344736492,0.0,51822.250321866275,0.0
7383.336111111111,0.0,427287.5197775155,1303116.1599999713,442429.41063113796,124099.2706886226,217677,367307,309299.9589026516,-28662.545514955716,0.0,-46276.039118663146,0.0,34326.23670997839,0.0,82823.50177470713,0.0,86221.2027799366,0.0,139067.56063327272,0.0,107009.98656758094,0.0,52777.615945596895,0.0
7431.336388888889,0.0,444181.4849353115,1341650.8799999855,451213.9757734628,126854.58562403341,224449,377676,319400.8336671246,-29216.682694228308,0.0,-46418.32205876899,0.0,36708.745384216156,0.0,86268.43548847504,0.0,89362.67505458037,0.0,143295.7463701044,0.0,109732.29575591312,0.0,54448.591634947436,0.0
2007.375,0.0,-4008.789604712035,9730.90000000001,9850.849943093002,2157.587067647576,1494,10551,1731.2525939714153,-1703.2099776004275,0.0,-924.7868676015819,0.0,-552.024791318217,0.0,58.73697545820371,0.0,-58.77125850564771,0.0,194.50191013054365,0.0,-332.47068097511243,0.0,-690.7649142997718,0.0
2031.3766666666668,0.0,611.3203538129544,2248.1200000000017,1064.4141685511386,204.70398379557705,327,889,367.6814938403303,11.239697577921945,0.0,0.653714956399579,0.0,37.21587648609402,0.0,127.91317844421732,0.0,220.16025805175894,0.0,248.72259028993037,0.0,-15.663411429157657,0.0,-18.921550564210193,0.0
2055.387777777778,0.0,268.03583588329803,4328.650000000006,2809.6838510519524,508.7617901727378,627,1731,742.168522892012,-281.34539564841907,0.0,-137.99571871590757,0.0,5.751351760074,0.0,236.26505571618404,0.0,321.12245011782375,0.0,356.808035755291,0.0,-131.51125630291824,0.0,-101.05868679883005,0.0
2175.339722222222,0.0,474.2248439993467,6664.630000000003,4130.9377134524375,893.827043703535,966,2786,1165.6403988446723,-580.4632255158882,0.0,-327.2453113665949,0.0,-58.27954539653036,0.0,326.1207706012496,0.0,616.6931693973272,0.0,609.0444274238279,0.0,-40.619387141739445,0.0,-71.02605400230469,0.0
2199.3616666666667,0.0,1843.5195978470902,11336.77000000001,5450.665748278584,2122.2995174943644,1517,4896,1920.2851363799796,-1110.0647778581683,0.0,-559.9209993197646,0.0,-81.11227860178244,0.0,824.0716229809551,0.0,1298.3502910036905,0.0,848.698456008032,0.0,144.26085602126892,0.0,479.23642761285515,0.0
2223.3825,0.0,2706.262742715828,13738.140000000001,6206.652390542916,2392.477104806696,1840,6030,2432.74776193458,-1279.6669559937532,0.0,-611.6919062474656,0.0,-16.4685867609289,0.0,1119.759258522046,0.0,1584.7843758030806,0.0,1092.641749128991,0.0,273.506443546486,0.0,543.3983647173632,0.0
2343.3925,0.0,3853.998154926585,17189.38000000003,7571.084387358173,2780.4389449981027,2339,7184,2983.8585127171605,-1317.4409300786963,0.0,-656.3333111384571,0.0,92.9450719919123,0.0,1182.1560757414873,0.0,1718.1729709032838,0.0,1704.0131030732832,0.0,406.2717780842524,0.0,724.2133963495077,0.0
2367.4069444444444,0.0,5304.129231771329,20995.480000000014,8887.448673728177,3145.670460810498,2864,8451,3658.2316336899944,-1365.3421036990476,0.0,-690.6446786914374,0.0,216.74691782749107,0.0,1348.5387263127625,0.0,2235.3219639291724,0.0,2172.190590743853,0.0,533.0287753850358,0.0,854.2890399635052,0.0
2391.411792929293,0.0,6514.02560001645,25192.08000000004,10690.59899982086,3525.711722726287,3454,9737,4461.743677436398,-1742.1501066249093,0.0,-778.8149135283822,0.0,319.90272770047216,0.0,1435.266613150726,0.0,2463.337417082078,0.0,2867.0595700478416,0.0,1051.1333692966302,0.0,898.2909228920473,0.0
2511.3441666666668,0.0,8956.994077315667,31415.55000000006,12783.32871985659,4108.775070400723,4263,11368,5566.452132427045,-2025.0467917647516,0.0,-951.6123057858725,0.0,606.8571303128933,0.0,1737.760130432027,0.0,3118.739801517794,0.0,3789.5827543301325,0.0,1535.4074386348693,0.0,1145.3059196386355,0.0
2535.3591666666666,0.0,9927.595381141737,35874.579999999965,14563.337766217077,4759.0596621607465,5067,13132,6624.587190480424,-2158.4761269890932,0.0,-1027.3803298616035,0.0,754.0256605128033,0.0,2054.5705812420124,0.0,3377.445739752718,0.0,4180.625491739019,0.0,1664.9322968166277,0.0,1081.8520679292706,0.0
2559.364722222222,0.0,10627.172188783881,41067.14999999977,17095.700574871218,5504.948799862851,6033,14985,7839.328436482,-2595.6558592455194,0.0,-1196.5483712064429,0.0,963.0048891573326,0.0,2221.946088407575,0.0,3607.4735102382347,0.0,4637.147761845908,0.0,1873.707272921905,0.0,1116.0968966649832,0.0
2679.3352777777777,0.0,12179.416793204866,47027.09999999976,19637.10045836243,5886.5317469863785,7182,17312,9324.051001446142,-3164.454300044972,0.0,-1558.3414017293144,0.0,1094.1643310482173,0.0,2571.0161601341697,0.0,4201.628055403973,0.0,5430.985285718827,0.0,2401.0365570070526,0.0,1203.382105667018,0.0
2703.3369444444443,0.0,13998.815598746163,52526.109999999884,21394.554520442594,6417.7555289065285,8194,19486,10714.984351904499,-3186.931434178936,0.0,-1561.628207560239,0.0,1177.8131830713849,0.0,2961.018965953478,0.0,4688.239101137457,0.0,5934.637131940989,0.0,2752.7600315763952,0.0,1232.9068268056913,0.0
2727.356476941039,0.0,15044.860558759363,58547.13999999998,24071.132853164276,7033.727641260537,9311,21517,12397.418946815482,-3593.1020713580056,0.0,-1657.2951257593982,0.0,1243.2722125060013,0.0,3310.4502702829677,0.0,5054.242799264262,0.0,6556.65038920697,0.0,3003.0136032919613,0.0,1127.6284813247587,0.0
2847.33,0.0,17142.856599676856,65720.81000000016,26544.43146637393,7625.448015353274,10627,24085,14408.073918595494,-3926.9338984227024,0.0,-1721.7114650485369,0.0,1302.7596387265162,0.0,3668.657128132382,0.0,5734.492236151949,0.0,7461.35942389858,0.0,3679.4482482911567,0.0,944.7852879477132,0.0
2871.33113119201,0.0,19050.686287415287,72451.25000000038,29140.513140563708,8085.249985919181,11751,27210,16174.800586101506,-4184.997577322039,0.0,-1967.6720890247484,0.0,1417.738067323347,0.0,4200.5855641657645,0.0,6226.109212670533,0.0,8196.702423054567,0.0,3904.3875302414835,0.0,1257.8331563064785,0.0
2895.3322222222223,0.0,19472.419565931752,79078.7900000004,32733.52802985646,8904.896708318436,12972,29461,17967.945695893017,-4924.8320248412965,0.0,-2302.987236293361,0.0,1535.6528581261268,0.0,4744.903820075408,0.0,6624.685828114636,0.0,8532.296077566149,0.0,4133.772764619833,0.0,1128.9274785642933,0.0
3015.33,0.0,21211.3756917318,86369.15000000011,35274.38105790847,10070.798881844039,14406,32325,19812.59436851529,-5485.426260349317,0.0,-2748.486674512711,0.0,1500.343839545285,0.0,5250.815230078243,0.0,6976.331224500407,0.0,9518.997662513944,0.0,4883.151833421367,0.0,1315.6488365346197,0.0
3039.336388888889,0.0,27003.526579140795,98519.43999999999,37551.234754689984,11487.408924875255,16182,36621,22477.269741293436,-5602.006571236149,0.0,-2897.4770912862173,0.0,2174.8963529940565,0.0,6531.609535931466,0.0,7900.863213533154,0.0,11493.410248094566,0.0,5369.41606322808,0.0,2032.8148278819,0.0
3063.340277777778,0.0,29169.56821766924,106208.39000000001,40614.256123375366,11986.2981449393,17483,39242,24438.267514015715,-6084.1409139849775,0.0,-3036.154691722,0.0,2378.9047704811114,0.0,7340.076368924169,0.0,8396.5419551293,0.0,12493.799590482182,0.0,5672.067473408344,0.0,2008.473664951227,0.0
3183.3580555555554,0.0,31857.398379847888,115058.91000000002,43554.49441540436,13081.00671725096,19027,41969,26566.01048749647,-6557.517850467916,0.0,-3142.9895848054825,0.0,2783.15130933444,0.0,7811.648492459716,0.0,9051.02764542662,0.0,13612.686665996733,0.0,6275.02942086914,0.0,2024.3622810346508,0.0
3207.3784776475695,0.0,34059.792837521374,123185.38000000005,46184.58758748561,14299.446488696567,20514,44685,28641.55308629608,-6740.516637696328,0.0,-3146.2750970338293,0.0,2997.858405950084,0.0,8311.934519161121,0.0,9599.4574777262,0.0,14515.820454858213,0.0,6493.129099297764,0.0,2028.3846152581723,0.0
3231.3887695780354,0.0,35476.452746428185,131497.89000000016,49544.64497867696,15419.89330478796,22115,47510,31056.8989701065,-7667.245460877047,0.0,-3578.902679073216,0.0,3326.3077457554527,0.0,8839.378880792507,0.0,10158.692704547515,0.0,15391.465172537264,0.0,7040.117507210882,0.0,1966.638875534674,0.0
3351.3633333333332,0.0,39279.52652420086,141540.8999999997,52416.3972616499,16263.817878470021,23972,50879,33581.15833567885,-8197.54857132681,0.0,-3910.493381986122,0.0,3824.302732392636,0.0,9648.018225894137,0.0,11018.557701305654,0.0,16727.273750830045,0.0,7813.693527828596,0.0,2355.7225392623204,0.0
3375.3741579406633,0.0,43034.361615811235,151549.4299999996,55065.05481983401,17495.993923895938,25757,54235,35954.01964045867,-8323.221840564896,0.0,-4141.239275119178,0.0,4075.4104816862045,0.0,10860.652847744685,0.0,11960.72984359968,0.0,17803.385798037376,0.0,8278.150847166196,0.0,2520.49291326041,0.0
3399.38,0.0,45446.04274719551,160301.38999999926,57907.01414863744,18546.064188240816,27376,57032,38402.26891592642,-8715.461091036414,0.0,-4244.672490358458,0.0,4325.819140002939,0.0,11303.009510880116,0.0,12737.263274594556,0.0,18780.74847718155,0.0,8693.900570793156,0.0,2565.4353551370045,0.0
3519.3344444444447,0.0,46291.05464051495,169887.80999999883,62862.55894892237,19649.932174133603,29141,59719,41084.26423642944,-9120.352932021115,0.0,-4456.267622764732,0.0,4609.054720761971,0.0,11605.036818663295,0.0,13079.97158272832,0.0,19571.560700662707,0.0,8580.951361492454,0.0,2421.1000109909114,0.0
3543.336527325371,0.0,48837.14310687117,179734.44999999856,66971.9856871562,20581.509326833082,31047,63370,43343.81187913967,-9170.308372737398,0.0,-4475.408593562159,0.0,4813.365281710536,0.0,12278.990772703763,0.0,13609.709269220035,0.0,20623.160601460142,0.0,9157.247845123866,0.0,2000.386302951523,0.0
3567.3450206611574,0.0,48761.81216446506,189493.00999999867,72408.22909531012,22553.877384875992,32802,66616,45769.091355349425,-10588.007233381857,0.0,-5926.938506913195,0.0,4953.238622708077,0.0,12907.117031731797,0.0,14224.554377139048,0.0,21414.079935984835,0.0,9852.678847249761,0.0,1925.089089945654,0.0
3688.3358333333335,0.0,51835.30659265456,199352.5599999988,75878.99490643074,23399.7845410978,34608,69664,48238.47395981756,-11039.199788003723,0.0,-6331.981735745218,0.0,5249.651168261216,0.0,13042.771749069014,0.0,14783.682035566244,0.0,22801.725180315567,0.0,10941.745047993565,0.0,2386.912935196831,0.0
3712.339404761905,0.0,57213.735098516816,210091.21999999895,77951.07125039345,23849.92612206352,36426,73523,51076.48752902698,-10938.871129558584,0.0,-6316.293898315332,0.0,5578.858988527383,0.0,13916.049879185552,0.0,16103.445976447749,0.0,24162.56417177581,0.0,11898.520469229441,0.0,2809.4606412236567,0.0
3736.343012964094,0.0,63132.3924998599,223707.4399999985,81828.28770826705,24667.159234344468,38525,77711,54079.60055752892,-11422.647330003454,0.0,-6614.700233344457,0.0,5889.523984049193,0.0,14308.477473368352,0.0,16769.848778979675,0.0,25245.29958033741,0.0,14952.789352422093,0.0,4003.8008940495924,0.0
3856.3527777777776,0.0,70219.80153817248,238641.5399999985,85810.17575546913,25481.73669122936,40749,81626,57129.82601512959,-10705.080641372611,0.0,-6646.788946698376,0.0,6263.370182969374,0.0,15295.94123983826,0.0,17361.022644721637,0.0,26978.80479602713,0.0,17213.683743921065,0.0,4458.848518763512,0.0
3880.3718329613857,0.0,73919.01787824737,249191.50999999873,89193.29573877627,26328.262431102332,42474,84830,59750.93395187572,-10715.558239113505,0.0,-6688.997104371076,0.0,6428.840429334728,0.0,16161.378093628151,0.0,18263.907680379605,0.0,28265.913896436803,0.0,17763.808871899517,0.0,4439.724250049594,0.0
3904.373172672673,0.0,75881.14402749648,261218.86999999912,94372.89179348187,28220.537024169167,44503,88073,62744.29715485364,-11147.879989020645,0.0,-7103.709987686825,0.0,6298.787059142458,0.0,16608.817380674245,0.0,18937.79028965362,0.0,29727.099874601485,0.0,18437.370210242938,0.0,4122.869189885765,0.0
4024.343888888889,0.0,75781.05248766886,272714.6500000001,100686.36546100987,30284.22264703904,46526,91095,65963.00940428392,-11788.517780169113,0.0,-7831.553391790439,0.0,5961.324828866112,0.0,16766.481512884344,0.0,19224.389869844894,0.0,30609.06320007738,0.0,19117.581242063065,0.0,3722.283005888677,0.0
4048.3502777777776,0.0,77586.62929220182,283133.0700000004,105674.60103035222,31229.468443321377,48405,94387,68642.37123412637,-11833.107930206106,0.0,-7857.559847282458,0.0,5885.0080059589445,0.0,17791.190730943243,0.0,20094.578385874793,0.0,31211.310939419596,0.0,19135.25597380626,0.0,3159.953033683403,0.0
4072.353469900462,0.0,75172.9680777429,296333.6699999997,116158.6872393671,32992.29753141138,50638,98308,72009.71715148071,-13485.495696744681,0.0,-8945.537778804715,0.0,5629.676459955333,0.0,18687.612699378988,0.0,20596.868853964086,0.0,31824.583561597727,0.0,18684.438240747888,0.0,2180.8217376434995,0.0
4192.331111111111,0.0,73529.0566110147,308107.9200000007,124525.27805586206,34969.462566785274,52713,101887,75084.12276634057,-14293.157307569487,0.0,-9486.798969297102,0.0,5762.228330260823,0.0,19292.399138517816,0.0,21019.433649673327,0.0,31501.772718309738,0.0,18344.192319395752,0.0,1388.9867317181051,0.0
4216.332222222222,0.0,75215.43139936365,316913.2499999999,128180.6388205786,36030.87208603207,54355,104942,77486.30769402854,-14163.961949372368,0.0,-9698.535534083705,0.0,5815.429685099911,0.0,19921.29174802386,0.0,21362.522868842247,0.0,32070.216540374775,0.0,18735.76678119751,0.0,1172.701259274982,0.0
4240.349166666667,0.0,76133.89873698483,326043.39999999857,132749.96034551976,37008.711485777116,56114,107781,80150.82943172097,-14867.086707001732,0.0,-10328.014497422528,0.0,5889.996961636485,0.0,20411.55334134302,0.0,21700.757371787473,0.0,32503.295460012072,0.0,19408.117299230802,0.0,1415.2795073925633,0.0
4360.354722222222,0.0,78458.58600191212,335905.1399999967,136739.8560615732,37942.917334786114,57973,110744,82763.78060173197,-15262.662856963763,0.0,-10714.13630439232,0.0,6030.021062865915,0.0,20942.690332821247,0.0,21968.740400415078,0.0,33254.17378858644,0.0,20285.912894151286,0.0,1953.8466844209565,0.0
4384.355555555556,0.0,83634.93882071553,346748.19999999675,139190.5691684857,38578.22368130031,60055,114838,85344.46832949946,-15170.950422813508,0.0,-10835.005224617616,0.0,6446.760181784377,0.0,21848.82081519252,0.0,22798.842167921935,0.0,34396.99304106186,0.0,21454.91057195295,0.0,2694.5676902251407,0.0
4408.36,0.0,88600.69671727598,358243.46999999724,141708.44972606894,39586.39078005696,62262,119171,88347.93277659702,-14949.208100825748,0.0,-11029.53531300712,0.0,6732.001445016883,0.0,22574.35221795562,0.0,23396.387172181814,0.0,35521.82795131049,0.0,23023.766904589844,0.0,3331.104440046516,0.0
4528.345,0.0,92722.81500203616,370883.63999999844,146042.80781372386,40622.670877478304,64631,122913,91495.34630675959,-15031.119498726224,0.0,-11430.814999754988,0.0,7090.087034010418,0.0,23317.645426393927,0.0,24129.79493842279,0.0,36544.64391588996,0.0,24241.73088412698,0.0,3860.847301665747,0.0
4552.350555555556,0.0,96311.12306804901,381264.4999999979,148986.44485185514,41553.72131139285,66539,126405,94413.21076870132,-14921.23298050339,0.0,-11721.067123439698,0.0,7312.92450829397,0.0,23905.879633479028,0.0,24963.75436503896,0.0,37513.75592290658,0.0,25077.442964819144,0.0,4179.6657774458945,0.0
4576.358055555555,0.0,98681.66283870021,393047.8799999981,154107.49298161836,42548.314375176604,68812,130117,97710.40980450252,-15317.40850981937,0.0,-12257.318938222552,0.0,7220.505898050418,0.0,24472.17554438051,0.0,25518.276048193096,0.0,38000.78829323271,0.0,26305.536984901744,0.0,4739.1075179747,0.0
4696.332777777778,0.0,102504.49273252442,407296.43999999756,159597.5209291548,43917.350889276226,71426,134090,101277.07544904164,-15322.204738645385,0.0,-13051.224465661297,0.0,7192.640708170984,0.0,25334.36355380074,0.0,26057.849122779255,0.0,39256.848290641516,0.0,27778.75553730989,0.0,5257.464724119681,0.0
4720.338921356421,0.0,106289.18128590833,417451.9899999975,162538.2447248566,44753.859860863326,73263,137360,103870.70412836832,-15208.43012130056,0.0,-13113.621266806633,0.0,7438.108150673603,0.0,26147.815957235467,0.0,26740.872513183564,0.0,40120.18526452608,0.0,28641.519835773324,0.0,5522.730952613287,0.0
4744.341666666666,0.0,108366.8981117267,429825.0599999984,167983.8232257287,46356.230098556895,75468,140748,107118.10856398394,-15602.62354621956,0.0,-13676.586462668274,0.0,7317.293590379833,0.0,26870.48712690459,0.0,27420.956789224838,0.0,40947.33647377458,0.0,29324.63604412071,0.0,5765.398096199308,0.0
4864.354166666667,0.0,108793.02507058579,441575.2199999987,174550.72508277,48065.24058855799,77557,144049,110166.22925808314,-16143.752819577545,0.0,-14406.539719495855,0.0,7449.306984504564,0.0,27465.14772908754,0.0,27832.137118113053,0.0,41130.32174114548,0.0,29902.591086803703,0.0,5563.812949993746,0.0
4888.354166666667,0.0,109884.20521417892,447245.2199999986,177035.5243102815,48439.02561876439,78602,146146,111886.46485677268,-16056.620583111251,0.0,-14452.244441146737,0.0,7429.065879220534,0.0,27583.550640846304,0.0,27946.98301332307,0.0,41105.633974795644,0.0,30286.669848482765,0.0,6041.1668817570335,0.0
4912.360277777778,0.0,110653.74916205212,455723.6699999985,181117.07215966703,49594.36652626371,80166,148801,114358.48215201341,-16249.582545760171,0.0,-14717.944778163253,0.0,7386.638476626496,0.0,27896.29225393331,0.0,27973.73392779263,0.0,41277.27110014462,0.0,30682.803768279387,0.0,6404.536959187568,0.0
5032.3341666666665,0.0,111457.22284827605,465044.5199999975,185531.11436998256,51083.56421220658,81852,151648,116972.61856953104,-16420.952127653578,0.0,-15326.363078155335,0.0,6903.203658253939,0.0,28186.867010234302,0.0,28321.769568476688,0.0,41797.218634301156,0.0,31463.05242439629,0.0,6532.426758410863,0.0
5056.339166666667,0.0,114081.1157502633,473219.5099999977,187942.00839603078,51762.72462574777,83229,154598,119433.66122795426,-16119.806425951861,0.0,-15471.172125677325,0.0,6775.457230144965,0.0,28651.933030641245,0.0,28836.973261093666,0.0,42682.25654970388,0.0,31995.231674115174,0.0,6730.242556181377,0.0
5080.340301282052,0.0,115631.63486716732,481713.479999997,191244.55371623015,52677.539113027044,84688,157412,122159.75230357135,-16634.095230338182,0.0,-15852.519158347865,0.0,6833.234474711607,0.0,29019.641626312885,0.0,29318.454132429215,0.0,43286.474340198154,0.0,32534.2842670858,0.0,7126.160415103724,0.0
5200.343611111111,0.0,117594.83775215576,491936.1299999965,195637.57427511225,53789.42021853201,86504,160288,124914.29775419556,-17065.61858920984,0.0,-16416.550881421575,0.0,6727.652623031008,0.0,29604.928230593592,0.0,30025.33937805797,0.0,44051.33353333859,0.0,33245.60403144773,0.0,7422.1494263062905,0.0
5224.355738425926,0.0,122398.52241047318,502607.71999999695,198062.8922325981,54349.55057856511,88407,164295,127796.75477835804,-16740.600304217947,0.0,-16511.919844974058,0.0,6988.7528341598845,0.0,30356.075902906083,0.0,31169.234762024244,0.0,44859.23407142558,0.0,34314.98887889473,0.0,7962.75611024241,0.0
5248.364124075206,0.0,126093.69290202414,513923.1899999965,201812.81195013894,55166.30280154792,90459,168199,130850.38234628139,-16962.1191556937,0.0,-16872.338800289275,0.0,7170.287247778866,0.0,30986.837080770412,0.0,31911.24423982352,0.0,45640.44834548799,0.0,35445.92639614571,0.0,8773.407547988247,0.0
5368.332222222222,0.0,129289.62829717186,528190.5899999965,208192.8854224712,56300.4322914631,93044,172282,134407.6439888861,-17591.29616731829,0.0,-17799.53263145028,0.0,7304.741930059902,0.0,31790.001427715175,0.0,32787.119806718896,0.0,46875.403036414005,0.0,36650.73904185817,0.0,9272.451853162256,0.0
5392.334780298049,0.0,135900.2806445487,541695.6999999969,210687.2131083386,57125.95433125771,95481,177047,137982.25191584707,-16922.975286604404,0.0,-17666.663494113083,0.0,7450.248051653826,0.0,32784.38235500972,0.0,34020.823051535066,0.0,48540.45469993456,0.0,37939.746905654916,0.0,9754.264361465184,0.0
5416.335555555555,0.0,142763.89842635902,556436.8199999954,214096.79439676375,58179.40014575688,97969,181392,141396.72703111186,-17164.587837109255,0.0,-17941.52502362237,0.0,7597.331384204536,0.0,33911.21191767234,0.0,35297.063773518115,0.0,50495.73070446786,0.0,40285.00005462749,0.0,10283.673452586381,0.0
5536.3388888888885,0.0,147340.77654271876,571733.4699999951,219726.5310221294,59379.75452418077,100889,185636,145286.40791096186,-17771.033030729443,0.0,-18570.972022620193,0.0,8108.97209070587,0.0,34969.79329909344,0.0,35850.70156508747,0.0,51884.52415300813,0.0,41871.67465207903,0.0,10997.115836080786,0.0
5560.339731559291,0.0,152082.90358363563,585880.019999991,224528.49664468213,60270.318446869634,103457,189630,148998.30132480257,-17598.062485914546,0.0,-18658.730851944983,0.0,8460.497439141973,0.0,36257.808419164634,0.0,36716.192900372414,0.0,53021.28907797705,0.0,42695.03400018035,0.0,11188.875084645642,0.0
5584.340833333334,0.0,154785.91075369963,600483.9599999889,230713.04840675733,62024.459468767636,106174,193501,152960.54137076563,-18242.211318216316,0.0,-19522.224502894314,0.0,8509.77598360391,0.0,37234.496365175146,0.0,37423.2254379175,0.0,53933.427995547885,0.0,43945.216145901315,0.0,11504.204646652825,0.0
5704.329444444445,0.0,158615.76666344353,615596.1499999921,236857.6618770346,63193.78890092965,108920,197436,156928.93255858184,-18897.235615097798,0.0,-20320.686308525812,0.0,8735.167984751315,0.0,38366.342869596905,0.0,38438.614342909954,0.0,55570.80618111402,0.0,45065.174848587376,0.0,11657.582360097407,0.0
5728.330237775512,0.0,163630.56830367012,627415.4999999936,239911.95318498288,63875.00820119036,111070,201320,159997.97031014488,-18666.013328429442,0.0,-20374.778525525362,0.0,8927.360437211228,0.0,39364.71026019305,0.0,39320.66778145136,0.0,56799.998054317424,0.0,46129.88424835395,0.0,12128.73937608742,0.0
5752.336944444444,0.0,168116.9183141413,640747.2399999907,244077.55786514847,64783.0153882639,113582,205293,163769.74843243376,-19121.478282129512,0.0,-20818.9710681345,0.0,9256.460092847146,0.0,40188.41507029971,0.0,40233.761825080204,0.0,57895.27581359755,0.0,47607.278574969474,0.0,12876.176287601116,0.0
5872.334722222222,0.0,173452.23080998912,654688.1399999904,247925.70541731655,65837.42192651043,116270,209560,167472.7818461684,-19457.938386295064,0.0,-21376.6718614077,0.0,9529.467560861563,0.0,41351.924162129384,0.0,41044.42582989372,0.0,59188.779388696115,0.0,49245.28262621777,0.0,13926.961489883259,0.0
5896.341111111111,0.0,178583.69343735735,666643.2099999886,250690.41361473326,66428.20546116772,118474,213794,170940.8974867265,-19343.70883491067,0.0,-21425.73375849699,0.0,9827.878644329341,0.0,42536.102013411684,0.0,41968.61358820064,0.0,60351.166505944275,0.0,50312.64038609335,0.0,14356.73489277397,0.0
5920.34261142123,0.0,183145.82748071256,679758.0499999854,254468.95542040354,67391.36644613315,120969,217738,174751.90065273296,-19606.918314566312,0.0,-21752.28080882216,0.0,9957.464254157556,0.0,43067.526386877274,0.0,42689.26192209995,0.0,61827.62295948713,0.0,51827.14365284863,0.0,15136.007428618539,0.0
6040.33,0.0,189136.0389884704,696635.3799999882,260231.98944155744,68617.26040939637,124065,222246,178650.0911605571,-19917.6488945826,0.0,-22226.040346181213,0.0,10114.14058648338,0.0,44411.73102900348,0.0,43773.74954050185,0.0,63235.55668436358,0.0,53747.72253310851,0.0,15996.82785576082,0.0
2031.3766666666668,0.0,352.85016602761345,2543.119999999997,1198.7907713401544,487.1216418264092,366,889,504.3574208058223,-32.11548022251732,0.0,-47.834131007088665,0.0,0.9420056294541199,0.0,201.98295188736614,0.0,144.8398871807949,0.0,180.53127977849647,0.0,75.86667348911749,0.0,-171.36302070800943,0.0
2055.384816843736,0.0,276.70798342337065,4470.970000000006,2604.9569319122816,762.2143374426583,641,1731,827.0907472216887,-281.7291822165131,0.0,-300.10353585895444,0.0,-71.33587665731206,0.0,312.8426147960464,0.0,199.22351324219906,0.0,297.30019070806713,0.0,206.81978850827122,0.0,-86.3095290984337,0.0
2079.3172222222224,0.0,934.5576496412189,7312.790000000008,4003.896728185344,1189.1859190703992,1062,2786,1185.1497031030426,-415.5811825503567,0.0,-522.2222480971319,0.0,-100.75144405824723,0.0,333.800367889885,0.0,515.2101582340545,0.0,617.8516690073542,0.0,476.98943988065497,0.0,29.26088933500624,0.0
2199.3616666666667,0.0,2095.598381038123,10896.090000000002,4863.746007603471,2054.2078456351,1506,4896,1882.5377657232905,-13.531142943148849,0.0,-886.3157385146282,0.0,-314.3442516263422,0.0,662.9463738830152,0.0,884.5890035670769,0.0,1016.4644904450629,0.0,624.1103950039633,0.0,121.67925122312484,0.0
2223.3825,0.0,2828.3153134852882,13754.179999999984,6036.182457641344,2499.606215062934,1895,6030,2390.0760138103965,-61.33573155884162,0.0,-1020.9981690701766,0.0,-348.4016257730196,0.0,933.8188229204546,0.0,1245.5926052144139,0.0,1247.5497389468753,0.0,808.044194928455,0.0,24.045477877129827,0.0
2247.27,0.0,3465.2217210531735,16951.929999999986,7703.50034252239,2902.447115011181,2364,7184,2880.76082141322,-295.7481025851116,0.0,-1321.114157207673,0.0,-365.56931472426584,0.0,948.6116554932883,0.0,1469.1232963698847,0.0,1628.4024505871153,0.0,1090.1566319991775,0.0,311.3592611207621,0.0
2367.4069444444444,0.0,4924.107135467859,20525.489999999958,8891.28206937028,3187.624217569817,2829,8451,3522.476577592016,-267.5012043461547,0.0,-1336.113220918487,0.0,-344.2244400358578,0.0,1115.8971866196998,0.0,1886.6569469794215,0.0,2056.236927637612,0.0,1340.4033982175897,0.0,472.75154131404196,0.0
2391.4119444444445,0.0,5868.5691074811675,24468.569999999985,10408.091600171678,3776.816316047504,3379,9737,4415.092976299603,-477.57521294868343,0.0,-1567.8496369901518,0.0,-384.9941315873069,0.0,1249.7500707172112,0.0,2115.2999519163363,0.0,2485.472757339641,0.0,1906.2485571043944,0.0,542.2167519297387,0.0
2415.3269444444445,0.0,8363.811622137735,30005.710000000003,11803.829959136558,4269.821185991551,4103,11368,5568.247232734029,-550.5200884246896,0.0,-1604.2250423828334,0.0,-307.7489404095335,0.0,1411.132982826431,0.0,2691.6760349244178,0.0,3349.9006016804824,0.0,2364.765508451689,0.0,1008.8305654718134,0.0
2535.3591666666666,0.0,9383.272462827928,34008.38,13342.369167375253,4762.767344338643,4867,13132,6519.971025458012,-635.9515833057193,0.0,-1701.8523126886407,0.0,-247.9737253084165,0.0,1705.7784314844414,0.0,2998.4312142206127,0.0,3735.9708970909064,0.0,2553.590989436195,0.0,975.2785518986441,0.0
2559.364722222222,0.0,10186.020476198004,38905.459999999905,15657.40157567282,5315.196967049892,5799,14985,7746.840981079152,-894.2504998312427,0.0,-1953.033030326355,0.0,-242.1726988270175,0.0,1892.658305865452,0.0,3171.762952612949,0.0,4133.1098753718625,0.0,2843.513086459769,0.0,1234.4324848727292,0.0
2583.3241666666668,0.0,11855.884979286378,44830.64999999979,17954.7600637309,5876.328446599272,6943,17312,9143.676510383319,-1176.4940169997367,0.0,-2317.5173637012117,0.0,-211.27763130339383,0.0,2177.574112064518,0.0,3421.3959360163863,0.0,4878.068679431283,0.0,3519.852587676901,0.0,1564.2826761017482,0.0
2703.3369444444443,0.0,13722.424603584674,49702.12999999985,19444.877755893605,6110.427775706603,7857,19486,10424.399864815057,-1174.44347973576,0.0,-2317.5173637012117,0.0,-194.93284876421464,0.0,2458.636384408427,0.0,3912.260445974306,0.0,5305.732425174515,0.0,4119.601577234919,0.0,1613.0874629937903,0.0
2727.3431571310116,0.0,14522.495032189525,55310.93000000001,22121.031911520913,6654.8614162934255,8922,21517,12012.541639995978,-1465.4548894609986,0.0,-2642.3383815252164,0.0,-259.045944150579,0.0,2760.9701745592374,0.0,4269.179832355637,0.0,5665.345518375378,0.0,4549.6727963602525,0.0,1644.1659256759508,0.0
2751.327222222222,0.0,16131.428092042683,62760.51000000031,24923.837937007425,7733.869669597607,10292,24085,13971.374301352189,-1995.7032759555252,0.0,-3143.61555592258,0.0,-300.86826233621514,0.0,2971.375430896021,0.0,4733.6522170896815,0.0,6555.805059183927,0.0,5213.31027402423,0.0,2097.472205063159,0.0
2871.334119689542,0.0,18413.044992758267,69607.77000000031,27111.70591216771,8270.931103478453,11432,27210,15812.087991595572,-1755.8561604735753,0.0,-3328.9756859740246,0.0,-277.5551068095413,0.0,3599.2658513640954,0.0,5214.720447721316,0.0,7143.2425561295795,0.0,5747.538095987565,0.0,2070.6649948128384,0.0
2895.349166666667,0.0,19386.728841500695,76011.37000000037,30119.21935947583,9056.287385012807,12635,29462,17449.134414010692,-2045.0548148522978,0.0,-3533.260768231107,0.0,-318.4923415898751,0.0,3883.987745588902,0.0,5660.536478327313,0.0,7710.018293088074,0.0,5951.133568816677,0.0,2077.860680352999,0.0
2919.3269444444445,0.0,21234.714151117118,83373.41000000022,32658.547520031767,10014.48330719465,14086,32325,19465.665021656394,-2494.743088326447,0.0,-3838.6135468855828,0.0,-307.2118990453981,0.0,4290.086775145645,0.0,5978.605653548806,0.0,8397.817962164334,0.0,6899.161347458067,0.0,2309.6109470576966,0.0
3039.336388888889,0.0,26377.385795490372,94464.68000000012,35096.52256013464,11050.359205786152,15719,36621,21940.412438588784,-1886.6450364336974,0.0,-4029.2406440644163,0.0,17.579023767919292,0.0,5126.715115171795,0.0,7165.820382619282,0.0,10185.313368514624,0.0,7408.478306559455,0.0,2389.365279355407,0.0
3063.340277777778,0.0,29075.020192864326,102579.85000000025,37982.04767885355,11632.420474351795,17081,39242,23890.361653930107,-2291.4049577636,0.0,-4202.05783284315,0.0,191.85439398235792,0.0,5689.31228119753,0.0,7669.140199691751,0.0,11340.83544778519,0.0,8043.510518031338,0.0,2633.8301427829088,0.0
3087.329166666667,0.0,31256.23583751339,111544.05000000031,41235.50447482446,12818.474862470523,18653,41969,26233.83482519117,-2793.696426402761,0.0,-4807.044023190806,0.0,207.69793474767022,0.0,6098.80454939694,0.0,8435.177946207745,0.0,12237.543089956203,0.0,8856.396523677471,0.0,3021.3562431208466,0.0
3207.3730840943686,0.0,33939.44544497621,119539.0200000002,43347.73525302429,13859.451571878995,20113,44685,28392.387730120437,-2682.897726444147,0.0,-4940.459450373477,0.0,212.0585298547019,0.0,6693.776622902621,0.0,8976.872136379166,0.0,13030.022195659434,0.0,9477.405265337624,0.0,3172.667871659927,0.0
3231.385525462963,0.0,35570.6444784341,128343.90999999995,46946.61189284855,15082.138970214,21782,47510,30744.51465850355,-3133.764289494734,0.0,-5317.102046455051,0.0,225.52778942534022,0.0,7290.255053539324,0.0,9411.521040125477,0.0,13998.438508162444,0.0,10029.208518403238,0.0,3066.559904727389,0.0
3255.325681542198,0.0,38925.41402705961,138033.93000000017,49906.52749279863,15809.00740488801,23566,50879,33392.98107525381,-3478.2400896197223,0.0,-5775.426312639393,0.0,331.48566870240103,0.0,8053.804299296903,0.0,9967.116350444383,0.0,15032.69406519788,0.0,11047.413927322485,0.0,3746.5661183537973,0.0
3375.370790741872,0.0,43157.84502452856,147946.8399999999,52377.99597552318,16409.43174228861,25317,54235,36001.56725765974,-3362.6542865079823,0.0,-5897.546118025441,0.0,528.9820900043807,0.0,9046.54790854113,0.0,10928.840441890743,0.0,16081.822572211382,0.0,11887.217988924025,0.0,3944.6344274894536,0.0
3399.38,0.0,45344.906313280466,157272.37000000008,56141.82140838366,17388.480588101156,27040,57032,38397.161690235174,-3672.1637760065905,0.0,-6290.124380470173,0.0,617.3859814658296,0.0,9692.984782550027,0.0,11583.910378577919,0.0,17048.270146574723,0.0,12633.311187938529,0.0,3731.3319926486934,0.0
3423.3275,0.0,46973.59420604616,166018.50999999983,59869.36894339554,18307.275667604936,28668,59719,40868.2711829538,-4103.059350328718,0.0,-6630.872029286538,0.0,686.8215319028245,0.0,10137.545113677725,0.0,11926.655861957306,0.0,17875.450832509956,0.0,13295.235407301952,0.0,3785.8168383099946,0.0
3543.33856851965,0.0,49479.14738246146,175804.36000000004,63697.71231709444,19045.794393114855,30563,63370,43581.70590732949,-4020.806330216034,0.0,-6702.77890404196,0.0,844.2841303836213,0.0,10653.62590268734,0.0,12477.973251921068,0.0,18698.952823649666,0.0,14141.921430386483,0.0,3385.9750776897167,0.0
3567.3424555555553,0.0,51689.63014689789,184852.3599999997,67056.1626274843,20317.35333250879,32196,66616,45789.21389310897,-4254.16234203018,0.0,-7444.512622885728,0.0,862.4464360189629,0.0,11068.30604711008,0.0,12999.487296208992,0.0,19594.56051783433,0.0,14890.798877248006,0.0,3972.7059373917546,0.0
3591.3283333333334,0.0,55272.37497104987,194722.08999999968,69929.4262562997,21072.28389494239,34006,69664,48448.00487770784,-4490.905094865078,0.0,-7664.751141462107,0.0,1080.618059064382,0.0,11441.976105184109,0.0,13428.801883535136,0.0,20664.62458974508,0.0,16167.03118381325,0.0,4644.979386033381,0.0
3712.339404761905,0.0,60432.1924253184,206057.82999999975,72354.84699213854,21801.350396373244,35945,73523,51469.44018616917,-4397.734619379481,0.0,-7781.999369507565,0.0,1172.0065791716852,0.0,12097.385729198333,0.0,14403.212397402442,0.0,21934.34570529709,0.0,17611.274776951876,0.0,5393.701226182242,0.0
3736.343012964094,0.0,65225.17473054878,220002.85999999955,76947.43605400927,23164.658211632955,38079,77711,54665.59100380822,-4753.61445878308,0.0,-8552.302361663431,0.0,1164.9932828138049,0.0,12425.374891408837,0.0,14711.435977716115,0.0,22692.80307464571,0.0,20592.475774712508,0.0,6944.008549696442,0.0
3759.321096866097,0.0,71680.86128106796,234994.46999999927,81539.67653852218,24082.164057097856,40331,81626,57691.76812331123,-4034.1839120468157,0.0,-8682.70531301671,0.0,1284.597243484036,0.0,13320.206578835867,0.0,15251.86457404731,0.0,23722.442265793143,0.0,23414.625000847653,0.0,7404.014843122062,0.0
3880.343186865897,0.0,75384.71811327357,246148.00999999937,85063.00665958597,25312.990532004846,42174,84830,60387.2946951349,-4137.341798365701,0.0,-8797.86597486952,0.0,1292.0055911789464,0.0,13918.649150162557,0.0,16058.019489208473,0.0,24785.0690031021,0.0,24747.14404205525,0.0,7519.03861080015,0.0
3904.346574750875,0.0,77856.00493616595,258762.25999999972,90233.07982306216,27249.612072022726,44310,88072,63423.56316874815,-4650.456683756208,0.0,-9639.05680025624,0.0,930.8925846713254,0.0,14360.604428998071,0.0,16640.518161319196,0.0,26118.3640325566,0.0,26431.508894789313,0.0,7663.630317842866,0.0
3927.3283333333334,0.0,78753.69910976678,270910.72000000067,96801.68628505926,28799.175284350076,46452,91095,66556.15932082335,-4921.177784554853,0.0,-10571.514147387998,0.0,682.2972534371238,0.0,14800.537371317738,0.0,17152.39985294479,0.0,26920.28227754913,0.0,27375.62430507081,0.0,7315.249981388732,0.0
4048.338296285001,0.0,80761.53121615459,281300.01000000036,101702.50739050876,29615.316404180736,48335,94386,69220.65498915616,-5048.405342070558,0.0,-10660.587008346329,0.0,725.1065607900437,0.0,15405.152407159461,0.0,18115.157511811693,0.0,27637.352682002325,0.0,27660.901145797834,0.0,6926.853259008172,0.0
4072.3433197577274,0.0,79997.84295898907,294163.7099999994,110440.60924259675,31072.175120740132,50513,98308,72653.08267767563,-5827.191094881474,0.0,-11585.25702630173,0.0,444.3106674595628,0.0,16108.804664529573,0.0,18824.5153390209,0.0,28701.388127366994,0.0,27487.036303737736,0.0,5844.235978054209,0.0
4095.325277777778,0.0,77563.24936730378,306519.95000000094,119273.25529774615,33589.73303752645,52683,101887,76093.7122974259,-6272.973258591045,0.0,-12814.347816575397,0.0,-83.51570466049945,0.0,16412.79759122745,0.0,19199.34580518519,0.0,28791.717804369517,0.0,27038.613889733362,0.0,5291.611056611366,0.0
4216.332222222222,0.0,79390.7383679092,315611.7099999998,123255.4566747332,34478.78199300067,54378,104942,78486.73296435898,-6365.279492723855,0.0,-13039.512786391748,0.0,-84.66879207615048,0.0,17054.638160631977,0.0,19782.81413490993,0.0,29265.05621918464,0.0,27628.801554896298,0.0,5148.88936947416,0.0
4240.349166666667,0.0,78914.04205863814,325559.679999999,129257.31930280139,36143.39928475144,56272,107781,81244.91935381103,-6862.948100162352,0.0,-14423.942419856467,0.0,-593.2423995957563,0.0,17507.06362318702,0.0,19920.079933326957,0.0,29431.407085555744,0.0,28563.778787609226,0.0,5371.845548570209,0.0
4263.327818732194,0.0,80592.06391452113,335537.57999999716,133353.82426063562,37622.52589938488,58125,110744,83969.1659254601,-6944.592613043324,0.0,-15358.737352111473,0.0,-866.2679273319055,0.0,18001.346841275445,0.0,20017.122095098384,0.0,29884.606028160124,0.0,29647.68603769634,0.0,6210.900804773945,0.0
4384.350277777778,0.0,85359.28961861826,345667.429999997,135467.46574921513,38471.274872564834,60030,114837,86369.39975960228,-6502.696572124784,0.0,-15535.070510402013,0.0,-807.8222464077726,0.0,18839.09918904407,0.0,20725.07926231993,0.0,30729.16916645453,0.0,30996.499451976353,0.0,6915.031877753789,0.0
4408.350833333333,0.0,90013.05639041582,357586.7399999968,138452.4714430339,39509.03834332635,62315,119169,89612.17382322109,-6198.334241402374,0.0,-15803.60966045838,0.0,-861.7484277020221,0.0,19697.39692009936,0.0,21378.43480974405,0.0,31447.31439635452,0.0,32697.13498385506,0.0,7656.467609921286,0.0
4431.324900793651,0.0,94362.4590428499,369531.88999999734,142137.0306898322,40114.59765318746,64545,122913,92917.80261412606,-5996.584597043258,0.0,-16294.474814195282,0.0,-990.1893003173637,0.0,20287.792405828903,0.0,22140.443592167776,0.0,32388.790798914648,0.0,34205.01325609651,0.0,8621.66770139378,0.0
4552.3358333333335,0.0,98732.42635001235,380743.76999999664,144930.91711861698,41063.20052217019,66540,126403,96017.22600919653,-5882.74356897596,0.0,-16314.825377554023,0.0,-939.8835018570559,0.0,21036.998921157992,0.0,23105.205938920066,0.0,33227.70721688556,0.0,35226.21589631833,0.0,9273.75082511216,0.0
4576.336111111111,0.0,100972.36425289395,393156.5899999966,150468.54251125816,42411.829964953766,68919,130112,99303.8532708898,-5838.349001737276,0.0,-16891.346432314192,0.0,-1202.0606543800197,0.0,21632.2828483038,0.0,23587.15225326786,0.0,33716.353595021945,0.0,36470.716529943784,0.0,9497.615114782724,0.0
4599.3227543036,0.0,103268.0264386783,407357.8299999956,156888.60314512617,44212.198102407485,71475,134090,102989.00231378314,-5727.935241601081,0.0,-17757.613047082796,0.0,-1636.966856462446,0.0,21906.25179149518,0.0,24113.82472573929,0.0,34566.77557868682,0.0,37738.17322161877,0.0,10065.516266278306,0.0
4720.338921356421,0.0,105761.70132367055,417832.4099999965,160078.30579596056,46186.96372319083,73395,137360,105805.4391571721,-5695.14529098751,0.0,-17936.327781498618,0.0,-1967.872403868168,0.0,22358.438772401638,0.0,24683.70196035001,0.0,35089.396864976705,0.0,38625.030102878016,0.0,10604.479099412001,0.0
4744.341666666666,0.0,107198.24434575728,429917.749999997,165357.02223301123,48341.45423329758,75548,140748,109021.02918792871,-5854.503709910978,0.0,-18573.210947475844,0.0,-2370.9319845159075,0.0,22938.128303078247,0.0,25150.329962924054,0.0,35349.072160456024,0.0,39620.123001539076,0.0,10939.237559655392,0.0
4767.329166666666,0.0,108142.55110001964,441674.3199999975,171236.51226178912,50158.8459219128,77593,144049,112136.41071627488,-5825.164561800146,0.0,-19395.514575145367,0.0,-2502.4113091120857,0.0,23468.258930991462,0.0,25497.780353850932,0.0,35660.2074156939,0.0,40252.28257419334,0.0,10987.112271339576,0.0
4888.354166666667,0.0,108981.7209937365,448191.60999999836,174505.47810377847,50739.18002502393,78760,146146,113965.23087745797,-5485.285326082429,0.0,-19427.97691062554,0.0,-2655.905241156775,0.0,23452.670694857366,0.0,25547.441573782264,0.0,35651.483139706186,0.0,40487.6926411702,0.0,11411.600422076946,0.0
4912.356934630503,0.0,108035.87147337178,457684.0599999982,181011.64019713146,52043.12946393215,80510,148801,116593.41886555993,-5536.128528552657,0.0,-20237.04457001401,0.0,-3047.2514525073484,0.0,23338.411074577973,0.0,25513.87970961226,0.0,35603.17692413304,0.0,40982.232405583694,0.0,11418.595910530785,0.0
4935.328888888889,0.0,109090.26223965688,467178.56999999704,185409.34185672263,53415.46707694508,82228,151648,119263.4988266707,-5597.723479677364,0.0,-20929.501967326545,0.0,-3613.1501755876343,0.0,23477.230989458363,0.0,25820.105887877213,0.0,36057.980839935015,0.0,42031.46234958896,0.0,11843.857795381093,0.0
5056.334215686275,0.0,111173.57243432103,475906.9899999969,188393.96236848106,54589.254552469414,83712,154598,121750.20064472295,-5230.350779330365,0.0,-21151.40101881825,0.0,-4046.224738572442,0.0,23714.533333600437,0.0,26369.20955801144,0.0,36804.084352777005,0.0,42517.02318271639,0.0,12196.698543929237,0.0
5080.335555555555,0.0,112668.88740593375,485344.46999999625,192701.6990131936,55301.14897664181,85333,157409,124672.73460422481,-5623.917488872286,0.0,-21727.198772049444,0.0,-4198.501821486124,0.0,23957.96103019272,0.0,27190.27626826102,0.0,37480.41117895332,0.0,43190.30231785088,0.0,12399.554693075592,0.0
5103.326666666667,0.0,114717.61211382969,495274.64999999583,196739.89657536967,56293.79131911042,87099,160288,127523.3499916839,-5977.1318912771185,0.0,-22432.658765183714,0.0,-4391.448325570869,0.0,24503.537456186736,0.0,27622.452855188487,0.0,38141.44543373126,0.0,44209.61223966391,0.0,13041.80311108253,0.0
5224.336143296219,0.0,119454.7510075454,506743.02999999584,199855.948382265,56943.696649174686,89132,164294,130488.63396100793,-5609.912252556551,0.0,-22576.5157963197,0.0,-4300.967521751121,0.0,25093.842695336847,0.0,28469.338708940537,0.0,39141.87282232877,0.0,45435.93128636963,0.0,13801.161065187545,0.0
5248.336259533028,0.0,123610.13286171026,518537.879999996,203403.664942738,58004.2147806368,91275,168196,133519.8674149064,-5638.88746096602,0.0,-22954.049825635007,0.0,-4370.9331896107315,0.0,25690.76733788586,0.0,29091.104843391553,0.0,40066.32599348249,0.0,47089.519827649,0.0,14636.28533550378,0.0
5271.327777777778,0.0,126695.92430460491,532586.9699999952,210041.257307493,58926.216277822714,93812,172282,136923.5721100707,-5684.985849359025,0.0,-23819.820448134,0.0,-4763.911188930295,0.0,26027.348838298876,0.0,29935.317228434975,0.0,41454.91066048702,0.0,48375.09308120554,0.0,15171.97198259276,0.0
5392.329816843736,0.0,132718.80939833552,545232.4599999957,212347.43864875982,59810.6340617135,96127,177047,140355.57789118143,-5090.115203887917,0.0,-23835.123147719798,0.0,-4677.778846324166,0.0,26882.748624016243,0.0,30895.208990014668,0.0,42765.801142149634,0.0,50012.350896415956,0.0,15765.716943661762,0.0
5416.33,0.0,139205.3064871588,560039.6899999937,215848.96839480326,60899.76613179042,98601,181389,144085.64898623788,-5306.684102392853,0.0,-24356.1098825497,0.0,-4638.166180153918,0.0,27832.86408068507,0.0,31641.98867982819,0.0,44648.56613837558,0.0,52622.56456569017,0.0,16760.283187665922,0.0
5439.329166666666,0.0,144455.62143024127,575719.529999994,221162.44687255236,62247.10769896695,101580,185636,147854.35399822952,-5393.880957228703,0.0,-25236.541267517765,0.0,-4720.793415909997,0.0,29505.48199966394,0.0,32218.717046088266,0.0,46020.354207796525,0.0,54683.56894910504,0.0,17378.71486823341,0.0
5560.339731559291,0.0,149066.51402105766,589928.9699999905,226009.3583235693,63237.97429017357,104222,189630,151615.12336518997,-5352.608594317246,0.0,-25453.526354745034,0.0,-4622.565526313616,0.0,30893.317965312574,0.0,33146.89674738942,0.0,47199.588226014144,0.0,55796.272690833706,0.0,17459.13886687204,0.0
5584.340833333334,0.0,153032.62704107456,604312.4299999881,231514.74127334045,64284.23617933858,106919,193501,155480.82550623422,-5629.942913736051,0.0,-26252.033004241024,0.0,-4757.589276497081,0.0,32093.564531292694,0.0,33884.66448294954,0.0,47899.65340378855,0.0,57439.326070899864,0.0,18354.983746607002,0.0
5607.328395969499,0.0,156087.91670044223,619575.5499999919,238554.64065026643,65472.00430077805,109693,197436,159460.98834850063,-6022.358121296643,0.0,-27431.764279742714,0.0,-4895.434368073052,0.0,32788.63587518857,0.0,34671.427608340375,0.0,49284.12094690957,0.0,58922.105757182864,0.0,18771.183281924474,0.0
5728.3325,0.0,160955.57179210888,632587.5399999939,242253.77048725978,66622.59084315112,112096,201320,162755.60687746675,-5988.728196011828,0.0,-27521.03588279576,0.0,-4732.698388674268,0.0,33795.57473209454,0.0,35681.615581599224,0.0,50321.86957221188,0.0,60132.87435415719,0.0,19266.100019518555,0.0
5752.336944444444,0.0,164091.7548615352,645668.7099999916,247383.9799341184,67986.92248106816,114555,205293,166206.05272326298,-6451.898161626863,0.0,-28671.59061894321,0.0,-4920.006531780043,0.0,34501.12263472148,0.0,36525.74625357005,0.0,51227.72009396646,0.0,61627.10538173378,0.0,20253.555809884812,0.0
5775.328888888889,0.0,167810.7016236116,661041.5799999912,253545.02672908147,69639.9024930334,117528,209560,170045.94915425763,-6634.5247538808435,0.0,-29647.751325099518,0.0,-5267.394074770516,0.0,35257.385923459515,0.0,37251.93026220616,0.0,52387.7534975062,0.0,63015.78453612224,0.0,21447.517558058913,0.0
5896.33856926238,0.0,172512.2883723383,673620.6899999898,256572.98940404292,70903.91945219338,119879,213794,173631.49277140686,-6453.104870513697,0.0,-29668.215335122855,0.0,-5136.639872593785,0.0,35815.94332621348,0.0,38059.23870247812,0.0,53406.51040725961,0.0,64343.367650108,0.0,22145.188364500802,0.0
5920.344722222222,0.0,176452.1187617502,686544.849999989,260597.85212173223,72041.39033139874,122343,217738,177453.48878509988,-6639.658195873592,0.0,-30210.67874068821,0.0,-5328.076148585356,0.0,36036.700124056275,0.0,38762.38495737516,0.0,54564.73991116381,0.0,65946.17754082632,0.0,23320.5293134652,0.0
5943.327894894895,0.0,182150.9174737743,702537.2399999899,265230.3361825033,73392.12211910836,125260,222246,181763.8642245943,-6594.947428333928,0.0,-30943.716590916873,0.0,-5427.07889063607,0.0,37035.58452001121,0.0,39753.168422533534,0.0,56039.48282946072,0.0,67868.04125176053,0.0,24420.38335988282,0.0
6064.330379353233,0.0,189176.00167039287,717317.1799999904,268214.92575149605,74391.17484086123,127819,226650,185535.07773722758,-6328.729142701218,0.0,-30973.882681807,0.0,-5360.748803449245,0.0,38051.89026769013,0.0,40841.60530565583,0.0,57701.77390294562,0.0,70047.30631601113,0.0,25196.786506033408,0.0
6088.3342247424935,0.0,196526.46007665797,734578.5099999916,272205.1778780516,75530.18615971632,131166,232150,190316.68588555037,-6166.936412132502,0.0,-31313.342343511544,0.0,-5305.337997407069,0.0,38970.536317344464,0.0,41715.789467557486,0.0,58897.38322750626,0.0,72658.75225984315,0.0,27069.61555744116,0.0
6111.326167301984,0.0,204347.39961602833,752603.449999993,276535.3151375752,76714.92212455114,134521,237100,195005.8131218176,-5987.224551459897,0.0,-31762.81011423498,0.0,-5410.417949417702,0.0,40043.37512179322,0.0,42904.703103471584,0.0,60626.32855599507,0.0,75303.54149884802,0.0,28629.903951015043,0.0
6232.333333333333,0.0,212141.00405119453,770424.8199999928,280323.4429510447,78403.73276814852,137458,242260,199556.64022958121,-5357.9225952617635,0.0,-31920.61127250173,0.0,-5202.092070085302,0.0,40900.375402856,0.0,44481.784872424854,0.0,62453.88816746624,0.0,77020.75592125359,0.0,29764.825625025103,0.0
6256.339048048048,0.0,218002.30516202204,789190.3299999919,286833.845179131,80299.55132456838,140672,246787,204054.62833424433,-5683.462282471486,0.0,-33060.63645274466,0.0,-5160.191301760501,0.0,42196.671560613366,0.0,45860.041087460166,0.0,64050.54479346919,0.0,78878.86462741262,0.0,30920.473130026116,0.0
6279.3275,0.0,223671.91785461456,810350.5399999904,295441.33703361364,81985.03272703194,144415,251674,209252.25238470404,-6158.1388287854,0.0,-34562.58867404925,0.0,-5592.781710688079,0.0,43698.69109010783,0.0,46870.05449357564,0.0,65834.41637572511,0.0,81459.50364456575,0.0,32122.761464143503,0.0
2031.3766666666668,0.0,340.72279794012303,2184.4100000000008,1099.6578405508367,261.7769425271892,351,889,482.2524189818508,2.6432539090837888,0.0,-31.73550073099283,0.0,-23.96320254123851,0.0,134.93646456756187,0.0,39.45850071231514,0.0,196.6875876841459,0.0,31.469628512131052,0.0,-8.77393417288345,0.0
2055.384816843736,0.0,546.547304069364,3975.870000000001,2059.708728032134,518.2595226689672,604,1731,851.354445229536,-188.34048363764379,0.0,-170.9334485808575,0.0,-58.548001931362705,0.0,169.21754746485237,0.0,248.57806693898763,0.0,305.56730260593594,0.0,143.76101961548187,0.0,97.24530159397023,0.0
2079.3172222222224,0.0,934.9632002127339,6336.470000000006,3163.8291365204736,930.4930868235484,969,2786,1307.1845764432426,-242.25633853365704,0.0,-376.1414862820556,0.0,-125.96406391192403,0.0,227.13297013765168,0.0,438.57132968996586,0.0,456.96088248739323,0.0,378.24410045669447,0.0,178.41580616866662,0.0
2199.3616666666667,0.0,2781.694729701122,10312.540000000023,4153.5468886937815,1445.5643603638255,1444,4896,1931.7340212412619,170.20012697449633,0.0,-418.85411239321047,0.0,-156.286497102182,0.0,621.9889613312073,0.0,985.3198503342915,0.0,817.1354091100673,0.0,529.4098030421792,0.0,232.78118840428084,0.0
2223.3825,0.0,3323.415513196067,12304.900000000018,4916.832946462457,1752.5432811842336,1738,6030,2312.1082591572263,124.44471013421955,0.0,-530.1307111533221,0.0,-166.5632728852727,0.0,674.0502079309857,0.0,1156.1091350179531,0.0,1032.2688824101865,0.0,741.0683135257892,0.0,292.16824821553786,0.0
2247.315287114846,0.0,3917.4239959604774,14868.090000000027,6093.707043530582,2027.8549458116531,2148,7184,2829.104014697285,-7.369452752946145,0.0,-690.9703602485472,0.0,-193.8748821405542,0.0,699.6322085287602,0.0,1291.873840313489,0.0,1337.0351405779143,0.0,982.6042272013617,0.0,498.4932744810089,0.0
2367.4002896486227,0.0,5309.204608365804,18576.849999999973,7479.648179081927,2251.07665499685,2652,8451,3536.92055755543,-15.60497777713518,0.0,-785.1646948267979,0.0,-204.31506172787974,0.0,945.2125522501547,0.0,1731.0281325162891,0.0,1779.7237340651825,0.0,1195.8481926068137,0.0,662.4767312591722,0.0
2391.4119444444445,0.0,6365.225974497561,22561.53999999998,9317.480977177245,2564.272269041153,3215,9737,4314.560779284074,-151.64107941636956,0.0,-1003.4195232286836,0.0,-201.96668798716362,0.0,1154.2762350151272,0.0,1853.6415189345091,0.0,2283.026316797208,0.0,1643.955914144218,0.0,787.353280238728,0.0
2415.3269444444445,0.0,9275.096543406198,28686.349999999988,11104.25213015754,3026.7955480515534,4008,11368,5280.205778384755,-119.07725486379577,0.0,-1057.1655664863179,0.0,-179.76481816017002,0.0,1351.0154938197484,0.0,2441.8554049935883,0.0,3213.058761652005,0.0,2403.158278776328,0.0,1222.0162436748512,0.0
2535.3591666666666,0.0,10363.497450269617,32261.81999999999,12172.980462284202,3490.809236909946,4676,13132,6234.532850536299,-112.18394669539157,0.0,-1094.2617974846232,0.0,-164.52479511931884,0.0,1591.2621770706419,0.0,2684.343702161169,0.0,3562.9868504227006,0.0,2571.419667921739,0.0,1324.4555919927313,0.0
2559.364722222222,0.0,11807.128757333418,37010.369999999944,13994.386764576284,3843.6525659940826,5575,14985,7365.201912096299,-341.55088753986814,0.0,-1204.9923014106664,0.0,-116.19858356674709,0.0,1824.4153892385457,0.0,2997.056277264999,0.0,4085.877689225926,0.0,3032.4563272327573,0.0,1530.064846888481,0.0
2583.3241666666668,0.0,13665.609440878334,42626.98999999982,15776.00518819267,4473.403712891225,6670,17312,8711.97165803792,-542.4105574291335,0.0,-1354.157465705959,0.0,-53.85220522039574,0.0,2117.110447928085,0.0,3263.9850583148445,0.0,4817.652432755699,0.0,3752.075436591361,0.0,1665.2062936438274,0.0
2703.3369444444443,0.0,15619.111785361636,47993.78999999988,17483.158737342535,4822.045614052471,7641,19486,10069.473863243542,-493.4982007557246,0.0,-1367.0329985764395,0.0,-21.67509257005655,0.0,2451.3255994200435,0.0,3776.6306281064208,0.0,5414.898816816635,0.0,4152.37755783572,0.0,1706.0854750849755,0.0
2727.337831330407,0.0,17088.8003052989,53675.18000000004,19790.157157000613,5154.795135298737,8709,21517,11641.427402401976,-683.8241338698962,0.0,-1529.8498735764463,0.0,-47.05343820227133,0.0,2758.1146190543136,0.0,4189.937272722331,0.0,5930.637979310244,0.0,4575.538901731549,0.0,1895.2989781289925,0.0
2751.327222222222,0.0,19009.90172430141,60653.08000000016,22067.39707916762,6197.809186146134,9976,24085,13377.97201038482,-1294.3849947508986,0.0,-1747.924002815294,0.0,31.40378121679334,0.0,3051.112479734836,0.0,4741.744963416802,0.0,6913.835413853699,0.0,5076.203635356254,0.0,2237.9104482893367,0.0
2871.334119689542,0.0,21665.074584813377,67993.9100000002,24621.877083122636,6649.331347511577,11182,27210,15057.626984552524,-1043.9052555084686,0.0,-1915.8723924642097,0.0,129.6316375899921,0.0,3827.845291796273,0.0,5294.097974257776,0.0,7516.826683794877,0.0,5562.423993081711,0.0,2294.026652265441,0.0
2895.349166666667,0.0,22989.085720356754,74350.67000000032,27106.91258059516,7513.90934134431,12342,29462,16740.762357703927,-1408.9381898925021,0.0,-2100.247232229585,0.0,175.65934422869853,0.0,4228.594799446013,0.0,5864.78078955378,0.0,7943.560024725788,0.0,5957.360505496951,0.0,2328.315679027747,0.0
2919.3269444444445,0.0,25106.22421570726,81352.15000000013,29376.51029571207,8289.089877976454,13758,32325,18580.325610604403,-1719.1353998954914,0.0,-2282.6651981415125,0.0,249.6218126882966,0.0,4555.949575299403,0.0,6092.624339358985,0.0,8551.02778560026,0.0,6958.97792351134,0.0,2699.823377286,0.0
3039.331294830561,0.0,30805.127165768597,92891.62999999998,31949.494693016288,9310.537032073187,15459,36621,20826.471109142065,-1066.6934688888082,0.0,-2380.9603305555697,0.0,570.6150108029678,0.0,5544.913059245048,0.0,7337.258446054165,0.0,10468.387507672462,0.0,7330.463146697548,0.0,3001.14379474071,0.0
3063.340277777778,0.0,33614.313539482784,100779.10000000005,34633.113860521415,9813.643695093067,16810,39242,22718.028904902778,-1399.9409091124485,0.0,-2590.6239985898105,0.0,729.2732608280111,0.0,6177.937774742358,0.0,7913.091371877638,0.0,11417.866179386725,0.0,8169.228587378774,0.0,3197.4812729713685,0.0
3087.329166666667,0.0,35966.51205684691,110079.56,38276.38096927526,10827.55928054102,18474,41969,25009.107693337082,-1793.8177715568447,0.0,-2850.1490923093907,0.0,968.4811686365249,0.0,6678.274848342944,0.0,8463.550962809124,0.0,12242.240781870567,0.0,8919.587379141672,0.0,3338.343779911892,0.0
3207.369210561894,0.0,38795.682829426,117815.27999999985,40361.51820226033,11542.901642148663,19883,44685,27115.177326165427,-1752.191449444887,0.0,-2916.410525130179,0.0,1018.1363054630647,0.0,7211.3958311465985,0.0,8976.372265194132,0.0,13154.954484803788,0.0,9706.19907429081,0.0,3397.226843102122,0.0
3231.3813982259567,0.0,40665.69727581751,126051.54999999974,43461.57200903003,12529.3927729145,21471,47510,29394.88794223818,-2137.5552862511236,0.0,-3178.0415361727737,0.0,1085.993563611715,0.0,7586.782410905098,0.0,9467.535605826753,0.0,13866.513987262211,0.0,10395.429237396895,0.0,3579.0392932383475,0.0
3255.325681542198,0.0,44573.24076473293,136745.53999999963,46697.55770173204,13512.260832973418,23434,50879,31962.48070056182,-2435.5604379229117,0.0,-3585.3630290271212,0.0,1237.1562119035334,0.0,8149.864153313976,0.0,10131.264776439792,0.0,15083.25444044156,0.0,11786.803241835116,0.0,4205.8214077484245,0.0
3375.370790741872,0.0,48594.41279102196,146411.5399999994,49008.49187412495,14253.853350405981,25148,54235,34554.78198444737,-2299.711931055938,0.0,-3678.006176959056,0.0,1376.2953382629962,0.0,9284.203857838651,0.0,11133.598287706653,0.0,15968.35887915112,0.0,12565.517348944484,0.0,4244.1571871325095,0.0
3399.38,0.0,51198.73740796811,155024.3899999995,52270.29126261465,14813.221446535881,26759,57032,36742.13988288168,-2449.32884574783,0.0,-3790.083001011257,0.0,1473.5187043781273,0.0,9886.06171536374,0.0,11686.769756532456,0.0,16876.98585707543,0.0,13331.98691347954,0.0,4182.82630789708,0.0
3423.3275,0.0,53071.34740028204,163536.52999999913,55354.691848704046,15898.003301821966,28346,59719,39212.48744919287,-3019.2555944108963,0.0,-4072.3619728984813,0.0,1606.505816824018,0.0,10416.449313988112,0.0,12026.425703889532,0.0,17746.40061127269,0.0,13969.45333657225,0.0,4397.730185043616,0.0
3543.334695979402,0.0,55519.77792906163,172956.40999999925,58937.1928444174,16767.270072932242,30176,63370,41732.16915358989,-2919.152058809035,0.0,-4071.4064861871416,0.0,1702.9419427287587,0.0,10803.216565502154,0.0,12535.51109718758,0.0,18506.11768859617,0.0,14835.800757783283,0.0,4126.748422258703,0.0
3567.342282828283,0.0,57511.291749398544,182277.54999999906,62046.247606638906,18812.42045382882,31898,66616,43907.59019013452,-3518.6762425210454,0.0,-5115.6294319960325,0.0,1854.9062483371845,0.0,11305.612154552877,0.0,13233.370384268977,0.0,19522.386443709864,0.0,15597.189156331697,0.0,4632.133036714042,0.0
3591.3283333333334,0.0,61525.09193960195,191760.42999999906,64631.6601423019,19257.673108919007,33620,69664,46346.00480917813,-3658.7366759858137,0.0,-5304.683268547367,0.0,2013.2889976700321,0.0,11826.329719880589,0.0,13727.043356266699,0.0,20704.729811037287,0.0,17034.122574535002,0.0,5182.997424744313,0.0
3712.339404761905,0.0,66737.4817595967,202676.1499999991,66709.69713319573,20125.447570268923,35494,73523,49103.52353694002,-3513.6926146301207,0.0,-5488.778799568388,0.0,2125.007992371862,0.0,12576.828072822776,0.0,14756.47907472984,0.0,21943.850036008887,0.0,18431.761542082524,0.0,5906.02645577803,0.0
3736.343012964094,0.0,73017.19025483327,215847.53999999881,69682.8115524678,20991.719161151894,37523,77711,52155.81903154843,-3569.4810037999196,0.0,-5821.126703924505,0.0,2325.980440835867,0.0,13100.980781307566,0.0,15184.84696022153,0.0,22908.825922276115,0.0,21498.98955153482,0.0,7388.174306380244,0.0
3759.3208775252524,0.0,80514.76189063555,230760.7899999986,73120.44354771925,21950.19534047945,39723,81626,55175.38922116797,-2731.4661147406264,0.0,-5653.212211038611,0.0,2489.3176461720072,0.0,14034.475040735866,0.0,15714.921199476486,0.0,24101.169664781755,0.0,24507.226393550267,0.0,8052.33027169599,0.0
3880.344373164411,0.0,84817.65259063555,241315.1999999988,75921.31158053059,22717.21674048513,41479,84830,57859.019088351335,-2752.35792301825,0.0,-5763.065258770634,0.0,2479.1534628274176,0.0,14798.911674352414,0.0,16533.86888495908,0.0,25357.909358248846,0.0,25846.393628449267,0.0,8316.838763584477,0.0
