t,net_profit,total_reward,total_revenue,total_waiting_cost,total_travel_cost,total_trips,total_requests,total_exit_cost,reward_period_0,profit_period_0,reward_period_1,profit_period_1,reward_period_2,profit_period_2,reward_period_3,profit_period_3,reward_period_4,profit_period_4,reward_period_5,profit_period_5,reward_period_6,profit_period_6,reward_period_7,profit_period_7
2007.375,0.0,-7896.59915327245,4453.91,10491.190984983892,1129.503713983811,727,10551,729.8144543047528,-1810.448144064368,0.0,-973.3445546740492,0.0,-1051.8211751269246,0.0,-682.9047976387939,0.0,-715.9635485739212,0.0,-466.51812794118894,0.0,-886.2200465046369,0.0,-1309.3787587485617,0.0
2055.387777777778,0.0,306.89082669614277,2335.1000000000026,1132.2447268285462,459.3888329437633,353,1731,436.57561353154694,-124.80770856481787,0.0,-88.23793621840812,0.0,-46.57240191756714,0.0,189.73098500990227,0.0,148.08967891290982,0.0,241.09840684019454,0.0,17.9111002688686,0.0,-30.321297634939192,0.0
2175.339722222222,0.0,563.960707177531,3283.6900000000046,1503.1965127861797,558.7135725794585,499,2786,657.8192074568307,-194.3518157883833,0.0,-119.63564826775739,0.0,-54.55908532735665,0.0,266.790024740403,0.0,231.08360846099333,0.0,356.42263478079997,0.0,33.015096039844266,0.0,45.19589253898774,0.0
2223.3416666666667,0.0,2123.6694430328525,7178.680000000013,2719.5468363567534,1117.8518103541937,969,6027,1217.6119102562056,-307.6399009403576,0.0,-285.274165259991,0.0,39.84932320423702,0.0,906.3285535906035,0.0,582.9971928024522,0.0,657.6200837101162,0.0,102.8396246394231,0.0,426.94873128635754,0.0
2343.3925,0.0,2815.5163759796155,8736.630000000005,3151.2786063504072,1271.7660878437425,1188,7184,1498.068929826241,-331.370955860906,0.0,-297.25436057944876,0.0,110.81311322133394,0.0,1012.3063919146404,0.0,684.6526583870204,0.0,987.9448244049148,0.0,132.82310358776724,0.0,515.6016009042852,0.0
2391.3977777777777,0.0,3934.2770815945096,12907.150000000001,4467.865993916629,2264.2182944785854,1791,9736,2240.7886300102928,-498.8541086428799,0.0,-316.0615409468606,0.0,236.74240753997546,0.0,1133.2603286516216,0.0,807.7798454479787,0.0,1455.5680430881384,0.0,493.7053936881787,0.0,622.1367127683386,0.0
2511.3441666666668,0.0,5390.253179726434,16110.63000000001,5102.72734789155,2858.1282282872908,2199,11368,2759.521244094727,-616.7943786332785,0.0,-345.07622075388565,0.0,327.49781546780025,0.0,1246.874892305263,0.0,1052.1037399815173,0.0,2100.801754284975,0.0,856.4958393040805,0.0,768.3497377699495,0.0
2559.364722222222,0.0,5955.740622594248,21028.250000000062,6931.294739119739,4171.036906662315,3160,14985,3970.177731623744,-1020.6392215834679,0.0,-559.1399956925522,0.0,342.4709919830461,0.0,1417.0634605948862,0.0,1335.4409758683107,0.0,2593.2653141513188,0.0,1066.3250603811496,0.0,780.9540368914955,0.0
2679.3352777777777,0.0,6417.325900095224,24484.18000000007,8183.671454706189,4996.867451465943,3850,17312,4886.315193732701,-1368.344101022862,0.0,-837.9724535381014,0.0,369.587492851921,0.0,1495.175739113925,0.0,1675.8127685230054,0.0,3064.228492771309,0.0,1220.1339299704327,0.0,798.704031425506,0.0
2727.3688888888887,0.0,7373.620586063394,32201.109999999986,10283.035274959097,7543.615876078598,5283,21517,7000.838262898945,-1858.145228325525,0.0,-1219.0988923533805,0.0,408.8759867900323,0.0,1907.3059671163758,0.0,2084.4089663539767,0.0,3613.8361649813864,0.0,1615.4424930476116,0.0,820.9951284528221,0.0
2847.33,0.0,8542.267348183903,37179.020000000084,11410.179053880185,9113.840254464363,6182,24085,8112.7333434715965,-2147.827352467301,0.0,-1380.5104762264818,0.0,370.3755328880589,0.0,1981.044480528309,0.0,2564.396286708909,0.0,4367.04994557302,0.0,1983.0472433003465,0.0,804.6916878789345,0.0
2895.3322222222223,0.0,9594.679375355037,46965.01000000005,13978.623035427318,12855.036894359819,7878,29461,10536.670694857803,-2855.1482281566864,0.0,-1880.004342087149,0.0,134.06154724896834,0.0,2479.1709429680795,0.0,3157.2592496909438,0.0,5181.951224596857,0.0,2476.5015605755552,0.0,900.8874205184227,0.0
3015.33,0.0,10509.261246457067,52672.209999999985,15318.870079761857,14818.113348643323,8987,32325,12025.965325137717,-3187.553703464596,0.0,-2125.6376232394778,0.0,90.01969638493156,0.0,2549.883116020529,0.0,3252.246136749239,0.0,5974.693552702773,0.0,2949.8293069875535,0.0,1005.7807643161007,0.0
3063.332629735753,0.0,14213.621191780363,67479.68000000004,19053.344403507926,19189.68132152104,11220,39242,15023.03308319031,-3700.1005470761984,0.0,-2655.143212542559,0.0,125.2825596657562,0.0,3703.2275178586688,0.0,4138.203113689427,0.0,7817.130237307767,0.0,3461.5610179007763,0.0,1323.4605049767079,0.0
3183.3580555555554,0.0,14713.3674000575,73220.09000000004,20710.66990950786,21261.79738207285,12242,41969,16534.255308361364,-4177.063612403056,0.0,-2957.577491848533,0.0,32.45895537171462,0.0,3893.1151798685773,0.0,4594.593610764519,0.0,8322.471288571693,0.0,3767.3663671542936,0.0,1238.0031025782964,0.0
3231.366616638079,0.0,15231.097177895941,84936.21000000011,23472.472863607905,26526.747432802855,14420,47510,19705.892525692496,-5154.890982004443,0.0,-3562.994666277509,0.0,15.823677637374498,0.0,4108.721114288447,0.0,5140.4325137251235,0.0,9283.221752228323,0.0,4232.298971086031,0.0,1168.484797212582,0.0
3351.3633333333332,0.0,16283.424356811229,92057.8000000002,25099.789670763257,29142.708128222985,15751,50879,21531.877844201674,-5648.130171741339,0.0,-4056.891082098152,0.0,-25.537527709281836,0.0,4357.538945136505,0.0,5618.714381441662,0.0,9891.114558498968,0.0,4734.558885083198,0.0,1412.0563681996136,0.0
3399.38,0.0,17545.451481009033,105438.59000000035,28041.24039286973,34866.16371034822,18208,57032,24985.734415771953,-6679.62183521747,0.0,-4770.288005799107,0.0,-74.84105951643207,0.0,5354.757695646867,0.0,6349.012095319222,0.0,10895.16206796306,0.0,5132.787338257065,0.0,1338.4831843557215,0.0
3519.3344444444447,0.0,17276.54161702245,112063.29000000034,29887.100170245176,37968.27642826805,19444,59719,26931.371784462983,-7144.005238247286,0.0,-5143.766183254222,0.0,-186.4550697270276,0.0,5510.92615286284,0.0,6605.502210108986,0.0,11225.76630008391,0.0,5260.8136801634,0.0,1147.7597650318257,0.0
3567.341819772528,0.0,16987.326232883126,127393.62000000043,34340.722850931925,45683.693145008714,22366,66616,30381.877771173637,-8182.966232376117,0.0,-6468.523218821943,0.0,-339.4277477019996,0.0,5948.647626635486,0.0,6990.405205604277,0.0,12245.419060326762,0.0,5676.801801790918,0.0,1116.9697374260222,0.0
3688.3358333333335,0.0,17094.30477945149,134546.10000000053,35953.18525745666,49241.445988544765,23687,69664,32257.163974544,-8792.748002767432,0.0,-6950.187495964102,0.0,-419.204586756166,0.0,5977.893142889681,0.0,7077.054426364428,0.0,13126.591677190145,0.0,6092.616798586035,0.0,982.2888199092664,0.0
3736.337777777778,0.0,20963.933860636676,152109.93000000092,39080.39099272073,56097.43493940836,26526,77710,35968.170207229436,-9644.903912764483,0.0,-7910.503749769701,0.0,-539.6709677882109,0.0,6400.6999397536765,0.0,7714.048924918099,0.0,14607.060248276079,0.0,8892.620517181318,0.0,1444.5828608303855,0.0
3856.3527777777776,0.0,24396.982725332953,163167.69000000088,41059.41242814767,59584.01998460156,28191,81626,38127.27486191239,-9450.471034805272,0.0,-8377.473462510434,0.0,-455.13325546502034,0.0,6801.929757040771,0.0,7875.787317927452,0.0,15879.267445351914,0.0,10675.91464901577,0.0,1447.1613087782807,0.0
3904.361388888889,0.0,26064.505318247324,180252.55000000124,44497.923114909885,67447.22051970162,31131,88072,42242.90104713489,-10428.07610843122,0.0,-9352.630475055492,0.0,-913.5401188921521,0.0,7082.2943428139215,0.0,8730.224725512408,0.0,17428.50804250077,0.0,12105.946346908213,0.0,1411.778562891417,0.0
4024.343888888889,0.0,26240.46009591235,189059.7300000013,46975.148432479036,71546.63071843822,32740,91095,44297.49075316381,-10756.021490899564,0.0,-9962.265486414733,0.0,-1216.4044096766884,0.0,7165.651805830643,0.0,8888.71125762996,0.0,18069.74836175247,0.0,12772.916143643435,0.0,1278.123914047439,0.0
4072.3479409171077,0.0,18715.97175390968,208452.22000000233,58714.72855032166,82040.19493335641,36118,98308,48981.32476240619,-12520.0968930247,0.0,-11640.397368432432,0.0,-2140.8855930182976,0.0,7410.367154133957,0.0,9110.221440058283,0.0,18231.532550136868,0.0,11353.510713089541,0.0,-1088.280249033096,0.0
4192.331111111111,0.0,11609.586382894935,217948.78000000163,67303.55231501003,87716.49584745914,37809,101887,51319.14545463032,-14183.685389480099,0.0,-13136.448206882229,0.0,-2804.4768453673432,0.0,7335.671057219996,0.0,8440.523620742406,0.0,17280.3697833174,0.0,10551.39699120989,0.0,-1873.7646278647635,0.0
4240.349166666667,0.0,6326.355926566689,233674.0100000017,72481.25907821825,99620.61721103569,40784,107781,55245.77778417359,-16058.021308431373,0.0,-14875.90568100758,0.0,-3776.096343444493,0.0,6992.781551003275,0.0,8318.455620465,0.0,17556.636988931103,0.0,10705.520712246996,0.0,-2537.015613195947,0.0
4360.354722222222,0.0,4266.10502865799,241147.3900000015,74494.81022233592,105346.30526108858,42236,110744,57040.16948791162,-16687.235882843896,0.0,-15743.964871446926,0.0,-4344.220774725267,0.0,6723.291589522811,0.0,8119.34001033962,0.0,17615.322624502318,0.0,11032.028154909116,0.0,-2448.455821599389,0.0
4408.36,0.0,1484.8781737929671,257309.65000000058,77603.96382130077,117313.23965051009,45400,119171,60907.56835438691,-17769.39907241905,0.0,-17443.22191943242,0.0,-5401.233984867715,0.0,6762.398745767874,0.0,7901.465445251399,0.0,17780.28926271814,0.0,12134.871150477757,0.0,-2480.291453702491,0.0
4528.345,0.0,224.52238212858867,265810.65000000125,79459.05427529043,123064.83022719236,47052,122913,63062.24311537797,-18262.232086539934,0.0,-18516.50057357059,0.0,-5876.701418140831,0.0,6744.939513791335,0.0,7849.812216837678,0.0,17955.482456878115,0.0,12467.947866230956,0.0,-2138.225593357606,0.0
4576.345,0.0,-3587.1098418193706,282385.0999999997,83765.68200602873,135310.92810823058,50182,130115,66895.59972754896,-19705.35448665557,0.0,-20248.640838489006,0.0,-7019.398158239737,0.0,6647.71125618418,0.0,7706.891982574494,0.0,17765.1605391935,0.0,13485.991030664098,0.0,-2219.4711670507236,0.0
4696.332777777778,0.0,-5718.255570929818,292181.6799999989,86913.59690940531,141632.0593594995,51979,134090,69354.27930201241,-20448.795393068056,0.0,-21744.450279993343,0.0,-7978.147743481445,0.0,6707.560978159696,0.0,7751.971931715889,0.0,18039.318014286466,0.0,14153.958740541171,0.0,-2199.6718190895635,0.0
4744.334058641975,0.0,-11531.273991923994,308174.3299999985,90525.91516411722,155566.9321297499,54845,140746,73612.75669804485,-21869.165893577137,0.0,-23655.12142251239,0.0,-9208.4323645203,0.0,6100.041231356476,0.0,7315.7882449137105,0.0,17956.129055308404,0.0,14299.461776300051,0.0,-2469.9746191920594,0.0
4864.354166666667,0.0,-14816.522871499681,317262.48999999906,93362.83711556607,162789.79983606626,56432,144049,75926.37591985552,-22553.772564291332,0.0,-24704.507495364967,0.0,-9895.618914393073,0.0,5916.784627917653,0.0,6916.194614077474,0.0,17718.693555862883,0.0,14432.125881057438,0.0,-2646.4225763650024,0.0
4912.360277777778,0.0,-25975.67479915866,329238.9699999979,97895.33593263212,178307.60534840997,58623,148801,79011.70351810509,-24504.125590699077,0.0,-26745.299116209255,0.0,-11710.380317329971,0.0,4521.981277658513,0.0,5540.412858983532,0.0,16326.389649962099,0.0,13928.446522786295,0.0,-3333.100084309947,0.0
5032.3341666666665,0.0,-31014.068417687442,336250.48999999685,100412.78655689063,186161.26274716103,59953,151648,80690.50911362508,-25490.3967273439,0.0,-28111.84428895765,0.0,-12692.989133513667,0.0,3881.074385481451,0.0,4986.015909265978,0.0,15970.724873642965,0.0,13913.181165171467,0.0,-3469.834601433288,0.0
5080.335555555555,0.0,-42099.91108686288,349921.3999999972,104565.59121164124,202982.0507385722,62400,157409,84473.66913663677,-27414.69616529957,0.0,-30575.19693480916,0.0,-14525.91297470898,0.0,2605.63669651523,0.0,3927.828666082071,0.0,15412.277457575732,0.0,13146.030652133088,0.0,-4675.878484350262,0.0
5200.343611111111,0.0,-47539.51489367715,356532.64999999676,106679.56458745593,211004.21031664294,63620,160288,86388.38998956658,-28366.156942080823,0.0,-32179.338608150192,0.0,-15541.969559422889,0.0,1912.1806820567479,0.0,3434.675865401782,0.0,15198.554081956736,0.0,12948.58690141236,0.0,-4946.0473148497185,0.0
5248.346666666666,0.0,-56222.19951359884,372443.3099999968,109746.28521523,228469.46916340222,66508,168196,90449.75513495477,-30112.245102724723,0.0,-34730.689407097474,0.0,-17322.463935957734,0.0,932.3036506738654,0.0,2804.707693924879,0.0,14793.484666155553,0.0,12933.525254443197,0.0,-5520.822333014954,0.0
5368.332222222222,0.0,-60814.703749440305,381832.4999999954,112710.75806710428,236949.99072976873,68242,172282,92986.45495255268,-31208.53477276035,0.0,-36450.52469188088,0.0,-18515.604919987047,0.0,453.60017742378926,0.0,2540.207473804147,0.0,14865.235472949134,0.0,13074.36357993915,0.0,-5573.446068926629,0.0
5416.332777777778,0.0,-67329.21613904457,400939.14999999467,115820.04238103071,254617.73709423942,71521,181391,97830.58666375851,-32774.32622154386,0.0,-38584.92661462947,0.0,-20183.30246033883,0.0,-289.35673207565276,0.0,2388.245228056542,0.0,15235.198667537805,0.0,13354.962863835106,0.0,-6475.710869884627,0.0
5536.3388888888885,0.0,-70945.64459508075,410199.61999999435,117867.74671072976,263018.4733952567,73308,185636,100259.04448907607,-33830.242782830755,0.0,-39924.01175175463,0.0,-21039.027119016304,0.0,-503.16337112054856,0.0,2042.2578923049998,0.0,15226.68984763622,0.0,13596.161219570184,0.0,-6514.308529867317,0.0
5584.340833333334,0.0,-79289.72997161243,429323.2399999945,121964.44923840812,281594.3254575049,76919,193501,105054.19527567353,-36019.218345308946,0.0,-42224.94656390493,0.0,-22942.931476400332,0.0,-1053.1611734261387,0.0,1282.8541977643927,0.0,15169.131941039866,0.0,13980.202230189936,0.0,-7481.660781563694,0.0
5704.329444444445,0.0,-82760.35653854218,440844.7599999946,124742.41659399077,290974.61390071525,79037,197436,107888.08604380743,-37230.19775498251,0.0,-43747.24399954017,0.0,-23760.283131926542,0.0,-1405.5220098979892,0.0,945.7165918814625,0.0,15357.885489678056,0.0,14453.41180509125,0.0,-7374.123528843545,0.0
5752.336944444444,0.0,-91795.90725604595,460164.4899999928,129220.46250723506,309997.01610838214,82651,205293,112742.91864038944,-39595.58694953474,0.0,-46189.75231841002,0.0,-25220.087445128986,0.0,-2091.3866358548703,0.0,-0.8799564063730472,0.0,14981.689344057333,0.0,14730.178271076045,0.0,-8410.08156584167,0.0
5872.334722222222,0.0,-96252.3175739034,471557.3299999931,132383.1469990989,319755.7848947294,84833,209560,115670.71568002814,-41233.08829085509,0.0,-47989.28727969986,0.0,-25996.854324537067,0.0,-2381.675639705396,0.0,-347.9525696605172,0.0,14973.76122649021,0.0,14971.76243720664,0.0,-8248.983133139032,0.0
5920.335894978106,0.0,-105466.6929182017,491163.2199999917,136828.77518695878,339193.3551878809,88480,217737,120607.78254330842,-43533.57410630708,0.0,-50704.63001170009,0.0,-27739.87023972838,0.0,-3302.916571689846,0.0,-656.610549744401,0.0,14861.26879869552,0.0,14981.333436577544,0.0,-9371.693674300337,0.0
6040.33,0.0,-108676.9928973063,502870.8099999919,139210.9642207767,348835.79267368687,90613,222246,123501.04600278521,-44729.29649770349,0.0,-52177.898736821415,0.0,-28667.526005817857,0.0,-3538.339219469431,0.0,-767.6756935922426,0.0,15018.6103390821,0.0,15455.359793571612,0.0,-9270.226876551604,0.0
6088.33,0.0,-114743.7064097514,525883.2699999916,142918.26957976332,368254.842167091,94821,232149,129453.86466282455,-47212.88856734131,0.0,-54667.09880949184,0.0,-30282.676778363282,0.0,-3574.884645680222,0.0,-1628.7312411710022,0.0,15432.771071808284,0.0,16476.890961971927,0.0,-9287.088401480494,0.0
6208.3325,0.0,-117935.92565512747,537853.7599999928,145081.4875159747,378020.4773523061,97062,237100,132687.72078677174,-48255.54485938934,0.0,-56176.01191742891,0.0,-31192.38191351528,0.0,-3959.799047631921,0.0,-1706.78328155522,0.0,15603.452789578876,0.0,17060.30272214446,0.0,-9309.160147327364,0.0
6256.34,0.0,-124266.24581451961,562605.5199999904,149055.5302425892,398901.84495045204,101351,246787,138914.3906213873,-49943.78849695902,0.0,-58669.839221371476,0.0,-32969.736796813006,0.0,-4725.274604661601,0.0,-2019.6079633182073,0.0,16666.69140057231,0.0,17482.211420293454,0.0,-10086.901552259025,0.0
6376.330555555555,0.0,-125671.47599161677,577705.2099999915,151719.0232244904,409188.1386907922,104053,251674,142469.52407623734,-51085.12583381468,0.0,-60184.837787784,0.0,-33748.678796466476,0.0,-4869.129064210943,0.0,-2057.593403582963,0.0,17558.929292774446,0.0,18563.614608041225,0.0,-9848.65500657094,0.0
6424.334512057037,0.0,-134053.6041952677,605008.3399999933,157576.5429427169,432529.3152230957,108881,260955,148956.08602935282,-53836.91087884061,0.0,-63174.02733015947,0.0,-35584.88474746178,0.0,-5568.935491452792,0.0,-2332.874053405538,0.0,17745.373366141335,0.0,18895.077627043876,0.0,-10196.422687132346,0.0
6544.3405555555555,0.0,-139398.04726908018,619693.0399999918,162134.97222060084,444541.89624986955,111500,265317,152414.2187985043,-55829.37913920577,0.0,-65574.4205792729,0.0,-36850.610877949664,0.0,-5827.443511251121,0.0,-2658.554536257311,0.0,18177.23367266095,0.0,19217.6991328091,0.0,-10052.571430614134,0.0
6592.341944444444,0.0,-147085.9659307401,648382.8699999924,167467.22447535716,468409.4118089236,116621,274852,159592.19964635553,-58852.63813184358,0.0,-68629.29934474359,0.0,-38681.17228885589,0.0,-6222.620565625579,0.0,-3000.5640664857774,0.0,18747.105344744687,0.0,20355.36004421287,0.0,-10802.136922142894,0.0
6711.330555555555,0.0,-149621.5625726871,665832.5999999925,171498.1792873653,480413.49688758026,119749,280034,163542.48639763962,-60585.159010607844,0.0,-70537.29911971412,0.0,-39421.322932632655,0.0,-6302.995715610052,0.0,-2962.054135303977,0.0,19333.8896004566,0.0,21254.21745346127,0.0,-10400.838712737484,0.0
6759.331666666667,0.0,-98334.4142722709,774033.9499999905,184963.92862190894,509076.69651844085,132065,307753,178327.7391318227,-58894.70845956247,0.0,-74777.92489382335,0.0,-34369.36636244677,0.0,107.68705886210502,0.0,2001.5558470178219,0.0,33999.93496592566,0.0,32492.426888023503,0.0,1105.9806837258345,0.0
6879.3325,0.0,-78085.55627086681,826936.9599999919,193902.77179403504,524678.2124318989,138699,322161,186441.53204483076,-57678.95189412607,0.0,-77218.18271033032,0.0,-33814.40638454094,0.0,2962.04502335281,0.0,5429.697767000271,0.0,41191.04278210122,0.0,36286.24607345178,0.0,4756.953072218843,0.0
6927.339722222222,0.0,-89134.13338549717,857153.5399999965,199425.02486619307,553282.0889210916,143363,331400,193580.55959810974,-61641.64649176424,0.0,-80766.75978007428,0.0,-35591.713564153106,0.0,2391.9491791655823,0.0,5206.17567718492,0.0,42762.81907009581,0.0,35576.02001945601,0.0,2929.0225045872785,0.0
7047.3533333333335,0.0,-91121.15076210613,879914.6499999957,204264.9336601129,568092.9930358605,146755,336843,198677.87406603515,-63733.98034790731,0.0,-82495.01909101101,0.0,-36037.65888783735,0.0,1844.692935721047,0.0,5113.714233608733,0.0,45176.11972210512,0.0,36659.17643484535,0.0,2351.804238364018,0.0
7095.354810199789,0.0,-105809.0615458719,913526.0699999952,213172.23139871593,599027.7977895403,152420,346322,207135.10235751455,-68622.63063246205,0.0,-86622.87547040543,0.0,-38273.36380303854,0.0,1191.5057480966284,0.0,4663.111973409151,0.0,45992.81321867595,0.0,35861.225919459466,0.0,1.1515003880348171,0.0
7215.3375,0.0,-111359.14457938084,933261.6599999904,217994.3705526798,614764.8656926695,155897,351571,211861.56833392655,-70915.45652298909,0.0,-88604.7762394857,0.0,-39089.26139779964,0.0,752.1410972278475,0.0,4613.282685164183,0.0,46452.82278389519,0.0,36185.0558031706,0.0,-752.9527885698254,0.0
7263.3388888888885,0.0,-125061.20552818861,965735.5599999928,224211.49000792284,646541.6239357055,161531,361571,220043.65158447594,-75059.94272862122,0.0,-92306.7684865471,0.0,-40831.36752078717,0.0,-470.23944810492145,0.0,3783.922595213103,0.0,47368.56491601593,0.0,35236.86540557597,0.0,-2782.2402609399087,0.0
7383.336111111111,0.0,-130062.29722405942,985820.9099999972,227985.61668005097,662794.8827698594,165001,367307,225102.70777408296,-77290.93919676279,0.0,-94455.66173925546,0.0,-41641.4528669971,0.0,-811.8880022835331,0.0,3772.1224920075224,0.0,48640.40230532723,0.0,35452.95389501873,0.0,-3727.83411112176,0.0
7431.336388888889,0.0,-146022.98040214705,1015032.1899999988,232191.65633579064,696117.0827015708,170223,377676,232746.43136472473,-81468.3608538644,0.0,-98253.90948460189,0.0,-43502.045652564855,0.0,-1643.2606720657498,0.0,2415.4347375416655,0.0,48459.753914474066,0.0,34100.367974483204,0.0,-6130.960365552661,0.0
2007.375,0.0,-4218.939279464897,4453.91,6813.531111176327,1129.503713983811,727,10551,729.8144543047528,-1155.9705051754809,0.0,-567.2052713480624,0.0,-615.326869571373,0.0,-254.53451986101462,0.0,-272.09910057312425,0.0,-45.592305644731624,0.0,-499.26096481159567,0.0,-808.9497424795082,0.0
2055.387777777778,0.0,306.89082669614277,2335.1000000000026,1132.2447268285462,459.3888329437633,353,1731,436.57561353154694,-124.80770856481787,0.0,-88.23793621840812,0.0,-46.57240191756714,0.0,189.73098500990227,0.0,148.08967891290982,0.0,241.09840684019454,0.0,17.9111002688686,0.0,-30.321297634939192,0.0
2175.339722222222,0.0,563.9647349553074,3283.6900000000046,1503.1924850084033,558.7135725794585,499,2786,657.8192074568307,-194.3518157883833,0.0,-119.63564826775739,0.0,-54.55908532735665,0.0,266.790024740403,0.0,231.08360846099333,0.0,356.42263478079997,0.0,33.015096039844266,0.0,45.19992031676414,0.0
2223.3416666666667,0.0,2127.246109699523,7178.680000000013,2715.9701696900847,1117.8518103541937,969,6027,1217.6119102562056,-307.6399009403576,0.0,-285.274165259991,0.0,39.84932320423702,0.0,906.3285535906035,0.0,582.9971928024522,0.0,657.6200837101162,0.0,102.8396246394231,0.0,430.52539795302755,0.0
2343.3925,0.0,2819.093042646286,8736.630000000005,3147.7019396837386,1271.7660878437425,1188,7184,1498.068929826241,-331.370955860906,0.0,-297.25436057944876,0.0,110.81311322133394,0.0,1012.3063919146404,0.0,684.6526583870204,0.0,987.9448244049148,0.0,132.82310358776724,0.0,519.1782675709552,0.0
2391.3977777777777,0.0,4330.1996220031515,12907.150000000001,4419.981717396869,1916.1800305897,1791,9736,2240.7886300102928,-427.6005290115133,0.0,-274.34269759282,0.0,279.80942142886744,0.0,1176.695884207178,0.0,851.1811648924206,0.0,1499.1002653103592,0.0,537.294004799289,0.0,688.0621079693553,0.0
2511.3441666666668,0.0,5959.662178468394,16110.63000000001,5054.84307137179,2336.6035060650825,2199,11368,2759.521244094727,-523.8995490019109,0.0,-281.25696073317624,0.0,392.1013571344672,0.0,1311.951697860819,0.0,1117.2429760926261,0.0,2166.1725876183045,0.0,921.7941726374139,0.0,855.555896859854,0.0
2559.364722222222,0.0,7234.183510225046,21028.250000000062,6870.674629266651,2953.214128884549,3160,14985,3970.177731623744,-832.6638675876926,0.0,-415.13573567184005,0.0,494.2880058719348,0.0,1569.482627261552,0.0,1486.8691060123422,0.0,2745.726975673957,0.0,1218.567515812331,0.0,967.0488828524745,0.0
2679.3352777777777,0.0,8043.18073217045,24484.18000000007,8123.051344853102,3431.632729243733,3850,17312,4886.315193732701,-1135.534486584316,0.0,-650.394629033261,0.0,563.4907567408119,0.0,1691.070739113919,0.0,1870.9704820003694,0.0,3259.928767944517,0.0,1415.8759661954914,0.0,1027.7731357929192,0.0
2727.3688888888887,0.0,10789.108628145132,32201.109999999986,10174.00035787731,4237.162751078635,5283,21517,7000.838262898945,-1391.1253286053375,0.0,-808.8581027017829,0.0,812.8520616827448,0.0,2318.5420450014135,0.0,2497.20979928138,0.0,4027.6294914945174,0.0,2028.3309973716096,0.0,1304.5276646205466,0.0
2847.33,0.0,12826.244973598914,37179.020000000084,11301.144136798399,4938.897546131103,6182,24085,8112.7333434715965,-1572.7490175261778,0.0,-861.5096171304433,0.0,883.4540383363385,0.0,2500.5051919531325,0.0,3086.150263874296,0.0,4889.260980419466,0.0,2504.7965115132283,0.0,1396.3366221590663,0.0
2895.3322222222223,0.0,16701.03165354795,46965.01000000005,13831.34235445665,5895.965297137669,7878,29461,10536.670694857803,-1908.9495098033833,0.0,-1011.2050802133107,0.0,994.8983860305854,0.0,3347.2599877262337,0.0,4026.417115745213,0.0,6052.353343300779,0.0,3346.1403004865233,0.0,1854.117110275257,0.0
3015.33,0.0,19007.307413539034,52672.209999999985,15171.58939879119,6467.3478625322705,8987,32325,12025.965325137717,-2061.6516517779573,0.0,-1088.8478058100854,0.0,1125.0176462776562,0.0,3591.6660496675713,0.0,4295.500669470172,0.0,7018.757398077512,0.0,3994.401864466391,0.0,2132.46324316758,0.0
3063.332629735753,0.0,25853.278046342668,67479.68000000004,18896.624625315013,7706.744245152239,11220,39242,15023.03308319031,-2178.420995389543,0.0,-1230.4965201131658,0.0,1552.4692595584836,0.0,5135.397795898472,0.0,5573.3453020175675,0.0,9252.17770739135,0.0,4898.439950670812,0.0,2850.3655463082864,0.0
3183.3580555555554,0.0,27918.798289361974,73220.09000000004,20553.950131314945,8213.086270961985,12242,41969,16534.255308361364,-2451.2478503985267,0.0,-1345.426653611193,0.0,1655.2247720827618,0.0,5520.836082908398,0.0,6225.630799092646,0.0,9953.323133655309,0.0,5399.904674924327,0.0,2960.553330707861,0.0
3231.366616638079,0.0,32282.15869547612,84936.21000000011,23298.805203470543,9649.353575361021,14420,47510,19705.892525692496,-2940.379157499874,0.0,-1475.6795780402167,0.0,2115.914492931168,0.0,6215.157870837575,0.0,7249.909822183446,0.0,11393.70338897858,0.0,6343.168834825605,0.0,3380.363021259439,0.0
3351.3633333333332,0.0,35245.312268784204,92057.8000000002,24926.122010625895,10354.487876388259,15751,50879,21531.877844201674,-3193.2385555700876,0.0,-1727.6455077497583,0.0,2309.9265514734193,0.0,6703.292160018955,0.0,7967.419537122205,0.0,12240.75758413814,0.0,7084.723146874273,0.0,3860.0773524768288,0.0
3399.38,0.0,41076.38203187123,105438.59000000035,27824.10092717679,11552.372625180142,18208,57032,24985.734415771953,-3637.6293310505434,0.0,-1869.0424432588475,0.0,2821.410519666252,0.0,8264.44007719601,0.0,9263.342572136205,0.0,13810.675332981691,0.0,8049.114283273561,0.0,4374.071020926362,0.0
3519.3344444444447,0.0,43064.524042884936,112063.29000000034,29669.960704552235,12397.43346810034,19444,59719,26931.371784462983,-3816.214515350458,0.0,-1963.6827977772068,0.0,2992.5988705667933,0.0,8703.376550184073,0.0,9802.617032264936,0.0,14423.898662324762,0.0,8460.780764068795,0.0,4461.1494766024425,0.0
3567.341819772528,0.0,48353.37975235919,127393.62000000043,34114.367829683455,14543.994646783933,22366,66616,30381.877771173637,-4154.842659921558,0.0,-2597.20675015413,0.0,3534.3695259251585,0.0,9837.58135729003,0.0,10883.487805537961,0.0,16139.38129006527,0.0,9572.520129309818,0.0,5138.0890543057185,0.0
3688.3358333333335,0.0,51242.79387198109,134546.10000000053,35726.83023620819,15319.31191726673,23687,69664,32257.163974544,-4409.417276528655,0.0,-2736.1232495185104,0.0,3800.627131315429,0.0,10215.116873544222,0.0,11318.813692964784,0.0,17367.265018039703,0.0,10336.33512610494,0.0,5350.1765560581525,0.0
3736.337777777778,0.0,61060.74567556575,152109.93000000092,38821.952901851284,16259.0612153535,26526,77710,35968.170207229436,-4488.258599648849,0.0,-2957.4727566911306,0.0,4419.805040406868,0.0,11376.04688028475,0.0,12695.513608185169,0.0,19587.233589125553,0.0,13877.790303033507,0.0,6550.087610868199,0.0
3856.3527777777776,0.0,67329.98148880599,163167.69000000088,40800.279545611564,16910.15410367032,28191,81626,38127.27486191239,-3961.31051335635,0.0,-3053.76809443184,0.0,4872.346711063365,0.0,12147.369058683003,0.0,13227.310126194463,0.0,21228.36820657176,0.0,16030.839241985812,0.0,6838.826752093642,0.0
3904.361388888889,0.0,75619.51915116444,180252.55000000124,44229.96134348491,18160.168458215074,31131,88072,42242.90104713489,-4101.023017537787,0.0,-3199.7378528786076,0.0,5236.336829649032,0.0,13254.223285449974,0.0,14906.689073341082,0.0,23604.950609276315,0.0,18288.829130092214,0.0,7629.251093770601,0.0
4024.343888888889,0.0,78961.78858160747,189059.7300000013,46705.82527216512,19094.6253930627,32740,91095,44297.49075316381,-4062.7935593498305,0.0,-3395.3308993385153,0.0,5345.907836896895,0.0,13751.3010754343,0.0,15478.042966569748,0.0,24659.42630538578,0.0,19371.091536080763,0.0,7814.143319926612,0.0
4072.3479409171077,0.0,79804.09445918216,208452.22000000233,58431.31622334112,21235.484555070696,36118,98308,48981.32476240619,-4759.296265869986,0.0,-4035.33998908715,0.0,5464.123630559792,0.0,15038.461414186053,0.0,16745.253296251558,0.0,25864.35288693262,0.0,18995.05777219341,0.0,6491.481714013451,0.0
4192.331111111111,0.0,76695.76570192406,217948.78000000163,67020.13998802945,22913.728855416484,37809,101887,51319.14545463032,-5961.300871986875,0.0,-5006.761437452171,0.0,5320.26071154407,0.0,15485.765317272118,0.0,16598.021598398813,0.0,25435.841816831846,0.0,18713.682630713512,0.0,6110.255936600236,0.0
4240.349166666667,0.0,81553.3514436839,233674.0100000017,72152.82673370469,24722.054038437465,40784,107781,55245.77778417359,-6520.065678860623,0.0,-5489.151033491125,0.0,5612.41892180033,0.0,16401.280463833176,0.0,17736.752764788158,0.0,26974.076244667547,0.0,20132.381331370976,0.0,6705.658429573484,0.0
4360.354722222222,0.0,84327.56985217732,241147.3900000015,74164.8956556001,25614.75500431057,42236,110744,57040.16948791162,-6578.103100495384,0.0,-5733.176543374824,0.0,5680.183934963951,0.0,16754.772932908178,0.0,18170.02966725512,0.0,27662.45339542415,0.0,21088.825627665632,0.0,7282.583937828065,0.0
4408.36,0.0,92028.39535130639,257309.65000000058,77233.14481723914,27140.541477066545,45400,119171,60907.56835438691,-6308.743102744798,0.0,-6130.224546645091,0.0,5925.774003232997,0.0,18100.865682692962,0.0,19258.605102167014,0.0,29129.21795030642,0.0,23497.69570656753,0.0,8555.204555725062,0.0
4528.345,0.0,95766.14933703945,265810.65000000125,79086.93429900658,27895.32324857419,47052,122913,63062.24311537797,-6222.414199778064,0.0,-6543.89386787077,0.0,6094.408653293227,0.0,18736.51061738313,0.0,19858.84770708668,0.0,29956.936265977823,0.0,24483.791050809145,0.0,9401.963110133916,0.0
4576.345,0.0,102799.09236913417,282385.0999999997,83336.98677370274,29353.421129612394,50182,130115,66895.59972754896,-6253.237945568773,0.0,-6931.247790491331,0.0,6298.042313267804,0.0,19987.595068109466,0.0,21065.223143883813,0.0,31116.56617723295,0.0,26848.024284686617,0.0,10668.12711800878,0.0
4696.332777777778,0.0,105834.13116707774,292181.6799999989,86484.69626041262,30508.573270495224,51979,134090,69354.27930201241,-6397.579129758944,0.0,-7748.686815328991,0.0,6008.298561359383,0.0,20721.382637307182,0.0,21785.177398580734,0.0,32064.46301858157,0.0,28190.779041235477,0.0,11210.296455096184,0.0
4744.334058641975,0.0,112572.01423699816,308174.3299999985,90074.44732976651,31915.111735188482,54845,140746,73612.75669804485,-6219.251798922591,0.0,-8087.630457848214,0.0,6331.307223453319,0.0,21676.909607371057,0.0,22915.353584967044,0.0,33548.364186415245,0.0,29902.499576994393,0.0,12504.462314561772,0.0
4864.354166666667,0.0,115288.48855186706,317262.48999999906,92911.36928121536,33136.25624705968,56432,144049,75926.37591985552,-6207.580919131828,0.0,-8353.468386761446,0.0,6428.570673580779,0.0,22276.22318250358,0.0,23297.144626305693,0.0,34094.01633622343,0.0,30817.946181751704,0.0,12935.636857388867,0.0
4912.360277777778,0.0,118470.82966671715,329238.9699999979,97372.1915835508,34384.24523162504,58623,148801,79011.70351810509,-6292.434842392663,0.0,-8613.012196338625,0.0,6396.235867865796,0.0,22670.77996527826,0.0,23696.65313047822,0.0,34483.633037421336,0.0,32098.475615748222,0.0,14030.499088649529,0.0
5032.3341666666665,0.0,120261.00361763335,336250.48999999685,99889.36026336486,35409.617005375185,59953,151648,80690.50911362508,-6492.7096394800465,0.0,-9077.477005092027,0.0,6296.589653685283,0.0,22924.34786476789,0.0,24032.98702101525,0.0,35017.665397143675,0.0,32973.963367902696,0.0,14585.63695768283,0.0
5080.335555555555,0.0,124155.15732828437,349921.3999999972,104026.60152440099,37265.97201067646,62400,157409,84473.66913663677,-6528.303318187312,0.0,-9669.925093213624,0.0,6338.062687489941,0.0,23511.237043456014,0.0,24846.868705253746,0.0,36329.74079711088,0.0,34076.01389653071,0.0,15251.462609835347,0.0
5200.343611111111,0.0,125887.59991035887,356532.64999999676,106139.26990021566,38117.3901998575,63620,160288,86388.38998956658,-6640.745011411654,0.0,-10334.504552685881,0.0,6249.47924979477,0.0,23753.55061233095,0.0,25288.11305338693,0.0,37052.16279612272,0.0,34814.0770345203,0.0,15705.466728292453,0.0
5248.346666666666,0.0,132878.8352904387,372443.3099999968,109193.06740298968,39921.65217161576,66508,168196,90449.75513495477,-6400.7319220558065,0.0,-10941.030386355837,0.0,6424.659907982481,0.0,24733.07670594822,0.0,26615.81565707238,0.0,38606.76408664018,0.0,36752.99578106985,0.0,17087.285460127234,0.0
5368.332222222222,0.0,135785.987749723,381832.4999999954,112156.95622708618,40903.10107063806,68242,172282,92986.45495255268,-6627.574890447836,0.0,-11683.838067227156,0.0,6210.722048953133,0.0,25232.579482698045,0.0,27329.694865089277,0.0,39658.17921529611,0.0,37876.11848156553,0.0,17790.106613783486,0.0
5416.332777777778,0.0,145662.7345267903,400939.14999999467,115231.17067990155,42214.65812955236,71521,181391,97830.58666375851,-6103.626979649269,0.0,-11779.61296947302,0.0,6582.146427913489,0.0,26535.340438939747,0.0,29221.83120551565,0.0,42072.68826904544,0.0,40199.52746335455,0.0,18934.44067112639,0.0
5536.3388888888885,0.0,149882.32558464547,410199.61999999435,117278.8750096006,42779.374916681925,73308,185636,100259.04448907607,-6246.522846491745,0.0,-12100.234217709569,0.0,6748.963376278827,0.0,27343.113581741094,0.0,29899.068591986506,0.0,43086.5905602546,0.0,41462.96125712394,0.0,19688.385281442726,0.0
5584.340833333334,0.0,158614.40170713092,429323.2399999945,121352.10680215323,44302.53621504685,76919,193501,105054.19527567353,-6277.23519919013,0.0,-12270.557154859738,0.0,6972.420546215064,0.0,28925.10307155953,0.0,31272.25038355748,0.0,45160.453603105314,0.0,43979.61883469305,0.0,20852.347622028756,0.0
5704.329444444445,0.0,163310.20617616206,440844.7599999946,124130.07415773587,45516.393622300806,79037,197436,107888.08604380743,-6541.966761641548,0.0,-12718.025979384029,0.0,7210.358751799991,0.0,29638.590915643363,0.0,32004.119236007893,0.0,46412.39145729899,0.0,45517.69028459451,0.0,21787.048271818978,0.0
5752.336944444444,0.0,172044.28468571065,460164.4899999928,128589.26396893233,46788.0227049775,82651,205293,112742.91864038944,-6670.565628758198,0.0,-12941.721132162293,0.0,7965.354892881263,0.0,31171.257779214662,0.0,33277.03342878974,0.0,48256.40986611843,0.0,48010.79987557909,0.0,22975.715604019595,0.0
5872.334722222222,0.0,176089.40360396737,471557.3299999931,131751.90012746397,48045.31058855162,84833,209560,115670.71568002814,-7322.117317300972,0.0,-13632.690185320243,0.0,8297.648385283403,0.0,31992.71583198778,0.0,34038.922687303304,0.0,49356.77360642791,0.0,49361.66780883262,0.0,23996.48278672245,0.0
5920.335894978106,0.0,184980.997862687,491163.2199999917,136188.00084127957,49386.43875273618,88480,217737,120607.78254330842,-7352.473648787932,0.0,-14066.158362246222,0.0,8800.37831184303,0.0,33329.22468923582,0.0,35994.10630687587,0.0,51504.03408823792,0.0,51633.01406217225,0.0,25138.87241532106,0.0
6040.33,0.0,190438.63769906084,502870.8099999919,138570.18987509748,50360.93642306788,90613,222246,123501.04600278521,-7542.247458714899,0.0,-14401.420853360672,0.0,8995.658934642344,0.0,34226.42320640027,0.0,37012.62944252831,0.0,52791.876569613305,0.0,53237.80642262185,0.0,26117.911435291957,0.0
6088.33,0.0,202506.67810701748,525883.2699999916,142238.74131368744,51683.985916483274,94821,232149,129453.86466282455,-7712.412829294648,0.0,-14629.663730237915,0.0,9631.955858175328,0.0,36451.054962729366,0.0,38413.97782352109,0.0,55470.13174678378,0.0,56521.516815957395,0.0,28360.117459339486,0.0
6208.3325,0.0,207984.592889421,537853.7599999928,144401.8182776765,52779.62804614405,97062,237100,132687.72078677174,-7743.773452453316,0.0,-15009.870673730435,0.0,9852.067361912154,0.0,37196.72167188902,0.0,39467.03050535869,0.0,56774.63560667309,0.0,58235.20087845547,0.0,29212.580991270555,0.0
6256.34,0.0,221163.24337224683,562605.5199999904,148357.9353620783,54169.95064430094,101351,246787,138914.3906213873,-6973.840864159288,0.0,-15070.456424572201,0.0,10509.555462153676,0.0,38869.305353542506,0.0,41587.95026804025,0.0,60273.53588433273,0.0,61093.33513216016,0.0,30873.858560697907,0.0
6376.330555555555,0.0,229090.9381951516,577705.2099999915,151021.42834397953,55123.31938464412,104053,251674,142469.52407623734,-7026.083201015089,0.0,-15372.364583577117,0.0,10944.613610648063,0.0,39944.12756065998,0.0,42767.288161108714,0.0,62384.78877653496,0.0,63392.738319908,0.0,32055.82955083044,0.0
6424.334512057037,0.0,242357.22005842498,605008.3399999933,156808.31644269617,56886.71746953754,108881,260955,148956.08602935282,-6997.280797428448,0.0,-15676.10609097318,0.0,11807.719708610573,0.0,41941.20901249923,0.0,45188.23290457496,0.0,65268.30586190725,0.0,66418.82897779993,0.0,34406.31048137995,0.0
6544.3405555555555,0.0,247348.62450941862,619693.0399999918,161366.74572058013,58563.45097150775,111500,265317,152414.2187985043,-7791.612227431603,0.0,-16726.376145642105,0.0,11889.244967011755,0.0,43034.39345773809,0.0,46209.296477588396,0.0,67050.47603641402,0.0,68086.57923356541,0.0,35596.62271012039,0.0
6592.341944444444,0.0,261966.45850879193,648382.8699999924,166665.88975875016,60158.32208611253,116621,274852,159592.19964635553,-7990.997572374851,0.0,-17002.20754869868,0.0,12840.207658143107,0.0,45422.573874010064,0.0,48654.338075243155,0.0,70400.80611904206,0.0,72007.98236719207,0.0,37633.755536179975,0.0
6711.330555555555,0.0,270094.2949852273,665832.5999999925,170696.79422353616,61499.02439360783,119749,280034,163542.48639763962,-8490.180673361288,0.0,-17515.887323669172,0.0,13491.41256992206,0.0,46734.3276129142,0.0,50087.81245086954,0.0,72395.30168402482,0.0,74278.67632608661,0.0,39112.83233838208,0.0
6759.331666666667,0.0,344707.5564979656,774033.9499999905,184152.97006799054,66845.68430222932,132065,307753,178327.7391318227,-3878.626567312275,0.0,-18844.38628813854,0.0,21453.495802689824,0.0,56060.04467558938,0.0,57965.80531560522,0.0,89975.96960110065,0.0,88433.40971898299,0.0,53541.84423937537,0.0
6879.3325,0.0,376613.77408271225,826936.9599999919,193091.25942067214,70790.39445179031,138699,322161,186441.53204483076,-1204.0008352093926,0.0,-19829.006846048025,0.0,23465.564424775803,0.0,60371.922501191446,0.0,62851.53501782341,0.0,98624.12456559688,0.0,93684.34397385665,0.0,58649.29128064652,0.0
6927.339722222222,0.0,391357.71777190967,857153.5399999965,198576.86641123297,73638.3962187566,143363,331400,193580.55959810974,-1915.3982083864623,0.0,-20169.141263936956,0.0,24897.06108493239,0.0,63020.62317158746,0.0,65844.1915652511,0.0,103413.82129802374,0.0,96195.38549255028,0.0,60071.17463180151,0.0
7047.3533333333335,0.0,402248.75809524936,879914.6499999957,203414.2195801527,75573.79825857333,146755,336843,198677.87406603515,-2381.824557795734,0.0,-20306.54349827414,0.0,26061.399430822818,0.0,64084.96111169642,0.0,67358.90170482089,0.0,107434.73126375934,0.0,98889.82499770305,0.0,61107.30764242706,0.0
7095.354810199789,0.0,415137.7599827077,913526.0699999952,212237.4505228061,79015.75713699019,152420,346322,207135.10235751455,-3827.9585447259747,0.0,-20989.48764323191,0.0,27253.125973955113,0.0,66868.4330212944,0.0,70346.39041684306,0.0,111685.07756897145,0.0,101531.09467258837,0.0,62271.084516911855,0.0
7215.3375,0.0,423312.83967550244,933261.6599999904,217058.90092677006,81028.35106381756,155897,351571,211861.56833392655,-4401.229201642157,0.0,-21254.418525308978,0.0,28159.58978635764,0.0,68143.26744387076,0.0,72015.94164941371,0.0,113862.28010937429,0.0,103573.59950073271,0.0,63213.80891260186,0.0
7263.3388888888885,0.0,438524.4533794753,965735.5599999928,223247.1814931243,83920.2735429391,161531,361571,220043.65158447594,-4926.847625619938,0.0,-21339.06765124697,0.0,30012.219244278775,0.0,70528.05621721613,0.0,74798.21735124773,0.0,118390.66381008769,0.0,106233.98369659207,0.0,64827.22833681354,0.0
7383.336111111111,0.0,447958.60201816336,985820.9099999972,227021.30816525244,85738.2920425158,165001,367307,225102.70777408296,-5342.899232650354,0.0,-21686.38826506668,0.0,31001.03209251329,0.0,71988.64891303807,0.0,76591.83440081951,0.0,121467.76859645313,0.0,108255.13763620317,0.0,65683.46787674325,0.0
7431.336388888889,0.0,463687.5701595387,1015032.1899999988,231205.8797654367,87392.30871032472,170223,377676,232746.43136472473,-5524.446556668458,0.0,-21559.112010162782,0.0,33088.31000138991,0.0,75117.37600406894,0.0,79193.69626054056,0.0,125244.52062226713,0.0,110863.74778986117,0.0,67263.47804812001,0.0
2007.375,0.0,-4218.939279464897,4453.91,6813.531111176327,1129.503713983811,727,10551,729.8144543047528,-1155.9705051754809,0.0,-567.2052713480624,0.0,-615.326869571373,0.0,-254.53451986101462,0.0,-272.09910057312425,0.0,-45.592305644731624,0.0,-499.26096481159567,0.0,-808.9497424795082,0.0
2055.387777777778,0.0,306.89082669614277,2335.1000000000026,1132.2447268285462,459.3888329437633,353,1731,436.57561353154694,-124.80770856481787,0.0,-88.23793621840812,0.0,-46.57240191756714,0.0,189.73098500990227,0.0,148.08967891290982,0.0,241.09840684019454,0.0,17.9111002688686,0.0,-30.321297634939192,0.0
2175.339722222222,0.0,563.9647349553074,3283.6900000000046,1503.1924850084033,558.7135725794585,499,2786,657.8192074568307,-194.3518157883833,0.0,-119.63564826775739,0.0,-54.55908532735665,0.0,266.790024740403,0.0,231.08360846099333,0.0,356.42263478079997,0.0,33.015096039844266,0.0,45.19992031676414,0.0
2223.3416666666667,0.0,2127.246109699523,7178.680000000013,2715.9701696900847,1117.8518103541937,969,6027,1217.6119102562056,-307.6399009403576,0.0,-285.274165259991,0.0,39.84932320423702,0.0,906.3285535906035,0.0,582.9971928024522,0.0,657.6200837101162,0.0,102.8396246394231,0.0,430.52539795302755,0.0
2343.3925,0.0,2819.093042646286,8736.630000000005,3147.7019396837386,1271.7660878437425,1188,7184,1498.068929826241,-331.370955860906,0.0,-297.25436057944876,0.0,110.81311322133394,0.0,1012.3063919146404,0.0,684.6526583870204,0.0,987.9448244049148,0.0,132.82310358776724,0.0,519.1782675709552,0.0
2391.3977777777777,0.0,4330.1996220031515,12907.150000000001,4419.981717396869,1916.1800305897,1791,9736,2240.7886300102928,-427.6005290115133,0.0,-274.34269759282,0.0,279.80942142886744,0.0,1176.695884207178,0.0,851.1811648924206,0.0,1499.1002653103592,0.0,537.294004799289,0.0,688.0621079693553,0.0
2511.3441666666668,0.0,5959.662178468394,16110.63000000001,5054.84307137179,2336.6035060650825,2199,11368,2759.521244094727,-523.8995490019109,0.0,-281.25696073317624,0.0,392.1013571344672,0.0,1311.951697860819,0.0,1117.2429760926261,0.0,2166.1725876183045,0.0,921.7941726374139,0.0,855.555896859854,0.0
2559.364722222222,0.0,7234.183510225046,21028.250000000062,6870.674629266651,2953.214128884549,3160,14985,3970.177731623744,-832.6638675876926,0.0,-415.13573567184005,0.0,494.2880058719348,0.0,1569.482627261552,0.0,1486.8691060123422,0.0,2745.726975673957,0.0,1218.567515812331,0.0,967.0488828524745,0.0
2679.3352777777777,0.0,8043.18073217045,24484.18000000007,8123.051344853102,3431.632729243733,3850,17312,4886.315193732701,-1135.534486584316,0.0,-650.394629033261,0.0,563.4907567408119,0.0,1691.070739113919,0.0,1870.9704820003694,0.0,3259.928767944517,0.0,1415.8759661954914,0.0,1027.7731357929192,0.0
2727.3688888888887,0.0,10789.108628145132,32201.109999999986,10174.00035787731,4237.162751078635,5283,21517,7000.838262898945,-1391.1253286053375,0.0,-808.8581027017829,0.0,812.8520616827448,0.0,2318.5420450014135,0.0,2497.20979928138,0.0,4027.6294914945174,0.0,2028.3309973716096,0.0,1304.5276646205466,0.0
2847.33,0.0,12826.244973598914,37179.020000000084,11301.144136798399,4938.897546131103,6182,24085,8112.7333434715965,-1572.7490175261778,0.0,-861.5096171304433,0.0,883.4540383363385,0.0,2500.5051919531325,0.0,3086.150263874296,0.0,4889.260980419466,0.0,2504.7965115132283,0.0,1396.3366221590663,0.0
2895.3322222222223,0.0,16701.03165354795,46965.01000000005,13831.34235445665,5895.965297137669,7878,29461,10536.670694857803,-1908.9495098033833,0.0,-1011.2050802133107,0.0,994.8983860305854,0.0,3347.2599877262337,0.0,4026.417115745213,0.0,6052.353343300779,0.0,3346.1403004865233,0.0,1854.117110275257,0.0
3015.33,0.0,19007.307413539034,52672.209999999985,15171.58939879119,6467.3478625322705,8987,32325,12025.965325137717,-2061.6516517779573,0.0,-1088.8478058100854,0.0,1125.0176462776562,0.0,3591.6660496675713,0.0,4295.500669470172,0.0,7018.757398077512,0.0,3994.401864466391,0.0,2132.46324316758,0.0
3063.332629735753,0.0,25853.278046342668,67479.68000000004,18896.624625315013,7706.744245152239,11220,39242,15023.03308319031,-2178.420995389543,0.0,-1230.4965201131658,0.0,1552.4692595584836,0.0,5135.397795898472,0.0,5573.3453020175675,0.0,9252.17770739135,0.0,4898.439950670812,0.0,2850.3655463082864,0.0
3183.3580555555554,0.0,27918.798289361974,73220.09000000004,20553.950131314945,8213.086270961985,12242,41969,16534.255308361364,-2451.2478503985267,0.0,-1345.426653611193,0.0,1655.2247720827618,0.0,5520.836082908398,0.0,6225.630799092646,0.0,9953.323133655309,0.0,5399.904674924327,0.0,2960.553330707861,0.0
3231.366616638079,0.0,32282.15869547612,84936.21000000011,23298.805203470543,9649.353575361021,14420,47510,19705.892525692496,-2940.379157499874,0.0,-1475.6795780402167,0.0,2115.914492931168,0.0,6215.157870837575,0.0,7249.909822183446,0.0,11393.70338897858,0.0,6343.168834825605,0.0,3380.363021259439,0.0
3351.3633333333332,0.0,35245.312268784204,92057.8000000002,24926.122010625895,10354.487876388259,15751,50879,21531.877844201674,-3193.2385555700876,0.0,-1727.6455077497583,0.0,2309.9265514734193,0.0,6703.292160018955,0.0,7967.419537122205,0.0,12240.75758413814,0.0,7084.723146874273,0.0,3860.0773524768288,0.0
3399.38,0.0,41076.38203187123,105438.59000000035,27824.10092717679,11552.372625180142,18208,57032,24985.734415771953,-3637.6293310505434,0.0,-1869.0424432588475,0.0,2821.410519666252,0.0,8264.44007719601,0.0,9263.342572136205,0.0,13810.675332981691,0.0,8049.114283273561,0.0,4374.071020926362,0.0
3519.3344444444447,0.0,43064.524042884936,112063.29000000034,29669.960704552235,12397.43346810034,19444,59719,26931.371784462983,-3816.214515350458,0.0,-1963.6827977772068,0.0,2992.5988705667933,0.0,8703.376550184073,0.0,9802.617032264936,0.0,14423.898662324762,0.0,8460.780764068795,0.0,4461.1494766024425,0.0
3567.341819772528,0.0,48353.37975235919,127393.62000000043,34114.367829683455,14543.994646783933,22366,66616,30381.877771173637,-4154.842659921558,0.0,-2597.20675015413,0.0,3534.3695259251585,0.0,9837.58135729003,0.0,10883.487805537961,0.0,16139.38129006527,0.0,9572.520129309818,0.0,5138.0890543057185,0.0
3688.3358333333335,0.0,51242.79387198109,134546.10000000053,35726.83023620819,15319.31191726673,23687,69664,32257.163974544,-4409.417276528655,0.0,-2736.1232495185104,0.0,3800.627131315429,0.0,10215.116873544222,0.0,11318.813692964784,0.0,17367.265018039703,0.0,10336.33512610494,0.0,5350.1765560581525,0.0
3736.337777777778,0.0,61060.74567556575,152109.93000000092,38821.952901851284,16259.0612153535,26526,77710,35968.170207229436,-4488.258599648849,0.0,-2957.4727566911306,0.0,4419.805040406868,0.0,11376.04688028475,0.0,12695.513608185169,0.0,19587.233589125553,0.0,13877.790303033507,0.0,6550.087610868199,0.0
3856.3527777777776,0.0,67329.98148880599,163167.69000000088,40800.279545611564,16910.15410367032,28191,81626,38127.27486191239,-3961.31051335635,0.0,-3053.76809443184,0.0,4872.346711063365,0.0,12147.369058683003,0.0,13227.310126194463,0.0,21228.36820657176,0.0,16030.839241985812,0.0,6838.826752093642,0.0
3904.361388888889,0.0,75619.51915116444,180252.55000000124,44229.96134348491,18160.168458215074,31131,88072,42242.90104713489,-4101.023017537787,0.0,-3199.7378528786076,0.0,5236.336829649032,0.0,13254.223285449974,0.0,14906.689073341082,0.0,23604.950609276315,0.0,18288.829130092214,0.0,7629.251093770601,0.0
4024.343888888889,0.0,78961.78858160747,189059.7300000013,46705.82527216512,19094.6253930627,32740,91095,44297.49075316381,-4062.7935593498305,0.0,-3395.3308993385153,0.0,5345.907836896895,0.0,13751.3010754343,0.0,15478.042966569748,0.0,24659.42630538578,0.0,19371.091536080763,0.0,7814.143319926612,0.0
4072.3479409171077,0.0,79804.09445918216,208452.22000000233,58431.31622334112,21235.484555070696,36118,98308,48981.32476240619,-4759.296265869986,0.0,-4035.33998908715,0.0,5464.123630559792,0.0,15038.461414186053,0.0,16745.253296251558,0.0,25864.35288693262,0.0,18995.05777219341,0.0,6491.481714013451,0.0
4192.331111111111,0.0,76695.76570192406,217948.78000000163,67020.13998802945,22913.728855416484,37809,101887,51319.14545463032,-5961.300871986875,0.0,-5006.761437452171,0.0,5320.26071154407,0.0,15485.765317272118,0.0,16598.021598398813,0.0,25435.841816831846,0.0,18713.682630713512,0.0,6110.255936600236,0.0
4240.349166666667,0.0,81553.3514436839,233674.0100000017,72152.82673370469,24722.054038437465,40784,107781,55245.77778417359,-6520.065678860623,0.0,-5489.151033491125,0.0,5612.41892180033,0.0,16401.280463833176,0.0,17736.752764788158,0.0,26974.076244667547,0.0,20132.381331370976,0.0,6705.658429573484,0.0
4360.354722222222,0.0,84327.56985217732,241147.3900000015,74164.8956556001,25614.75500431057,42236,110744,57040.16948791162,-6578.103100495384,0.0,-5733.176543374824,0.0,5680.183934963951,0.0,16754.772932908178,0.0,18170.02966725512,0.0,27662.45339542415,0.0,21088.825627665632,0.0,7282.583937828065,0.0
4408.36,0.0,92028.39535130639,257309.65000000058,77233.14481723914,27140.541477066545,45400,119171,60907.56835438691,-6308.743102744798,0.0,-6130.224546645091,0.0,5925.774003232997,0.0,18100.865682692962,0.0,19258.605102167014,0.0,29129.21795030642,0.0,23497.69570656753,0.0,8555.204555725062,0.0
4528.345,0.0,95766.14933703945,265810.65000000125,79086.93429900658,27895.32324857419,47052,122913,63062.24311537797,-6222.414199778064,0.0,-6543.89386787077,0.0,6094.408653293227,0.0,18736.51061738313,0.0,19858.84770708668,0.0,29956.936265977823,0.0,24483.791050809145,0.0,9401.963110133916,0.0
4576.345,0.0,102799.09236913417,282385.0999999997,83336.98677370274,29353.421129612394,50182,130115,66895.59972754896,-6253.237945568773,0.0,-6931.247790491331,0.0,6298.042313267804,0.0,19987.595068109466,0.0,21065.223143883813,0.0,31116.56617723295,0.0,26848.024284686617,0.0,10668.12711800878,0.0
4696.332777777778,0.0,105834.13116707774,292181.6799999989,86484.69626041262,30508.573270495224,51979,134090,69354.27930201241,-6397.579129758944,0.0,-7748.686815328991,0.0,6008.298561359383,0.0,20721.382637307182,0.0,21785.177398580734,0.0,32064.46301858157,0.0,28190.779041235477,0.0,11210.296455096184,0.0
4744.334058641975,0.0,112572.01423699816,308174.3299999985,90074.44732976651,31915.111735188482,54845,140746,73612.75669804485,-6219.251798922591,0.0,-8087.630457848214,0.0,6331.307223453319,0.0,21676.909607371057,0.0,22915.353584967044,0.0,33548.364186415245,0.0,29902.499576994393,0.0,12504.462314561772,0.0
4864.354166666667,0.0,115288.48855186706,317262.48999999906,92911.36928121536,33136.25624705968,56432,144049,75926.37591985552,-6207.580919131828,0.0,-8353.468386761446,0.0,6428.570673580779,0.0,22276.22318250358,0.0,23297.144626305693,0.0,34094.01633622343,0.0,30817.946181751704,0.0,12935.636857388867,0.0
4912.360277777778,0.0,118470.82966671715,329238.9699999979,97372.1915835508,34384.24523162504,58623,148801,79011.70351810509,-6292.434842392663,0.0,-8613.012196338625,0.0,6396.235867865796,0.0,22670.77996527826,0.0,23696.65313047822,0.0,34483.633037421336,0.0,32098.475615748222,0.0,14030.499088649529,0.0
5032.3341666666665,0.0,120261.00361763335,336250.48999999685,99889.36026336486,35409.617005375185,59953,151648,80690.50911362508,-6492.7096394800465,0.0,-9077.477005092027,0.0,6296.589653685283,0.0,22924.34786476789,0.0,24032.98702101525,0.0,35017.665397143675,0.0,32973.963367902696,0.0,14585.63695768283,0.0
5080.335555555555,0.0,124155.15732828437,349921.3999999972,104026.60152440099,37265.97201067646,62400,157409,84473.66913663677,-6528.303318187312,0.0,-9669.925093213624,0.0,6338.062687489941,0.0,23511.237043456014,0.0,24846.868705253746,0.0,36329.74079711088,0.0,34076.01389653071,0.0,15251.462609835347,0.0
5200.343611111111,0.0,125887.59991035887,356532.64999999676,106139.26990021566,38117.3901998575,63620,160288,86388.38998956658,-6640.745011411654,0.0,-10334.504552685881,0.0,6249.47924979477,0.0,23753.55061233095,0.0,25288.11305338693,0.0,37052.16279612272,0.0,34814.0770345203,0.0,15705.466728292453,0.0
5248.346666666666,0.0,132878.8352904387,372443.3099999968,109193.06740298968,39921.65217161576,66508,168196,90449.75513495477,-6400.7319220558065,0.0,-10941.030386355837,0.0,6424.659907982481,0.0,24733.07670594822,0.0,26615.81565707238,0.0,38606.76408664018,0.0,36752.99578106985,0.0,17087.285460127234,0.0
5368.332222222222,0.0,135785.987749723,381832.4999999954,112156.95622708618,40903.10107063806,68242,172282,92986.45495255268,-6627.574890447836,0.0,-11683.838067227156,0.0,6210.722048953133,0.0,25232.579482698045,0.0,27329.694865089277,0.0,39658.17921529611,0.0,37876.11848156553,0.0,17790.106613783486,0.0
5416.332777777778,0.0,145662.7345267903,400939.14999999467,115231.17067990155,42214.65812955236,71521,181391,97830.58666375851,-6103.626979649269,0.0,-11779.61296947302,0.0,6582.146427913489,0.0,26535.340438939747,0.0,29221.83120551565,0.0,42072.68826904544,0.0,40199.52746335455,0.0,18934.44067112639,0.0
5536.3388888888885,0.0,149882.32558464547,410199.61999999435,117278.8750096006,42779.374916681925,73308,185636,100259.04448907607,-6246.522846491745,0.0,-12100.234217709569,0.0,6748.963376278827,0.0,27343.113581741094,0.0,29899.068591986506,0.0,43086.5905602546,0.0,41462.96125712394,0.0,19688.385281442726,0.0
5584.340833333334,0.0,158614.40170713092,429323.2399999945,121352.10680215323,44302.53621504685,76919,193501,105054.19527567353,-6277.23519919013,0.0,-12270.557154859738,0.0,6972.420546215064,0.0,28925.10307155953,0.0,31272.25038355748,0.0,45160.453603105314,0.0,43979.61883469305,0.0,20852.347622028756,0.0
5704.329444444445,0.0,163310.20617616206,440844.7599999946,124130.07415773587,45516.393622300806,79037,197436,107888.08604380743,-6541.966761641548,0.0,-12718.025979384029,0.0,7210.358751799991,0.0,29638.590915643363,0.0,32004.119236007893,0.0,46412.39145729899,0.0,45517.69028459451,0.0,21787.048271818978,0.0
5752.336944444444,0.0,172044.28468571065,460164.4899999928,128589.26396893233,46788.0227049775,82651,205293,112742.91864038944,-6670.565628758198,0.0,-12941.721132162293,0.0,7965.354892881263,0.0,31171.257779214662,0.0,33277.03342878974,0.0,48256.40986611843,0.0,48010.79987557909,0.0,22975.715604019595,0.0
5872.334722222222,0.0,176089.40360396737,471557.3299999931,131751.90012746397,48045.31058855162,84833,209560,115670.71568002814,-7322.117317300972,0.0,-13632.690185320243,0.0,8297.648385283403,0.0,31992.71583198778,0.0,34038.922687303304,0.0,49356.77360642791,0.0,49361.66780883262,0.0,23996.48278672245,0.0
5920.335894978106,0.0,184980.997862687,491163.2199999917,136188.00084127957,49386.43875273618,88480,217737,120607.78254330842,-7352.473648787932,0.0,-14066.158362246222,0.0,8800.37831184303,0.0,33329.22468923582,0.0,35994.10630687587,0.0,51504.03408823792,0.0,51633.01406217225,0.0,25138.87241532106,0.0
6040.33,0.0,190438.63769906084,502870.8099999919,138570.18987509748,50360.93642306788,90613,222246,123501.04600278521,-7542.247458714899,0.0,-14401.420853360672,0.0,8995.658934642344,0.0,34226.42320640027,0.0,37012.62944252831,0.0,52791.876569613305,0.0,53237.80642262185,0.0,26117.911435291957,0.0
6088.33,0.0,202506.67810701748,525883.2699999916,142238.74131368744,51683.985916483274,94821,232149,129453.86466282455,-7712.412829294648,0.0,-14629.663730237915,0.0,9631.955858175328,0.0,36451.054962729366,0.0,38413.97782352109,0.0,55470.13174678378,0.0,56521.516815957395,0.0,28360.117459339486,0.0
6208.3325,0.0,207984.592889421,537853.7599999928,144401.8182776765,52779.62804614405,97062,237100,132687.72078677174,-7743.773452453316,0.0,-15009.870673730435,0.0,9852.067361912154,0.0,37196.72167188902,0.0,39467.03050535869,0.0,56774.63560667309,0.0,58235.20087845547,0.0,29212.580991270555,0.0
6256.34,0.0,221163.24337224683,562605.5199999904,148357.9353620783,54169.95064430094,101351,246787,138914.3906213873,-6973.840864159288,0.0,-15070.456424572201,0.0,10509.555462153676,0.0,38869.305353542506,0.0,41587.95026804025,0.0,60273.53588433273,0.0,61093.33513216016,0.0,30873.858560697907,0.0
6376.330555555555,0.0,229090.9381951516,577705.2099999915,151021.42834397953,55123.31938464412,104053,251674,142469.52407623734,-7026.083201015089,0.0,-15372.364583577117,0.0,10944.613610648063,0.0,39944.12756065998,0.0,42767.288161108714,0.0,62384.78877653496,0.0,63392.738319908,0.0,32055.82955083044,0.0
6424.334512057037,0.0,242357.22005842498,605008.3399999933,156808.31644269617,56886.71746953754,108881,260955,148956.08602935282,-6997.280797428448,0.0,-15676.10609097318,0.0,11807.719708610573,0.0,41941.20901249923,0.0,45188.23290457496,0.0,65268.30586190725,0.0,66418.82897779993,0.0,34406.31048137995,0.0
6544.3405555555555,0.0,247348.62450941862,619693.0399999918,161366.74572058013,58563.45097150775,111500,265317,152414.2187985043,-7791.612227431603,0.0,-16726.376145642105,0.0,11889.244967011755,0.0,43034.39345773809,0.0,46209.296477588396,0.0,67050.47603641402,0.0,68086.57923356541,0.0,35596.62271012039,0.0
6592.341944444444,0.0,261966.45850879193,648382.8699999924,166665.88975875016,60158.32208611253,116621,274852,159592.19964635553,-7990.997572374851,0.0,-17002.20754869868,0.0,12840.207658143107,0.0,45422.573874010064,0.0,48654.338075243155,0.0,70400.80611904206,0.0,72007.98236719207,0.0,37633.755536179975,0.0
6711.330555555555,0.0,270094.2949852273,665832.5999999925,170696.79422353616,61499.02439360783,119749,280034,163542.48639763962,-8490.180673361288,0.0,-17515.887323669172,0.0,13491.41256992206,0.0,46734.3276129142,0.0,50087.81245086954,0.0,72395.30168402482,0.0,74278.67632608661,0.0,39112.83233838208,0.0
6759.331666666667,0.0,344707.5564979656,774033.9499999905,184152.97006799054,66845.68430222932,132065,307753,178327.7391318227,-3878.626567312275,0.0,-18844.38628813854,0.0,21453.495802689824,0.0,56060.04467558938,0.0,57965.80531560522,0.0,89975.96960110065,0.0,88433.40971898299,0.0,53541.84423937537,0.0
6879.3325,0.0,376613.77408271225,826936.9599999919,193091.25942067214,70790.39445179031,138699,322161,186441.53204483076,-1204.0008352093926,0.0,-19829.006846048025,0.0,23465.564424775803,0.0,60371.922501191446,0.0,62851.53501782341,0.0,98624.12456559688,0.0,93684.34397385665,0.0,58649.29128064652,0.0
6927.339722222222,0.0,391357.71777190967,857153.5399999965,198576.86641123297,73638.3962187566,143363,331400,193580.55959810974,-1915.3982083864623,0.0,-20169.141263936956,0.0,24897.06108493239,0.0,63020.62317158746,0.0,65844.1915652511,0.0,103413.82129802374,0.0,96195.38549255028,0.0,60071.17463180151,0.0
7047.3533333333335,0.0,402248.75809524936,879914.6499999957,203414.2195801527,75573.79825857333,146755,336843,198677.87406603515,-2381.824557795734,0.0,-20306.54349827414,0.0,26061.399430822818,0.0,64084.96111169642,0.0,67358.90170482089,0.0,107434.73126375934,0.0,98889.82499770305,0.0,61107.30764242706,0.0
7095.354810199789,0.0,415137.7599827077,913526.0699999952,212237.4505228061,79015.75713699019,152420,346322,207135.10235751455,-3827.9585447259747,0.0,-20989.48764323191,0.0,27253.125973955113,0.0,66868.4330212944,0.0,70346.39041684306,0.0,111685.07756897145,0.0,101531.09467258837,0.0,62271.084516911855,0.0
7215.3375,0.0,423312.83967550244,933261.6599999904,217058.90092677006,81028.35106381756,155897,351571,211861.56833392655,-4401.229201642157,0.0,-21254.418525308978,0.0,28159.58978635764,0.0,68143.26744387076,0.0,72015.94164941371,0.0,113862.28010937429,0.0,103573.59950073271,0.0,63213.80891260186,0.0
7263.3388888888885,0.0,438524.4533794753,965735.5599999928,223247.1814931243,83920.2735429391,161531,361571,220043.65158447594,-4926.847625619938,0.0,-21339.06765124697,0.0,30012.219244278775,0.0,70528.05621721613,0.0,74798.21735124773,0.0,118390.66381008769,0.0,106233.98369659207,0.0,64827.22833681354,0.0
7383.336111111111,0.0,447958.60201816336,985820.9099999972,227021.30816525244,85738.2920425158,165001,367307,225102.70777408296,-5342.899232650354,0.0,-21686.38826506668,0.0,31001.03209251329,0.0,71988.64891303807,0.0,76591.83440081951,0.0,121467.76859645313,0.0,108255.13763620317,0.0,65683.46787674325,0.0
7431.336388888889,0.0,463687.5701595387,1015032.1899999988,231205.8797654367,87392.30871032472,170223,377676,232746.43136472473,-5524.446556668458,0.0,-21559.112010162782,0.0,33088.31000138991,0.0,75117.37600406894,0.0,79193.69626054056,0.0,125244.52062226713,0.0,110863.74778986117,0.0,67263.47804812001,0.0
2007.375,0.0,-1279.7992481183915,6972.189999999993,5820.614248127646,1307.140140967859,1030,10551,1124.2348590228626,-968.2861223137107,0.0,-589.7005109476788,0.0,-300.84353861669365,0.0,89.52614416711145,0.0,68.19551370842773,0.0,583.8421558009975,0.0,139.43318691476244,0.0,-301.966076831627,0.0
2031.3766666666668,0.0,473.21370215911304,1550.4000000000005,610.1196122476467,201.71807821439407,228,889,265.3486073788461,-0.7944149220821437,0.0,0.0,0.0,22.982227902686965,0.0,143.51436161390586,0.0,101.80537460734185,0.0,143.06036900125338,0.0,62.08559470530056,0.0,0.5601892507065416,0.0
2055.379362519201,0.0,725.4123204027725,2730.6100000000033,1137.7460537359755,388.68276755408255,404,1731,478.7688583071706,-91.48553260132299,0.0,-39.01305555555359,0.0,30.57790432852548,0.0,215.30902081098156,0.0,163.2505314228614,0.0,303.9383193444437,0.0,133.8613429240094,0.0,8.973789728827034,0.0
2175.339722222222,0.0,1084.9312953243418,4374.900000000003,1877.3527939349347,657.0509318972837,660,2786,755.5649788434422,-208.6319414602782,0.0,-109.46315403527397,0.0,51.24469774061939,0.0,239.3238396300477,0.0,309.04999396070815,0.0,543.3336431069278,0.0,206.50902636690492,0.0,53.565190014682514,0.0
2199.3616666666667,0.0,2203.1880491367156,7061.8300000000045,2573.992562383871,1142.413174372552,972,4896,1142.236214106869,-451.4435176906796,0.0,-161.438521931111,0.0,64.5276468914285,0.0,669.2691242803405,0.0,573.9930131924541,0.0,672.5427877277605,0.0,346.0470106011757,0.0,489.6905060653404,0.0
2223.3825,0.0,2562.718998056962,8348.06000000001,2973.6864985227294,1367.8863954408212,1158,6030,1443.768107979499,-547.0164523044505,0.0,-172.43289178064623,0.0,92.13020717886457,0.0,795.8697765752175,0.0,659.3250517730472,0.0,819.1189919234473,0.0,381.83180726118826,0.0,533.8925074302891,0.0
2343.3925,0.0,3275.5376057166554,10440.130000000012,3776.221058750327,1599.5838071859037,1462,7184,1788.7875283471342,-629.1745973263837,0.0,-221.07299602058367,0.0,181.29555917358766,0.0,941.1651742475271,0.0,669.4085207436704,0.0,1144.0395232290316,0.0,570.6719099084955,0.0,619.2045117613017,0.0
2367.4069444444444,0.0,4659.839142133794,13287.270000000002,4611.051319862843,1806.0057380164353,1838,8451,2210.3737999869504,-652.895424498429,0.0,-200.95493833664855,0.0,352.27230071511815,0.0,1136.1066255396631,0.0,1046.9087695842911,0.0,1507.106378819663,0.0,785.8573899312171,0.0,685.438040378913,0.0
2391.411792929293,0.0,5797.972616103876,16354.149999999996,5703.421333556883,2094.276576038842,2269,9737,2758.4794743004077,-928.7746972445543,0.0,-319.2504297617073,0.0,466.86054318336426,0.0,1275.2408355017315,0.0,1192.9579827687874,0.0,2122.3341899143293,0.0,1150.685726914687,0.0,837.9184648272422,0.0
2511.3441666666668,0.0,7860.28977720799,20712.17999999999,6869.983985165079,2467.6592842923005,2840,11368,3514.246953334632,-1038.436333213388,0.0,-402.6453661352985,0.0,694.1553502303059,0.0,1363.509779937886,0.0,1635.4689402499434,0.0,2829.4798658942836,0.0,1665.2794011897438,0.0,1113.4781390545145,0.0
2535.3591666666666,0.0,8740.087603528777,23460.84,7646.750555361768,2838.3368033577362,3356,13132,4235.665037751772,-1058.481672425478,0.0,-377.73989882567474,0.0,814.678650870543,0.0,1531.0554220335537,0.0,1894.3033782086682,0.0,3035.5486842865344,0.0,1732.8120726724546,0.0,1167.9109667081368,0.0
2559.364722222222,0.0,9610.811600985613,26735.34000000006,8748.167577027185,3307.7446650181714,3958,14985,5068.616156969059,-1255.6741531544706,0.0,-457.3779059048646,0.0,951.022150534287,0.0,1625.2705453302424,0.0,2148.7562677197384,0.0,3471.766754595947,0.0,1918.7181529826678,0.0,1208.3297888820393,0.0
2679.3352777777777,0.0,10982.583438234426,31311.17000000005,10355.96188563439,3791.388588201655,4838,17312,6181.23608792953,-1633.2464223584197,0.0,-668.0527867856965,0.0,1077.4752323936023,0.0,1802.5695175622288,0.0,2588.086722194553,0.0,4183.8156653684955,0.0,2302.799123408486,0.0,1329.1363864511436,0.0
2703.3369444444443,0.0,12637.515434347622,35265.37000000005,11335.685936739228,4099.478373484156,5568,19486,7192.6902554290255,-1675.2484035763036,0.0,-694.1237585980795,0.0,1112.6956823738954,0.0,2112.245689153047,0.0,3030.860853447126,0.0,4725.01455401102,0.0,2638.7414067861628,0.0,1387.3294107506636,0.0
2727.3688888888887,0.0,14005.507171510475,39052.81000000015,12466.836515684177,4413.002125660235,6301,21517,8167.464187145142,-1825.12403742502,0.0,-730.7995919314156,0.0,1180.6287619380303,0.0,2330.7334924441284,0.0,3332.5988523181595,0.0,5217.65293947705,0.0,3030.265975547696,0.0,1469.550779141798,0.0
2847.33,0.0,16321.04042668035,44250.99000000027,13825.196450809115,4860.6185288213455,7253,24085,9244.134593689265,-2076.7715809572446,0.0,-809.2363160254762,0.0,1260.420929079535,0.0,2617.0628880997533,0.0,3879.415915616272,0.0,6120.6115676731,0.0,3758.021898946486,0.0,1571.5151242478148,0.0
2871.33113119201,0.0,18380.027077555933,49475.51000000022,15185.411707103389,5525.065068167181,8145,27210,10385.006147173444,-2423.859597045294,0.0,-976.0299024334344,0.0,1367.1782629101544,0.0,3094.8697559907287,0.0,4273.459760753738,0.0,6910.222654252894,0.0,4119.780405602853,0.0,2014.4057375242255,0.0
2895.3322222222223,0.0,20005.249793004117,54023.52000000024,16527.016376997053,5859.618184558558,9007,29461,11631.6356454403,-2645.3605886779096,0.0,-1049.5057721559217,0.0,1420.0406906895498,0.0,3382.8197023493717,0.0,4814.237558149404,0.0,7296.604864441205,0.0,4549.939455487138,0.0,2236.4738827211454,0.0
3015.33,0.0,22002.591855009454,58829.040000000234,17795.75764998728,6186.62300131736,9977,32325,12844.067493685961,-2755.683501921665,0.0,-1118.3778977284278,0.0,1573.8911550832395,0.0,3645.4117371448438,0.0,5131.410641945146,0.0,8074.187022006034,0.0,5224.53320802845,0.0,2227.219490451681,0.0
3039.336388888889,0.0,26901.560536536028,68164.05000000025,19757.305164095316,6871.320111082852,11295,36621,14633.864188285856,-2771.9852296329873,0.0,-1098.6315335725283,0.0,1875.8340099137984,0.0,4448.863018774565,0.0,6093.080530485795,0.0,9866.046459314468,0.0,5553.099850294551,0.0,2935.25343095829,0.0
3063.340277777778,0.0,29206.93911616124,73902.1800000003,21383.907204745487,7378.293926424825,12243,39242,15933.03975266856,-3225.0560456094154,0.0,-1204.3603270437036,0.0,2036.1516792445236,0.0,5107.207436725876,0.0,6679.9214184929015,0.0,10706.477496995463,0.0,5986.937220883996,0.0,3119.660236471434,0.0
3183.3580555555554,0.0,32164.69720898325,80816.28000000026,23081.065944305366,7970.402027789956,13490,41969,17600.114818921513,-3451.368499195153,0.0,-1242.5722037474582,0.0,2442.3095949720155,0.0,5653.979230261527,0.0,7249.380764010342,0.0,11748.242997108839,0.0,6597.072245602106,0.0,3167.653079970801,0.0
3207.3784776475695,0.0,34227.554041041796,86516.41000000024,24479.829738346478,8738.464680894784,14547,44685,19070.561539717368,-3642.1431618749207,0.0,-1254.2684889246007,0.0,2597.8523771615105,0.0,6001.057350466443,0.0,7780.0975922423195,0.0,12389.306290580384,0.0,7007.49885766612,0.0,3348.1532237240544,0.0
3231.394726874003,0.0,36605.302672793114,92726.92000000026,26207.284090285146,9234.895903935247,15754,47510,20679.437332986956,-3893.5146918934374,0.0,-1279.7205975115776,0.0,2824.7338147162286,0.0,6568.1928034917655,0.0,8272.88528986236,0.0,13049.923995845144,0.0,7638.4561763758775,0.0,3424.345881906294,0.0
3351.3633333333332,0.0,39635.776293761286,99996.91000000034,28133.646149413056,9739.861244784153,17137,50879,22487.62631204146,-4333.774900560576,0.0,-1483.991019505685,0.0,3283.734476129704,0.0,7235.954725624945,0.0,8931.48798483319,0.0,13986.091469694002,0.0,8345.17289757119,0.0,3671.100659974306,0.0
3375.375,0.0,43015.09977470394,106964.04000000058,29394.677315021934,10273.258532103104,18331,54235,24281.004378171037,-4322.518078767767,0.0,-1488.5296335806063,0.0,3556.775194169775,0.0,8093.49260936909,0.0,9635.95508775952,0.0,14954.476096845836,0.0,8846.133739706043,0.0,3739.3147592018513,0.0
3399.38,0.0,45201.291320062555,113245.57000000044,31227.294853645304,10883.282685989663,19514,57032,25933.70114030266,-4658.565125854425,0.0,-1654.020933412593,0.0,3675.188548211327,0.0,8602.748233890978,0.0,10281.769943672452,0.0,15758.738360068663,0.0,9465.27875676017,0.0,3730.153536725487,0.0
3519.3344444444447,0.0,47058.624841067256,119869.53000000016,33717.03493662914,11392.51071991189,20752,59719,27701.359502391922,-4972.367865913999,0.0,-1812.8196460656093,0.0,3808.201710039067,0.0,9000.93760222238,0.0,10672.903022139297,0.0,16774.359543955637,0.0,9762.482948938774,0.0,3824.92752575135,0.0
3543.3364121142217,0.0,49804.399495295576,127320.41000000027,35948.72111785149,12046.779843552486,22218,63370,29520.509543300665,-4945.005271657303,0.0,-1826.462604725457,0.0,3976.995657044645,0.0,9514.305203643147,0.0,11124.305032325894,0.0,17608.495483404033,0.0,10447.615895559582,0.0,3904.15009970097,0.0
3567.3450206611574,0.0,51386.98629236827,134209.37000000043,38464.077413910505,13058.980548296995,23484,66616,31299.325745424496,-5506.355368860475,0.0,-2374.9357222432473,0.0,4155.0616700556275,0.0,9950.940962280434,0.0,11598.364378391028,0.0,18330.81329218459,0.0,11006.039875267941,0.0,4227.057205292118,0.0
3688.3358333333335,0.0,54719.45384568563,141766.43000000052,40322.81779916231,13657.639248942702,24841,69664,33066.51910620988,-5803.865892652107,0.0,-2554.3809457662983,0.0,4438.956398330035,0.0,10283.777888201748,0.0,12291.607949150357,0.0,19709.128166854105,0.0,11762.50581388325,0.0,4591.724467683716,0.0
3712.339404761905,0.0,59161.94495203697,150008.7500000008,41770.89143071739,14149.643223419569,26205,73523,34926.27039382677,-5772.820629979017,0.0,-2672.4998792192237,0.0,4582.365549562229,0.0,11000.947341317094,0.0,13132.145962246752,0.0,21030.074547018605,0.0,12785.118486475138,0.0,5076.613574614036,0.0
3736.343012964094,0.0,64600.77959009265,160120.05000000022,43792.52749803307,14614.704171330879,27717,77711,37112.038740544325,-6189.405341689093,0.0,-2887.954875073732,0.0,4798.4549238835125,0.0,11520.233265437462,0.0,13642.367811856568,0.0,22178.67683495602,0.0,15772.812089452065,0.0,5765.5948812681845,0.0
3856.3527777777776,0.0,71334.03704929573,172126.37000000043,46010.03149829284,15391.053182151241,29480,81626,39391.24827026033,-5443.780916041685,0.0,-3046.052696908337,0.0,5202.957420316123,0.0,12321.949474687724,0.0,14313.27832945271,0.0,23821.26522968205,0.0,18141.42902740278,0.0,6022.991180703144,0.0
3880.3671234856156,0.0,75237.13054327144,180205.80000000022,47580.015118887444,15979.124777845464,30821,84830,41409.52955999602,-5409.569626506289,0.0,-3103.1549653104166,0.0,5387.614964451732,0.0,12814.333748187444,0.0,15256.051916739965,0.0,25201.40236133418,0.0,18871.1171027711,0.0,6219.335041602138,0.0
3904.3693974358976,0.0,79253.5285773587,190129.21000000046,50061.35522549,17056.47489215759,32514,88073,43757.851304993725,-5608.838582026059,0.0,-3269.8941811067184,0.0,5433.667511890919,0.0,13462.384100767356,0.0,15959.019314568715,0.0,26520.9671721406,0.0,19920.967508132017,0.0,6835.255732990525,0.0
4024.343888888889,0.0,81659.51188866523,198618.6100000008,52863.20070361941,18026.109344964843,34071,91095,46069.78806275097,-5720.5520728682095,0.0,-3433.6563299009968,0.0,5518.41887528373,0.0,13987.324148455009,0.0,16598.192597899535,0.0,27414.105430823394,0.0,20649.749066776087,0.0,6645.930172195313,0.0
4048.3502777777776,0.0,84008.50518942635,207130.01000000114,56286.12076524177,18825.945930552647,35621,94387,48009.43811477952,-5735.274635246193,0.0,-3562.8906254146514,0.0,5581.987740054643,0.0,14834.166715448513,0.0,17350.07097341738,0.0,28129.68507088894,0.0,21073.4049937741,0.0,6337.354956502278,0.0
4072.353469900462,0.0,84121.17424370655,217759.97000000157,62781.69676528825,20100.980270916618,37433,98308,50756.1187200885,-6653.388332356324,0.0,-4141.624051106023,0.0,5661.055444216349,0.0,15556.542605185712,0.0,17952.525891806443,0.0,29021.029375229387,0.0,21002.110987903918,0.0,5722.9223228262645,0.0
4192.331111111111,0.0,84550.47920501654,226489.1500000008,67762.07123401196,21250.937071183558,38954,101887,52925.6624897879,-6885.571538343851,0.0,-4439.407431343689,0.0,5767.613775404834,0.0,16144.588550019154,0.0,18149.369573196833,0.0,28652.38105338841,0.0,21181.182869931323,0.0,5980.32235276234,0.0
4216.332222222222,0.0,86969.73953024503,233040.44000000067,69566.18946554352,21931.46953062435,40186,104942,54573.041473587204,-6741.784168562643,0.0,-4520.391931187607,0.0,5846.448138575523,0.0,16593.14834211676,0.0,18573.585977287716,0.0,29344.527220615175,0.0,21557.96369239773,0.0,6316.2422590005335,0.0
4240.349166666667,0.0,89246.63931911076,240323.2800000009,72058.0955887058,22650.20072444625,41581,107781,56368.34436773744,-7105.265915997512,0.0,-4731.036974208155,0.0,5984.264748773092,0.0,16928.195253721988,0.0,19141.23489652956,0.0,30064.602865688474,0.0,22200.425688951185,0.0,6764.218755649737,0.0
4360.354722222222,0.0,92052.00164758548,247438.67000000106,73949.87715522584,23300.513137781465,42901,110744,58136.2780594073,-7161.892910922144,0.0,-4886.283663402881,0.0,6102.535686273406,0.0,17234.539786157962,0.0,19606.286839894925,0.0,30971.96485397917,0.0,22837.17653804669,0.0,7347.674517555581,0.0
4384.355555555556,0.0,95988.80613824468,255068.9700000008,75444.80011911111,23690.507612923764,44368,114838,59944.856129720385,-7062.3698994799215,0.0,-4976.162059705111,0.0,6288.525276959439,0.0,17944.56089883826,0.0,20300.683084445085,0.0,31903.161350523103,0.0,23729.848907121115,0.0,7860.558579539473,0.0
4408.36,0.0,99761.25016066912,263491.4800000003,77304.73414814033,24496.09614598341,45969,119171,61929.39954520684,-7073.576876413495,0.0,-5176.263285968718,0.0,6462.280399302061,0.0,18436.317724511417,0.0,20910.351125900193,0.0,32840.84776884702,0.0,24938.1425050309,0.0,8423.150799455856,0.0
4528.345,0.0,104029.21307129781,273090.68000000116,79568.23332919455,25131.94264438588,47760,122913,64361.29095512133,-6876.58781126156,0.0,-5385.345546220729,0.0,6662.635382781686,0.0,19016.096604395127,0.0,21627.842899853284,0.0,33776.39229105012,0.0,26192.836463338957,0.0,9015.34278735686,0.0
4552.349044596016,0.0,108099.14943270422,281444.6900000013,81340.95350389488,25616.50368750211,49257,126405,66388.08337589906,-6694.679146239379,0.0,-5545.623163541058,0.0,6833.84398127128,0.0,19917.182711722187,0.0,22409.459105426315,0.0,34602.513886884786,0.0,27154.80286310369,0.0,9421.649194071433,0.0
4576.358055555555,0.0,111613.51559046193,290947.01000000146,84145.63141269825,26435.482796999608,51078,130117,68752.38019984114,-6756.951964888729,0.0,-5724.161678018076,0.0,6800.1044637928335,0.0,20507.797919364268,0.0,23025.044539790335,0.0,35097.751466361035,0.0,28560.3724760488,0.0,10103.558368005846,0.0
4696.332777777778,0.0,115672.59162530277,300918.110000001,86683.45233343574,27301.302751359275,52893,134090,71260.76328990408,-6736.724556554993,0.0,-6202.083949653719,0.0,6782.797979998495,0.0,21254.979761012655,0.0,23647.217347404934,0.0,36242.02451329378,0.0,30067.05797249255,0.0,10617.32255730274,0.0
4720.338921356421,0.0,118882.79027220949,308530.83000000083,88519.20739692832,27835.673811756962,54270,137360,73293.15851910764,-6647.2167218818195,0.0,-6314.6874900309485,0.0,7050.664366262537,0.0,21769.658898795453,0.0,24212.046581211336,0.0,36912.10897400345,0.0,31003.963553608304,0.0,10896.252110234289,0.0
4744.341666666666,0.0,121884.86009357261,316714.84000000136,90611.46027043936,28648.150934129826,55757,140748,75570.36870186085,-6636.12769577526,0.0,-6497.35797931081,0.0,7190.7083674339165,0.0,22355.791086724,0.0,24660.51214460336,0.0,37458.81468193225,0.0,31902.372929500503,0.0,11450.146558456607,0.0
4864.354166666667,0.0,124486.16299237467,325533.2800000017,93750.62939725709,29390.60819945025,57319,144049,77905.87941092107,-6668.28420399823,0.0,-6744.333414379078,0.0,7195.743334189274,0.0,22972.758038811742,0.0,25020.568921461025,0.0,37944.88694711312,0.0,32734.71550055405,0.0,12030.10786861438,0.0
4888.354166666667,0.0,125856.64240862973,329993.36000000173,95288.60240982907,29688.590583752306,58124,146146,79159.52459779216,-6548.567738381109,0.0,-6802.288880503776,0.0,7196.9810827218225,0.0,23092.35407331337,0.0,25146.763080480887,0.0,38232.3631338892,0.0,33125.85688046461,0.0,12413.180776636433,0.0
4912.360277777778,0.0,127448.6020548983,336318.96000000153,97453.83144730159,30433.28655582086,59301,148801,80983.23994198236,-6482.475452908373,0.0,-6973.401778650717,0.0,7204.822433976171,0.0,23256.762369590615,0.0,25280.49169391936,0.0,38565.49039362245,0.0,33773.05345310456,0.0,12823.85894223571,0.0
5032.3341666666665,0.0,128668.45731345227,342395.1000000009,99564.06131945501,31417.188515004826,60415,151648,82745.39285209126,-6401.502121165633,0.0,-7574.450986010941,0.0,6969.925578520953,0.0,23411.438247444014,0.0,25473.69790251598,0.0,38955.56845737023,0.0,34528.77094846774,0.0,13305.009286300887,0.0
5056.339166666667,0.0,130937.22949069306,348604.3100000008,101234.88764933264,31984.073673790987,61492,154598,84448.11918618644,-6137.885108352151,0.0,-7836.898449130838,0.0,6915.181622671741,0.0,23615.107634444208,0.0,25869.312647078943,0.0,39634.74842587171,0.0,35249.55868351366,0.0,13628.104034586393,0.0
5080.340639906923,0.0,132983.6236496669,355230.7100000002,103200.52619463872,32568.40437303806,62640,157412,86478.15578265883,-6353.385890613521,0.0,-8113.866885964785,0.0,6913.839041996468,0.0,23968.978724481356,0.0,26330.706030032296,0.0,40255.62090913075,0.0,35830.76942420722,0.0,14150.962296387834,0.0
5200.343611111111,0.0,135106.48895200164,362172.1000000001,105203.98888564955,33379.34842691565,63905,160288,88482.27373543728,-6504.358301644181,0.0,-8389.200260879188,0.0,6827.307883303847,0.0,24210.49785276681,0.0,26833.00513990951,0.0,40992.37865068227,0.0,36509.66152591049,0.0,14627.196461941438,0.0
5224.355738425926,0.0,139410.02613852962,370509.20000000036,106721.16485182919,33850.982629594495,65388,164295,90527.02638005145,-6179.560933001299,0.0,-8465.636533297631,0.0,6920.960942655849,0.0,24646.9680684616,0.0,27813.92970166383,0.0,41853.22434016915,0.0,37618.67663180804,0.0,15201.463920057779,0.0
5248.3648988864425,0.0,142689.1446040723,378943.9500000003,108765.85498633467,34720.36730828684,66906,168199,92768.5831013114,-6244.6347140260805,0.0,-8791.391367011329,0.0,6992.488013306017,0.0,25055.735588060757,0.0,28390.8037234602,0.0,42671.520977016306,0.0,38747.52861646002,0.0,15867.093766792292,0.0
5368.332222222222,0.0,147456.89665788182,389514.7599999985,111191.08138214017,35344.32996417958,68838,172282,95522.45199580489,-6159.464113474562,0.0,-9101.988680417784,0.0,7092.501788969026,0.0,25599.31044399674,0.0,29156.842375474385,0.0,43969.56004521228,0.0,40187.47717012802,0.0,16712.657627977223,0.0
5392.334780298049,0.0,152899.29713548272,399480.79999999754,112473.34757296112,36016.1973972757,70625,177047,98091.95789428693,-5586.391495944389,0.0,-9005.21997756745,0.0,7250.758538207658,0.0,26599.5611454929,0.0,30106.83938625998,0.0,45120.798008336795,0.0,41157.16257841768,0.0,17255.78895226158,0.0
5416.335555555555,0.0,158985.8742680264,410558.84999999765,114133.47049970896,36958.005462406676,72464,181392,100481.4997698649,-5533.482470388892,0.0,-9045.662427349605,0.0,7416.116646792283,0.0,27292.96221691108,0.0,31100.367192574588,0.0,46998.333835996236,0.0,42992.167834910055,0.0,17765.071438560677,0.0
5536.3388888888885,0.0,164139.97699900006,422416.2999999975,117074.7102548804,37751.82341949456,74755,185636,103449.78932663165,-5705.754921557036,0.0,-9369.922837155089,0.0,7812.220179191499,0.0,28256.871659586133,0.0,31938.171953832054,0.0,48291.07727426433,0.0,44594.919317911226,0.0,18322.3943729064,0.0
5560.339731559291,0.0,168954.12663225658,432206.4799999972,119137.72798952412,38201.600534498044,76571,189630,105913.02484372827,-5553.289085619294,0.0,-9368.695652959612,0.0,7975.972433155733,0.0,29051.63092730418,0.0,32859.81023256501,0.0,49526.055957365694,0.0,45673.96335442718,0.0,18788.678465996094,0.0
5584.340833333334,0.0,172968.80368275434,443734.2899999977,122494.2129616684,39330.269161218734,78768,193501,108941.00419436551,-5713.883794782779,0.0,-9800.021224672815,0.0,7952.286786557842,0.0,29863.646611343156,0.0,33616.75424661974,0.0,50532.793778365405,0.0,47032.351713032185,0.0,19484.87556626992,0.0
5704.329444444445,0.0,178116.379497337,455821.8299999972,125735.82158063602,39960.305078020865,81007,197436,112009.32384401465,-6013.1105941021715,0.0,-10156.33993117639,0.0,8180.337933772473,0.0,30766.5728721429,0.0,34648.455443757295,0.0,51972.44400962349,0.0,48364.42036815658,0.0,20353.59939514009,0.0
5728.3325,0.0,182440.62082791099,464454.5799999957,127313.58203601226,40575.42830037458,82627,201320,114124.94883570934,-5818.748838246477,0.0,-10152.490107570084,0.0,8351.87081778477,0.0,31522.074490208033,0.0,35374.23844054355,0.0,52904.83149650406,0.0,49296.567034666456,0.0,20962.27749399876,0.0
5752.336944444444,0.0,186980.17901334388,474626.1299999954,129659.01897768324,41325.884177904685,84535,205293,116661.04783107554,-6070.533241551039,0.0,-10367.229158812324,0.0,8754.568086272015,0.0,32247.310733038434,0.0,36215.87908819401,0.0,54024.26521003666,0.0,50494.39206330401,0.0,21681.526232838754,0.0
5872.334722222222,0.0,192084.2622424465,485409.85999999556,131929.97749497715,42093.804713270845,86631,209560,119301.81554931095,-6170.509972566646,0.0,-10676.171982151824,0.0,9006.881919589125,0.0,32991.03242437675,0.0,37049.847487832216,0.0,55177.38645706185,0.0,52017.30963847901,0.0,22688.486269801997,0.0
5896.341111111111,0.0,196799.7965182197,494659.86999999627,133612.45372735336,42571.42917260133,88333,213794,121676.19058183153,-6079.1515898648295,0.0,-10796.291914816746,0.0,9153.710334035726,0.0,33666.92406609553,0.0,38186.240037235235,0.0,56333.35049528042,0.0,53129.17969935733,0.0,23205.83539087057,0.0
5920.344722222222,0.0,201068.42608357838,504155.9699999957,135384.9153834566,43309.52435010807,90139,217738,124393.10418286266,-6067.238629780419,0.0,-10962.938071729703,0.0,9164.287519248046,0.0,34145.53380392942,0.0,38952.06788341911,0.0,57609.18467338409,0.0,54289.82583136857,0.0,23937.703073710407,0.0
6040.33,0.0,207032.82037683608,516129.88999999536,137714.70961554273,44108.45873148977,92351,222246,127273.90127613672,-6073.455050444158,0.0,-11180.120536276028,0.0,9334.81880699742,0.0,35116.54622341584,0.0,39922.75786345462,0.0,59087.454569602545,0.0,55938.582672120516,0.0,24886.235827934797,0.0
6064.338631239936,0.0,212621.91697376576,526851.9599999964,139564.49306865907,44608.7454166569,94210,226650,130056.80454092399,-5895.432858204357,0.0,-11246.890444838698,0.0,9430.051899544895,0.0,35859.27158305089,0.0,40860.84400004128,0.0,60723.968069798066,0.0,57275.11599434592,0.0,25614.988729994882,0.0
6088.351944444445,0.0,219199.54324973252,540524.7099999967,142174.25383949012,45742.240813260854,96880,232150,133408.67209752137,-6107.040847397964,0.0,-11574.682619718165,0.0,9489.741013813487,0.0,36898.958101186414,0.0,41747.02401498608,0.0,62377.16653682407,0.0,59470.855953438986,0.0,26897.521096564353,0.0
6208.3325,0.0,225594.3347910926,553042.049999998,143988.4875715989,46645.7840716845,99232,237100,136813.44356562587,-5846.455838028907,0.0,-11727.729120021575,0.0,9759.182233562073,0.0,37785.35759469066,0.0,42766.00243613364,0.0,63849.26569398458,0.0,61222.02027104988,0.0,27786.69151968637,0.0
6232.3330667897235,0.0,233225.9441014828,566441.8899999994,145689.96689375088,47552.116612083366,101464,242260,139973.8623926852,-5213.165801217374,0.0,-11790.05219917019,0.0,10037.824464512425,0.0,38845.28841058117,0.0,44218.87576018711,0.0,65724.73891235415,0.0,63027.75708622952,0.0,28374.677467966692,0.0
6256.34,0.0,239332.62893526047,579789.3099999973,148640.8826615208,48485.034983941005,103826,246787,143330.76341928105,-5365.312666922811,0.0,-11906.124302050108,0.0,10355.227073118851,0.0,39727.49870309965,0.0,45461.92412683035,0.0,67234.27992712444,0.0,64562.723334646405,0.0,29262.412739371586,0.0
6376.330555555555,0.0,246865.68666630337,595925.3699999963,152178.72628517938,49574.47218989539,106677,251674,147306.48485862397,-5342.067019489903,0.0,-12209.347788042453,0.0,10565.336781701104,0.0,40559.14309579357,0.0,46615.21108439185,0.0,69371.42950810914,0.0,66989.90857213031,0.0,30316.07243166735,0.0
6400.3375,0.0,253231.59519268444,608051.3899999962,154156.35269151063,50363.849615592706,108736,256254,150299.59250021432,-5127.970420588055,0.0,-12216.939975841036,0.0,10890.151840952412,0.0,41499.12875455459,0.0,47794.88420891222,0.0,70967.35143405737,0.0,68304.37597146421,0.0,31120.613379130373,0.0
2031.3766666666668,0.0,42.6647217231122,1350.8599999999992,620.4694679470592,441.40771020809416,226,889,246.31810012173426,-21.882313863609898,0.0,-13.65791524962026,0.0,-36.761137939849775,0.0,95.6586992103782,0.0,-57.967840919364754,0.0,86.11525159306098,0.0,37.677263014409995,0.0,-46.51728412229231,0.0
2055.387777777778,0.0,309.69589986038716,2453.3999999999996,1130.0346515192598,558.4448721452992,388,1731,455.2245764750537,-79.69898405284191,0.0,-79.71468299747504,0.0,-64.0547854196069,0.0,101.17289572429618,0.0,117.1617207533155,0.0,207.96389823066005,0.0,88.22915973550096,0.0,18.636677886538294,0.0
2079.3172222222224,0.0,959.520969716895,4174.239999999999,1768.77176352044,737.1393128317757,641,2786,708.8079539308924,-89.83375288375267,0.0,-135.27646016823616,0.0,-57.81836251343442,0.0,69.53163066924014,0.0,257.1237812386456,0.0,526.3696455665913,0.0,272.5934809655155,0.0,116.83100684232609,0.0
2199.3616666666667,0.0,2348.2986717271856,7196.219999999997,2468.317477385262,1247.7595641924381,982,4896,1131.844286695121,261.1296665858726,0.0,-181.06071240755327,0.0,-51.72449510116707,0.0,318.6365970414727,0.0,713.4622387651362,0.0,812.6374159829335,0.0,277.99017107080084,0.0,197.22778978968495,0.0
2223.3825,0.0,3015.2276527444797,9007.21999999999,3146.4063883038166,1472.1693288890942,1229,6030,1373.41663006262,216.42911579484036,0.0,-279.3282660339533,0.0,-57.448935607712166,0.0,420.83978639913744,0.0,973.3994725402388,0.0,973.5852303486995,0.0,474.4000098836845,0.0,293.3512394195286,0.0
2247.27,0.0,3686.6962148483663,11346.609999999997,4198.156103670824,1738.6659318360478,1607,7184,1723.091749644759,107.20331650253183,0.0,-412.7865529597392,0.0,-39.57006574411125,0.0,477.75694453303976,0.0,1106.0995972625985,0.0,1306.2490065809748,0.0,695.5425279808052,0.0,446.2014406922609,0.0
2367.4069444444444,0.0,4749.744844878541,13700.179999999982,4871.03521040025,1868.4365276248363,1930,8451,2210.9634170963554,154.23465245338252,0.0,-435.6354425625925,0.0,0.034313854460059634,0.0,617.7822797005894,0.0,1426.3555283937014,0.0,1548.4510743691403,0.0,814.0937289638873,0.0,624.4287097059722,0.0
2391.4119444444445,0.0,5977.761832242383,16697.589999999964,5654.572950474404,2207.9471720174815,2342,9737,2857.3080452657096,156.9421534805522,0.0,-486.1788758040121,0.0,38.092349932218106,0.0,788.8249619443341,0.0,1604.2746645653542,0.0,2040.5952588726952,0.0,1114.1170214360022,0.0,721.0942978152524,0.0
2415.3269444444445,0.0,8341.13676115062,21462.77999999995,6800.248117219446,2735.09852271584,2927,11368,3586.2965989140507,180.42031613866155,0.0,-547.683294881842,0.0,83.04230327497736,0.0,952.7641257292723,0.0,2056.2139680796013,0.0,2968.0078875127483,0.0,1525.5283312648867,0.0,1122.8431240323532,0.0
2535.3591666666666,0.0,9383.585913302748,24191.829999999947,7542.283052449381,3019.8663101222214,3448,13132,4246.094724125624,161.8398301862612,0.0,-566.0571341425052,0.0,119.74819425248155,0.0,1137.0876763336767,0.0,2293.9499550772016,0.0,3340.709023491434,0.0,1648.0373996086735,0.0,1248.2709684955603,0.0
2559.362001633987,0.0,10278.769406975098,27791.51999999997,8853.233664673417,3556.351237821929,4126,14985,5103.165690529557,-5.74441620656176,0.0,-740.9125582852828,0.0,104.2372353798445,0.0,1322.4988318069022,0.0,2493.0061129617293,0.0,3699.955651251941,0.0,1929.503166193209,0.0,1476.22538387333,0.0
2583.3241666666668,0.0,11447.041051504848,32208.24999999998,10699.356766355882,3983.980219550564,4981,17312,6077.871962588746,-381.81987332690363,0.0,-1193.1697857571853,0.0,80.48961337048378,0.0,1565.5680624312008,0.0,2827.8947041387896,0.0,4245.450303958425,0.0,2597.5162302173644,0.0,1705.1117964726461,0.0
2703.3369444444443,0.0,13248.662898088838,36068.39999999999,11546.386937797264,4211.66591366715,5692,19486,7061.684250446804,-349.17929168778704,0.0,-1219.9947664605547,0.0,98.03993785053055,0.0,1845.0441514159997,0.0,3320.8498368178603,0.0,4695.156278955743,0.0,3017.506584559034,0.0,1841.240166637941,0.0
2727.3688888888887,0.0,14378.18019147545,40142.45000000012,12843.707231674696,4737.711860250301,6475,21517,8182.850716599479,-575.9940951282506,0.0,-1349.4223251385702,0.0,141.9603522154261,0.0,2066.275354107809,0.0,3513.014796278329,0.0,5155.000042188074,0.0,3406.4707848719618,0.0,2020.875282080663,0.0
2751.327222222222,0.0,16716.170636697498,45274.110000000255,14113.924269115281,5139.564336825804,7412,24085,9304.450757361283,-723.4446264770049,0.0,-1446.755655489223,0.0,206.32431713474529,0.0,2326.111763902343,0.0,4070.93718951706,0.0,5983.614811812457,0.0,3895.5328453282464,0.0,2403.84999096888,0.0
2871.334119689542,0.0,19145.56449754348,50490.490000000296,15207.099119286835,5672.387590286284,8275,27210,10465.438792883118,-537.5021572963855,0.0,-1475.5632998522053,0.0,259.2513307812906,0.0,2937.5984996432016,0.0,4480.77622146078,0.0,6489.534707579133,0.0,4544.949893955324,0.0,2446.519301272465,0.0
2895.349166666667,0.0,20064.97060995969,55613.620000000345,16941.496082623053,6769.003243460711,9229,29462,11838.15006395636,-1100.227029300641,0.0,-1864.6167809950527,0.0,197.25296147221286,0.0,3164.9280989738336,0.0,4938.820605692201,0.0,6935.641715803893,0.0,5052.415052963086,0.0,2740.755985350231,0.0
2919.3269444444445,0.0,22076.55252707907,60973.680000000306,18452.324932918553,7203.393038959648,10301,32325,13241.409501042694,-1177.0079551045988,0.0,-2103.587975561183,0.0,258.17103823108033,0.0,3442.146785830307,0.0,5162.778889221132,0.0,7482.257432230377,0.0,5855.331129679749,0.0,3156.4631825521437,0.0
3039.336388888889,0.0,26982.321058545465,69928.6800000002,20108.052655791224,7786.0537846107,11588,36621,15052.252501052544,-582.2332456992793,0.0,-2202.352861303768,0.0,538.5106403369035,0.0,4268.6981059196905,0.0,5983.072809465315,0.0,9291.102279292125,0.0,6334.869899127937,0.0,3350.653431406541,0.0
3063.340277777778,0.0,29418.606909721617,75533.9300000002,21474.14426211312,8150.771698217716,12559,39242,16490.407129947533,-743.5836742966421,0.0,-2338.23722212331,0.0,632.1286326551578,0.0,4665.951962954987,0.0,6379.236537006779,0.0,10009.833430567765,0.0,7148.344687957151,0.0,3664.9325549996815,0.0
3087.329166666667,0.0,31685.712646702894,82057.89000000014,23197.605435780668,8944.940735915638,13745,41969,18229.631181600787,-985.858378285233,0.0,-2548.1946688714243,0.0,751.9074810978834,0.0,5044.9276427650575,0.0,7043.021853607808,0.0,10617.434925456939,0.0,7882.206645789586,0.0,3880.2671451421293,0.0
3207.3730840943686,0.0,34232.4685137454,88136.25000000006,24737.831991762814,9470.945623668402,14875,44685,19695.003870823693,-889.764190402099,0.0,-2572.715498132618,0.0,846.2109982772766,0.0,5544.631465565581,0.0,7454.0663712088635,0.0,11358.821890952971,0.0,8479.206241365648,0.0,4012.011234909317,0.0
3231.394385830785,0.0,36871.105694533486,94458.49999999987,26411.088727897375,9852.530887246721,16087,47510,21323.774690323116,-985.8043304148049,0.0,-2724.9524475154076,0.0,977.477723998059,0.0,5908.587722500194,0.0,7967.160188746112,0.0,12105.680259656321,0.0,9283.690712959544,0.0,4339.265864602639,0.0
3255.325277777778,0.0,39469.61161475744,101158.56999999995,28159.993376444872,10357.618520733351,17359,50879,23171.346488064843,-1208.956953107943,0.0,-3102.300652547289,0.0,1109.2774734442764,0.0,6439.743566030535,0.0,8400.256863996192,0.0,12897.694378533832,0.0,10118.545763478254,0.0,4815.3511749288955,0.0
3375.370790741872,0.0,43564.16313991076,108967.44000000026,29674.234286067538,10690.951428527473,18734,54235,25038.091145494825,-1109.9343388444063,0.0,-3174.2415566936384,0.0,1227.002506586402,0.0,7313.5648751985,0.0,9454.293777224686,0.0,13888.671227760977,0.0,10892.696648048262,0.0,5072.110000629258,0.0
3399.38,0.0,46239.206267714464,115671.84000000026,31460.76269399087,11165.540532751209,19967,57032,26806.330505544214,-1254.6812282996207,0.0,-3348.6295452237086,0.0,1281.2503467255237,0.0,7805.153590289988,0.0,9961.136318143095,0.0,14738.176240079185,0.0,11697.842956885186,0.0,5358.957589113744,0.0
3423.3275,0.0,48707.04114992343,122629.62000000017,33574.45857348167,11705.552922715473,21272,59719,28642.56735388053,-1370.8168837935057,0.0,-3490.123272806758,0.0,1370.3899244653853,0.0,8277.529048276785,0.0,10380.088302511327,0.0,15565.780132009739,0.0,12325.540654697754,0.0,5648.65324456131,0.0
3543.339369182016,0.0,51620.046796384035,129772.03000000033,35339.323128790646,12338.54729367689,22678,63370,30474.112781149324,-1192.7312884585235,0.0,-3528.44469073678,0.0,1470.1914642354886,0.0,8609.405035875352,0.0,10915.941536210663,0.0,16247.6078900407,0.0,13136.632243655698,0.0,5961.444605559946,0.0
3567.342282828283,0.0,53610.18420594547,136150.43000000008,37419.936115387885,12964.001612849243,23847,66616,32156.30806581833,-982.4084183923136,0.0,-4019.2063102524544,0.0,1482.872052809939,0.0,8836.407998763816,0.0,11443.992452825098,0.0,16815.608470757015,0.0,13691.09057078425,0.0,6341.82738864828,0.0
3591.3283333333334,0.0,57066.23186920475,143504.02000000005,39102.13773209094,13402.731624460557,25191,69664,33932.91877424474,-1068.4355516464864,0.0,-4187.070448177705,0.0,1626.5192791800614,0.0,9256.515817354832,0.0,11941.325820085704,0.0,17762.047061239962,0.0,14688.323393323062,0.0,7047.006497843313,0.0
3712.339404761905,0.0,61773.11547601718,152438.25999999983,40531.9583074525,13965.319509411856,26707,73523,36167.86670711967,-969.7475773373903,0.0,-4197.583120359232,0.0,1697.6922818996286,0.0,9840.911512143291,0.0,12938.70325447701,0.0,18928.274428357705,0.0,15821.947735385651,0.0,7712.916961448146,0.0
3736.343012964094,0.0,67722.20138437304,162809.06999999957,42287.79937985535,14635.154736564431,28279,77711,38163.91449920909,-954.1795966035787,0.0,-4450.999356278025,0.0,1806.7046368980527,0.0,10498.528640648146,0.0,13458.430996684265,0.0,19724.625135356782,0.0,18516.31273232051,0.0,9122.778195343722,0.0
3759.3208775252524,0.0,74948.70528480393,175062.65999999948,44525.98302403172,15166.72151611042,30126,81626,40421.25017505601,-412.4350220621373,0.0,-4116.027008954183,0.0,1933.081876520746,0.0,11411.337554595726,0.0,14069.487545587042,0.0,20793.41165530708,0.0,21249.070705558956,0.0,10020.777978246873,0.0
3880.381388888889,0.0,79340.2920085861,183709.61999999944,46090.968769067855,15838.445380556734,31535,84830,42439.91384179184,-364.16301171527937,0.0,-4117.970819080126,0.0,2063.8918195370857,0.0,11968.289060414163,0.0,14829.537041869822,0.0,21950.324092327945,0.0,22549.89535937544,0.0,10460.48846585273,0.0
3904.3819444444443,0.0,83267.7111717137,192943.9299999996,48362.2198595594,16791.516541067125,33111,88074,44522.48242766236,-430.83103670605703,0.0,-4284.292514274595,0.0,1966.3958815005226,0.0,12476.146592383915,0.0,15306.655437067022,0.0,22978.851080995937,0.0,24125.919651882614,0.0,11128.866078860112,0.0
3927.3283333333334,0.0,86086.48496504647,201733.2999999993,50963.92085827725,17932.519129678556,34726,91095,46750.37504700053,-472.2221930426468,0.0,-4763.7203231516005,0.0,1881.5514668634696,0.0,12916.057566879013,0.0,15913.184711581647,0.0,23738.635001988758,0.0,25254.853820295524,0.0,11618.144913627646,0.0
4048.339722222222,0.0,88384.99726922705,209381.33999999965,53663.56301247886,18576.654896199114,36133,94386,48756.12482209928,-420.29968965949325,0.0,-4803.14469265717,0.0,1904.1821257529957,0.0,13389.252313290763,0.0,16623.1270707631,0.0,24263.96023812351,0.0,25953.346880843696,0.0,11474.573022763592,0.0
4072.3433197577274,0.0,89558.65955103122,219450.6000000001,59243.073965043666,19401.586591275773,37829,98308,51247.27989265408,-536.1389406905191,0.0,-5034.790127547309,0.0,1828.3159687232856,0.0,14007.193914139993,0.0,17146.438558176567,0.0,25207.1050262346,0.0,25980.4617927308,0.0,10960.073359257498,0.0
4095.325277777778,0.0,89423.13528134141,228805.15999999928,64992.95901552463,20824.092660309103,39495,101887,53564.97304282946,-630.1677463262736,0.0,-5551.259043655859,0.0,1555.7921576005124,0.0,14499.279090734306,0.0,17533.40392845591,0.0,25235.136056339885,0.0,25784.252412214923,0.0,10996.69842597179,0.0
4216.332222222222,0.0,92116.66442761046,235670.34999999928,67059.95553850144,21240.441588194753,40793,104942,55253.28844569794,-468.44542844994027,0.0,-5629.030309290486,0.0,1552.2706328186277,0.0,15046.774951371182,0.0,17906.656078435328,0.0,25764.080388629325,0.0,26657.870611476665,0.0,11286.487502613818,0.0
4240.349166666667,0.0,94064.98579596575,242710.98999999944,69636.57634336973,21962.790017212643,42173,107781,57046.63784345651,-529.1837602691581,0.0,-5976.030516245052,0.0,1413.2993882454962,0.0,15494.907460932016,0.0,18268.554735317022,0.0,26239.834965175913,0.0,27473.46879974295,0.0,11680.134723060073,0.0
4263.323777386542,0.0,96186.12700110409,249484.75999999893,71598.13245619385,22918.150829819584,43472,110744,58782.34971288758,-398.548925714226,0.0,-6396.117883157542,0.0,1270.1427269446629,0.0,15855.083959663067,0.0,18443.89002761153,0.0,26738.873113200527,0.0,28369.30440188161,0.0,12303.499580667263,0.0
4384.349401852984,0.0,100054.79710557527,256934.87999999945,72759.03666166076,23480.602036340715,44913,114837,60640.44419642797,-125.31385341765136,0.0,-6472.515192801424,0.0,1274.1592855650547,0.0,16628.727861157524,0.0,18931.72466716353,0.0,27375.085665419072,0.0,29401.01752744074,0.0,13041.911145040884,0.0
4408.350833333333,0.0,103886.94127263568,265132.6999999998,74385.58528101866,24159.590778901016,46498,119169,62700.58266744889,305.82810820490386,0.0,-6700.5729917225235,0.0,1263.9597393460876,0.0,17261.610148331903,0.0,19530.33382286567,0.0,28061.560189633256,0.0,30510.819973407728,0.0,13653.402282560448,0.0
4431.325595813204,0.0,108096.23534412714,274255.1200000006,76699.56489016849,24552.50223934826,48263,122913,64906.81752635994,542.7964870435567,0.0,-7049.897372197194,0.0,1289.7802641980086,0.0,17824.30206377281,0.0,20274.197557019917,0.0,28821.81658389563,0.0,31944.27224563116,0.0,14448.967514754939,0.0
4552.3358333333335,0.0,111601.48650202277,281857.73000000074,78221.5110964283,25038.401977789017,49644,126403,66996.33042376387,736.4210532068962,0.0,-7020.869495045934,0.0,1293.3451779519814,0.0,18291.41905765485,0.0,20999.886250942218,0.0,29410.76076448883,0.0,32996.18800717324,0.0,14894.335685642194,0.0
4576.336111111111,0.0,114971.76703396217,290338.450000001,80451.35518080503,25771.741831152485,51274,130112,69143.58595408399,987.5022107744504,0.0,-7230.484596176278,0.0,1225.5680791127866,0.0,18836.736602694644,0.0,21411.12757133766,0.0,29896.975800662283,0.0,34019.20495654929,0.0,15825.136408999046,0.0
4599.3227543036,0.0,119464.18174306395,300084.4400000006,82153.90210937071,26681.057673071708,53029,134090,71785.2984744979,1265.8285852648298,0.0,-7391.645539552336,0.0,1277.6385836018362,0.0,19226.944256483683,0.0,22259.69953329495,0.0,30687.14686899979,0.0,35486.180212692845,0.0,16652.389242269008,0.0
4720.338921356421,0.0,122505.59892496631,307581.7600000007,83945.73286137928,27280.283439384406,54368,137360,73850.14477427455,1403.387778645358,0.0,-7483.119015124302,0.0,1302.0039718806195,0.0,19626.34302750571,0.0,22710.847187384934,0.0,31248.928408262924,0.0,36333.35305024497,0.0,17363.854516156014,0.0
4744.34110209514,0.0,125581.45165674784,316480.99000000104,86283.03214534138,28436.06571494414,55969,140748,76180.44048297197,1703.007931162785,0.0,-7663.442463187096,0.0,1125.7162711053102,0.0,20124.1028599118,0.0,23035.679587911043,0.0,31830.527603832954,0.0,37355.621068932975,0.0,18070.23879706694,0.0
4767.329166666666,0.0,128256.72007565416,324870.86000000144,88918.42668321931,29449.384539895305,57453,144049,78246.32870123583,1903.5880000246357,0.0,-7781.87921177665,0.0,1071.7316943778817,0.0,20349.324592669167,0.0,23291.827036655504,0.0,32302.82506401555,0.0,38446.328366461414,0.0,18672.974533215576,0.0
4888.354166666667,0.0,129474.32833745882,329293.6600000018,90537.86813346525,29805.03816424766,58243,146146,79476.42536483314,2106.5196119820794,0.0,-7797.091606356953,0.0,967.1139652939008,0.0,20393.214279982116,0.0,23362.670495996637,0.0,32411.237884007074,0.0,38803.56652441558,0.0,19227.097182126916,0.0
4912.360277777778,0.0,131033.20566298079,335410.5700000016,92603.99723839866,30507.54159263059,59363,148801,81265.8255059942,2257.2314930117814,0.0,-8015.2421916172425,0.0,906.1520847033833,0.0,20540.94277768357,0.0,23485.024003245573,0.0,32656.66910031011,0.0,39398.0912829787,0.0,19804.337112654142,0.0
4935.328888888889,0.0,132693.33172349323,342179.6800000013,94907.7672664561,31491.5742083223,60633,151648,83087.00680173254,2531.87806069265,0.0,-8329.60131525111,0.0,457.0027875089067,0.0,20502.304220910286,0.0,23778.99032688353,0.0,33025.684847883786,0.0,40180.6154435321,0.0,20546.45735132195,0.0
5056.339166666667,0.0,134775.77003482517,348119.480000001,96407.24008457623,32086.519561707086,61649,154598,84849.95031889612,2953.66196197175,0.0,-8503.325936665338,0.0,382.76493994949163,0.0,20664.787861252385,0.0,24256.459745281543,0.0,33568.92715763042,0.0,40469.04528809406,0.0,20983.4490172985,0.0
5080.340301282052,0.0,136725.01222108616,355101.5100000007,98689.84053003447,32890.11884050926,62863,157412,86796.5384083745,3034.166340101441,0.0,-8889.19192880011,0.0,113.5259192068673,0.0,20821.647160770193,0.0,24724.697937027522,0.0,34237.38057801781,0.0,41185.65731159604,0.0,21497.128903153738,0.0
5103.326666666667,0.0,139284.64568272466,362546.9100000005,100948.61901562852,33358.694223983824,64204,160288,88954.95107766773,3163.6595490322748,0.0,-9445.935472807752,0.0,88.3889434523146,0.0,21190.883970096875,0.0,25264.364265117165,0.0,34793.49799303689,0.0,42142.01393547297,0.0,22087.772499310446,0.0
5224.3366520467835,0.0,143257.59835439498,370551.2000000001,102490.72761450364,33784.84913141429,65667,164294,91018.02489969239,3543.454251931349,0.0,-9522.159433059056,0.0,74.15884086485745,0.0,21683.783948499058,0.0,25881.978594060613,0.0,35536.817668938595,0.0,43299.59397609464,0.0,22759.97050705035,0.0
5248.346666666666,0.0,147134.4265986256,379240.37000000034,104269.77165057909,34501.02839941611,67234,168196,93335.14335138531,3866.5968452416073,0.0,-9705.202005581174,0.0,69.50471802393736,0.0,22050.20942294702,0.0,26512.615902723242,0.0,36330.48006747061,0.0,44471.957021900016,0.0,23538.26462588356,0.0
5271.327777777778,0.0,151523.37544142918,389913.0499999987,107304.87517139858,34941.258575381085,69160,172282,96143.54081180054,4143.157368073572,0.0,-10019.152194313796,0.0,-116.40348779734862,0.0,22353.653527737944,0.0,27433.595871401703,0.0,37484.376802711326,0.0,45823.12920683911,0.0,24421.018346757402,0.0
5392.334780298049,0.0,156287.1137765289,398723.76999999816,108661.60304001717,35462.46183225286,70789,177047,98312.59135120978,4733.8817912621635,0.0,-9816.2776345773,0.0,-6.094776833135993,0.0,22871.17650957047,0.0,28092.825114899057,0.0,38308.17542427475,0.0,47014.101826615384,0.0,25089.32552129719,0.0
5416.335555555555,0.0,162556.98372564063,409659.5999999989,110462.13170954766,35941.35260465656,72637,181392,100699.1319601644,4860.044099632225,0.0,-10017.881517644595,0.0,74.5396311177987,0.0,23585.105911323095,0.0,28835.224646727613,0.0,39646.521013412064,0.0,49231.468047999304,0.0,26341.961893051666,0.0
5439.329166666666,0.0,167929.80042988964,420665.4399999987,112816.29599248359,36615.85271658868,74752,185636,103303.49086104803,5002.1296682317825,0.0,-10459.407927070128,0.0,68.58322929626448,0.0,24794.765111780544,0.0,29560.558954904052,0.0,40811.59289994135,0.0,50839.947791150895,0.0,27311.630701631813,0.0
5560.3422222222225,0.0,172442.1156635121,430847.8799999976,115002.14605939572,37276.30743233374,76691,189630,106127.31084476794,5168.545298012186,0.0,-10490.931869153497,0.0,93.37624418673441,0.0,25469.74854298079,0.0,30375.029444238742,0.0,41888.95754799038,0.0,51953.086062090064,0.0,27984.30439314351,0.0
5584.371666666667,0.0,176831.2767572008,441840.38999999716,118010.65441809017,38195.83919926474,78780,193502,108802.6196254541,5264.084314651213,0.0,-10897.33953516844,0.0,13.21363504387594,0.0,26173.472073178044,0.0,30965.06930652762,0.0,42639.6217547709,0.0,53567.49375632511,0.0,29105.66145184889,0.0
5607.3261111111115,0.0,182115.30349383113,453185.88999999675,120742.27558383586,38728.65266548784,80903,197436,111599.6582568544,5404.947464168546,0.0,-11202.471993963092,0.0,28.419811982204713,0.0,27077.377254505107,0.0,31741.447896996524,0.0,43809.43978355084,0.0,55105.58825248406,0.0,30150.555024083867,0.0
5728.3325,0.0,186565.59328632004,462324.0299999956,122429.20546144957,39461.46350434049,82597,201320,113867.76774789921,5797.185242965936,0.0,-11213.911225227328,0.0,207.13332808224567,0.0,27910.428639200083,0.0,32435.1757935774,0.0,44508.6630600816,0.0,56207.83145782099,0.0,30713.08698979504,0.0
5752.336944444444,0.0,191075.54526555148,472522.96999999485,124822.3931027019,40150.53559926051,84536,205293,116474.49603249728,5937.250954965952,0.0,-11637.496051012347,0.0,352.44973053539076,0.0,28786.586915893695,0.0,33035.6623433095,0.0,45487.83127632309,0.0,57478.543189256554,0.0,31634.716906253103,0.0
5775.328888888889,0.0,195520.41181689053,483231.7999999949,127439.2949940866,40966.590275417795,86642,209560,119305.50291361703,5987.457748317611,0.0,-12205.262105624615,0.0,128.77023667368613,0.0,29536.00956938717,0.0,33812.68798189394,0.0,46636.199208499915,0.0,58766.05295245631,0.0,32858.496225257935,0.0
5896.341111111111,0.0,199771.38088256717,491987.6699999949,128867.3135477734,41535.14302948069,88277,213794,121813.83254019127,6098.083770564777,0.0,-12170.863479779367,0.0,162.67219316310397,0.0,30150.927463174714,0.0,34628.59178496566,0.0,47378.849175241645,0.0,60061.4724280611,0.0,33461.647547144734,0.0
5920.344722222222,0.0,203320.91332539293,500238.3599999955,130847.72291019901,42082.383538075934,89874,217738,123987.34022634622,6235.954885053186,0.0,-12629.778253790988,0.0,149.464942424871,0.0,30397.705581245846,0.0,35346.640065877546,0.0,48288.02085247447,0.0,61233.80371599996,0.0,34299.101536075395,0.0
5943.327894894895,0.0,209005.3857725953,511961.6199999951,133155.35255189837,42693.262937277716,92074,222246,127107.61873824167,6361.524669932338,0.0,-12841.957682720911,0.0,243.80121382692414,0.0,31057.761431456765,0.0,36088.67901893202,0.0,49658.919033042315,0.0,62878.875104764455,0.0,35557.782983328616,0.0
6064.330379353233,0.0,214502.27326765118,522868.879999995,134898.42483158916,43368.654415234356,93947,226650,130099.52748553631,6522.014585122149,0.0,-12873.40148454183,0.0,442.23249868503495,0.0,31799.78523741616,0.0,36994.655078969,0.0,50793.048687833994,0.0,64497.80676397814,0.0,36326.13190015453,0.0
6088.33520251535,0.0,221504.93700037594,536111.899999995,137338.9112729419,44013.37842429811,96515,232150,133254.67330239678,6808.810893960493,0.0,-13103.2470871182,0.0,464.667308237353,0.0,32355.529914918727,0.0,37836.04414136873,0.0,52031.64344875006,0.0,66890.29670586047,0.0,38221.19167436072,0.0
6111.325833333333,0.0,228467.76871937985,549754.0099999963,139673.64909219925,44816.41438360811,99047,237100,136796.17780482583,7150.785378786926,0.0,-13248.866928459807,0.0,515.2566552735447,0.0,33000.70926316649,0.0,38994.4164945303,0.0,53569.192821068056,0.0,69155.85029157724,0.0,39330.42474339741,0.0
6232.333333333333,0.0,234842.95068549883,561443.9999999969,141326.28374947282,45405.454998778354,101008,242260,139869.31056626354,7810.850507013683,0.0,-13293.661107386724,0.0,554.9108396084308,0.0,33543.287655304644,0.0,40161.4788485281,0.0,55164.90009923182,0.0,70741.56073072954,0.0,40159.62311242663,0.0
6256.337288259374,0.0,240899.26712544393,574132.7199999945,143919.4811748905,46244.420175856285,103238,246787,143069.55152382137,7873.649172619191,0.0,-13634.57731552196,0.0,790.5664942863284,0.0,34333.197172480504,0.0,41069.65207259011,0.0,56718.297352586276,0.0,72463.9159523671,0.0,41284.56622399258,0.0
6279.3275,0.0,248414.0416804081,590182.2599999923,147189.15474675197,47359.175621877446,106098,251674,147219.8879509742,7871.52131153026,0.0,-14117.500465216583,0.0,874.4043769105906,0.0,35476.26778410256,0.0,42019.42262432906,0.0,58387.82621043865,0.0,74899.62928578476,0.0,43002.470552483224,0.0
6400.333095950305,0.0,255000.6733709953,603003.9899999928,149248.54158010607,48337.88712622656,108283,256254,150416.88792268132,8190.793569531973,0.0,-14186.110373545047,0.0,982.3589569911186,0.0,36487.847247046106,0.0,43169.93168255279,0.0,59772.62406408515,0.0,76581.07488163922,0.0,44002.15334264888,0.0
6424.33371001879,0.0,261416.00900373756,617206.0399999928,152191.93081054869,49350.8127398711,110834,260955,154247.28744585082,8498.463507123919,0.0,-14469.973028179753,0.0,1059.1310113211123,0.0,37197.50345968796,0.0,44182.040424797924,0.0,60922.713148930896,0.0,78608.81696574151,0.0,45417.313514266825,0.0
6447.328611111111,0.0,268126.11549575336,632185.8199999892,155659.42782360618,50390.65437000327,113476,265317,158009.6223106472,8893.94984915019,0.0,-14754.686187588015,0.0,1028.7335314008421,0.0,37866.10311793449,0.0,45288.90750677156,0.0,62435.889712243385,0.0,80741.56565162438,0.0,46625.652314166386,0.0
6568.343611111111,0.0,274959.8865242517,646337.4299999898,158296.1482398077,51170.06531500784,115963,269918,161911.32992094263,9255.322064610653,0.0,-14874.173887964149,0.0,1205.549709217739,0.0,39360.25598044429,0.0,46401.76928381464,0.0,63842.389874659144,0.0,82235.0650619998,0.0,47533.70843741814,0.0
6592.3543150885835,0.0,281751.3067175364,661202.6599999899,161466.34659537312,52201.14774307137,118566,274853,165783.85894403065,9493.668669001732,0.0,-15587.455771554798,0.0,1212.8536349854016,0.0,40254.33172308391,0.0,47552.025931696546,0.0,65033.97645960885,0.0,84694.88925095479,0.0,49097.01681970205,0.0
6615.321111111111,0.0,289855.1914179697,677166.6799999871,164686.9086205049,53152.52190173848,121445,280034,169472.05805979978,9822.382582334347,0.0,-16137.850630107774,0.0,1255.2547106670056,0.0,41400.71838639573,0.0,49096.3911364037,0.0,66691.18402115397,0.0,86677.23188441338,0.0,51049.87932664783,0.0
6735.330345804989,0.0,328299.9918599271,727815.7599999876,168333.14637392494,54874.61268359862,126947,294006,176308.00908255792,14018.616013849427,0.0,-15846.017779670512,0.0,2551.6158092281707,0.0,48478.83761724567,0.0,52431.89749361587,0.0,73187.58425504512,0.0,95643.8781322959,0.0,57833.58031825369,0.0
6759.331666666667,0.0,361208.48416113487,776870.3799999902,174614.685896518,57226.19018364049,133005,307753,183821.0197587145,18088.32918362054,0.0,-16650.530999401126,0.0,3027.302134010142,0.0,53225.367950185384,0.0,56332.304206708206,0.0,79403.98892462153,0.0,104377.43843529126,0.0,63404.284326029825,0.0
6783.327914344906,0.0,398818.45499966515,836854.6099999902,181766.3883111491,62420.21891012392,140561,322161,193849.54777907755,24311.63892912912,0.0,-16506.107625264412,0.0,2380.5478915055533,0.0,57407.35658672557,0.0,62024.74739404322,0.0,88201.03848526283,0.0,112219.53029045048,0.0,68779.70304772852,0.0
6903.331173835126,0.0,407878.3331663621,856073.3899999904,185822.27559327357,63981.13183443218,143439,327160,198391.6494059472,24630.939829971056,0.0,-16400.77048343861,0.0,2439.582933305291,0.0,59055.11568807264,0.0,64085.97535448053,0.0,91374.28396411726,0.0,113602.0836849347,0.0,69091.12219483349,0.0
6927.331388888889,0.0,410358.49635585485,875484.6099999916,195845.59925760303,66252.7598666401,146563,331399,203027.75451991463,23704.088717304832,0.0,-17794.35037483628,0.0,2006.0587701720926,0.0,59907.51664844449,0.0,64958.82199654041,0.0,92782.04728503391,0.0,115138.62914422045,0.0,69655.68416889067,0.0
6951.327889849173,0.0,418565.1902927324,900274.1399999909,204252.1144626461,68693.4977555667,150267,336843,208763.33748906868,22722.091749651274,0.0,-18961.581297779267,0.0,1972.0310257232584,0.0,60866.66153612211,0.0,66075.87290070236,0.0,95407.68046617725,0.0,119610.85613323076,0.0,70871.57777881755,0.0
2031.3766666666668,0.0,606.6539258225023,1659.7900000000002,605.6165289067912,170.36013778484644,243,889,277.1594074858601,4.720960673509131,0.0,-40.84569444444219,0.0,-0.19736111111120636,0.0,181.61063887953082,0.0,148.080358243355,0.0,114.64661719503076,0.0,172.46742515834055,0.0,26.17098122828898,0.0
2055.387777777778,0.0,782.4036057465587,2754.2700000000027,1140.0450927134061,321.9354573977893,412,1731,509.8858441422467,-56.01039887237344,0.0,-133.5017808945364,0.0,-24.074236111110615,0.0,238.28241250246805,0.0,239.74787109883954,0.0,274.63960589734785,0.0,174.58006518146684,0.0,68.74006694445754,0.0
2079.3172222222224,0.0,1277.3078864227252,4003.6900000000005,1538.2697802384869,412.9944898536713,614,2786,775.1178434851126,-47.55944837318093,0.0,-165.58876327240827,0.0,-26.224601006321766,0.0,258.05393135013793,0.0,360.46442025862655,0.0,450.1037832267152,0.0,285.60285023176675,0.0,162.4557140073916,0.0
2199.3616666666667,0.0,2613.0313113665175,6551.349999999999,2113.6330009557805,615.1610653933784,908,4896,1209.5246222843168,301.12638683307017,0.0,-180.94953309035776,0.0,-65.39473989521431,0.0,419.02879942542,0.0,753.5160030985919,0.0,821.1512489095484,0.0,317.2767589971822,0.0,247.27638708828772,0.0
2223.3825,0.0,2790.8750926872003,8016.7199999999975,2665.4628488947847,1049.038068062484,1123,6030,1511.3439903555238,34.74900669826958,0.0,-377.9617551729654,0.0,-92.86767098941505,0.0,468.34283007299456,0.0,1063.0460630452528,0.0,925.6927198057555,0.0,488.6828986736408,0.0,281.1910005536814,0.0
2247.276378971299,0.0,3650.7630746070627,9972.46999999999,3267.755506769605,1206.9100872544238,1417,7184,1847.0413313689044,10.520811347041887,0.0,-440.8954879023497,0.0,-75.8630444942608,0.0,559.8135881013219,0.0,1196.9816442053702,0.0,1247.423609077755,0.0,631.4588061182726,0.0,521.3231481539211,0.0
2367.4069444444444,0.0,4584.2061402922955,12326.63999999998,4044.115483202004,1424.076902031964,1746,8451,2274.2414744737166,15.784893650582827,0.0,-480.07239633899485,0.0,-49.5754984191827,0.0,742.8805422382208,0.0,1506.5697538404474,0.0,1535.5023112179206,0.0,665.0421479977366,0.0,648.0743861056013,0.0
2391.4119444444445,0.0,5471.127073176682,15331.349999999975,5180.084959693154,1954.6850352286976,2171,9737,2725.4529319014505,-26.114129911549345,0.0,-659.5005661224103,0.0,-81.44962347736907,0.0,870.3062995522655,0.0,1690.02754171012,0.0,1927.1692501644281,0.0,1065.408253660143,0.0,685.2800476010901,0.0
2415.3269444444445,0.0,7694.1714029198265,19738.769999999986,6170.326275316138,2438.9754801991703,2719,11368,3435.296841564825,-16.22710281619749,0.0,-714.5194236848665,0.0,-47.37971191786359,0.0,1055.176247968427,0.0,2109.1832500397145,0.0,2716.3572922873673,0.0,1521.400995270901,0.0,1070.179855772408,0.0
2535.3591666666666,0.0,8440.65627681704,22165.149999999998,6845.919097086999,2797.5065645872646,3184,13132,4081.068061508655,-34.642821741202084,0.0,-763.7763706174271,0.0,1.4108159552313584,0.0,1186.1328468865509,0.0,2357.374603622593,0.0,2945.383014152127,0.0,1598.5659975041053,0.0,1150.208191055134,0.0
2559.364722222222,0.0,9264.159180460854,25474.640000000018,8042.93227762426,3173.8517527330982,3815,14985,4993.696789181765,-315.9903468429793,0.0,-903.2203385826234,0.0,34.00404929427539,0.0,1419.9969442061129,0.0,2546.2335247664087,0.0,3328.01532656977,0.0,1869.9355157061914,0.0,1285.1845053437532,0.0
2583.3241666666668,0.0,10658.04034523081,29488.17,9238.677992386452,3471.969148405723,4593,17312,6119.482513977006,-461.03843477379297,0.0,-1031.6687781367898,0.0,71.09797579014287,0.0,1760.4080905815852,0.0,2780.0315101364267,0.0,3933.2177516829297,0.0,2164.2667860387533,0.0,1441.7254439115943,0.0
2703.3369444444443,0.0,11998.764559358984,32789.829999999936,9991.952120339416,3671.3478331470405,5212,19486,7127.765487154559,-439.1269184214542,0.0,-1048.7160018969107,0.0,104.0653523325063,0.0,2030.0921859541568,0.0,3111.4663426617144,0.0,4220.293808612071,0.0,2559.66646180312,0.0,1461.023328313764,0.0
2727.348597465887,0.0,13465.089554942952,36971.40000000006,11424.268852200483,3969.287348017012,6022,21517,8112.754244839568,-507.56699435534034,0.0,-1190.5276996233401,0.0,66.19456019502812,0.0,2363.749602810072,0.0,3449.1292694359277,0.0,4552.981102672682,0.0,3070.612748817921,0.0,1660.516964990035,0.0
2751.327222222222,0.0,15492.634727877687,41722.280000000224,12545.541091411178,4370.988270607787,6894,24085,9313.115910103383,-804.8566985193614,0.0,-1260.574544687708,0.0,100.36380513762222,0.0,2601.0560266587413,0.0,3993.3767985735076,0.0,5111.511562013556,0.0,3578.49559069888,0.0,2173.262188002459,0.0
2871.334119689542,0.0,17988.47735990131,46943.14000000025,13738.17287178152,4686.920519024109,7782,27210,10529.56924929308,-565.8631700585153,0.0,-1327.0299551457445,0.0,172.27854668656371,0.0,3005.284993067494,0.0,4481.7369213991915,0.0,5736.36080121277,0.0,4181.468640371768,0.0,2304.240582367752,0.0
2895.349166666667,0.0,19479.245227701525,51716.95000000023,15289.97227164103,5232.099684555058,8663,29462,11715.632816102583,-913.6191304146828,0.0,-1483.4379080553385,0.0,191.10232203836688,0.0,3277.565526992985,0.0,4997.311862253888,0.0,6317.109718349991,0.0,4610.859568583433,0.0,2482.353267952666,0.0
2919.3269444444445,0.0,21691.29050798497,57207.56000000021,16569.990834006032,5814.271131516167,9754,32325,13132.007526493115,-1050.7682179228232,0.0,-1674.4907992621554,0.0,236.1794142361424,0.0,3552.9460243278018,0.0,5180.930204138951,0.0,6979.972307322686,0.0,5529.014532647832,0.0,2937.507042496247,0.0
3039.336388888889,0.0,26687.746955134506,65681.67000000022,17723.568175713408,6465.263605400896,10984,36621,14805.091263751567,-599.8172412379867,0.0,-1754.9294864837846,0.0,469.73045229145504,0.0,4271.3018674311925,0.0,6103.137916127542,0.0,8751.379700949237,0.0,6246.011346414403,0.0,3200.932399642058,0.0
3063.340277777778,0.0,29126.33011048276,71334.01000000023,19097.476652526613,6951.450050448453,11948,39242,16158.753186542617,-731.8288252368229,0.0,-1864.9173715489326,0.0,620.147864303251,0.0,4774.051982704633,0.0,6533.518592964295,0.0,9484.90378478518,0.0,6815.957992504448,0.0,3494.496090006268,0.0
3087.329166666667,0.0,31409.19925708312,77405.6300000002,20782.871330112874,7429.880765528972,13070,41969,17783.678647275407,-994.8113892723293,0.0,-2023.00585948297,0.0,808.082230215283,0.0,5161.048390894732,0.0,7047.182676217085,0.0,10150.639011913101,0.0,7509.771457355321,0.0,3750.2927392424517,0.0
3207.3730840943686,0.0,33856.98365399891,83112.18000000008,22020.41782597803,7990.7827676312245,14118,44685,19243.995752392533,-919.2863278335425,0.0,-2069.2193683194714,0.0,919.3478162117199,0.0,5469.683715893969,0.0,7613.258190398232,0.0,10719.78783997077,0.0,8139.252619670486,0.0,3984.159168006024,0.0
3231.3816629345956,0.0,36423.70395909947,89285.52999999998,23573.872994317924,8388.313500469263,15297,47510,20899.63954611426,-1015.7992331478804,0.0,-2181.263398621601,0.0,1015.5801155913048,0.0,5877.055124022092,0.0,8082.574465525193,0.0,11432.219006217205,0.0,8913.604711029575,0.0,4299.733168482611,0.0
3255.3268265250545,0.0,39491.647102446055,95956.75000000013,24975.583584000586,8900.319196100114,16574,50879,22589.20011745429,-1056.4289316358975,0.0,-2341.6339615481174,0.0,1141.2503298559316,0.0,6269.184452774825,0.0,8674.571393941827,0.0,12226.65144227666,0.0,9731.106281841863,0.0,4846.946094937866,0.0
3375.370790741872,0.0,42965.899324782455,103268.75000000035,26361.92972730193,9372.780294410544,17880,54235,24568.140653506234,-1036.0804968634839,0.0,-2359.482918693375,0.0,1257.0672816616877,0.0,7139.683527500988,0.0,9652.719382970357,0.0,13124.751177249385,0.0,10252.590251937172,0.0,4934.651119018471,0.0
3399.38,0.0,45528.523693387,109857.22000000023,27982.22197077286,10047.77651983982,19127,57032,26298.69781600155,-1243.7702120682284,0.0,-2489.4874156778887,0.0,1332.722415547787,0.0,7712.854128379616,0.0,10106.171577787314,0.0,13894.42456339876,0.0,11244.476211149291,0.0,4971.132424868967,0.0
3423.3275,0.0,48172.98100954036,116319.00000000007,29768.382789984913,10465.077906876144,20344,59719,27912.558293600065,-1333.0687495360528,0.0,-2613.8753247073846,0.0,1338.1991885724897,0.0,8210.590243010942,0.0,10584.793355902608,0.0,14722.906702092998,0.0,11968.99834822658,0.0,5294.43724597655,0.0
3543.33856851965,0.0,51191.756335435966,124053.12000000024,32233.032882287942,11071.04720035994,21874,63370,29557.283581917654,-1175.3553089376333,0.0,-2687.478918741478,0.0,1425.8410162547182,0.0,8707.580303565888,0.0,11125.286011245289,0.0,15503.316458079084,0.0,12941.194133947874,0.0,5351.372640020511,0.0
3567.342282828283,0.0,52903.786805730386,129988.94000000022,34141.91675902578,11994.16841438381,22992,66616,30949.06802086138,-1338.443068902303,0.0,-3331.178647518878,0.0,1393.5808392154279,0.0,8898.148546457853,0.0,11647.744781659381,0.0,16139.966579467655,0.0,13472.309797758047,0.0,6021.657977591414,0.0
3591.3283333333334,0.0,56304.710792481186,136874.24000000025,35622.494927418455,12298.9650618426,24254,69664,32648.06921825926,-1424.7594676288772,0.0,-3453.120281082037,0.0,1507.0493902066098,0.0,9308.112975547276,0.0,12057.812916548592,0.0,17153.519901497504,0.0,14658.579597346348,0.0,6497.515760043726,0.0
3712.339404761905,0.0,60816.503865948216,145032.0400000001,36896.19099624448,12647.94488942673,25642,73523,34671.40024838208,-1357.6038624701064,0.0,-3491.1673218380265,0.0,1584.0831350976464,0.0,9868.248472748066,0.0,12828.542470521092,0.0,18319.15058803745,0.0,15911.829534852437,0.0,7153.4208489972225,0.0
3736.343012964094,0.0,66180.89563496859,154800.30999999956,38535.96070140915,13286.44420425192,27162,77711,36797.00945937241,-1317.1589194401238,0.0,-3772.0319669817436,0.0,1688.4223477734758,0.0,10463.142272732048,0.0,13365.712648370092,0.0,18873.403599310135,0.0,18430.5320506587,0.0,8448.873602542993,0.0
3759.327117117117,0.0,72886.63865729043,166478.33999999927,40559.02795142075,14036.538169764279,28887,81626,38996.13522152712,-544.7622728659688,0.0,-3729.5362132197124,0.0,1809.660934886438,0.0,11252.433472808312,0.0,13915.795282075858,0.0,19856.640206246444,0.0,21182.69563386999,0.0,9143.711613485171,0.0
3880.347180685358,0.0,76889.12299107865,174959.35999999932,42174.23827252744,14896.021269080402,30328,84830,40999.977467316065,-579.4950829600043,0.0,-3790.573951304642,0.0,1903.570976402372,0.0,11960.806797719184,0.0,14652.912965708056,0.0,20779.18238013763,0.0,22437.02419650193,0.0,9525.694708869823,0.0
3904.361388888889,0.0,80516.49272025353,183934.4699999995,44310.706846842826,16047.665574868346,31884,88072,43059.60485803788,-684.2239136635233,0.0,-4043.6758598206766,0.0,1883.3911439216977,0.0,12417.113407170327,0.0,15074.646342499633,0.0,21703.34631326996,0.0,24077.57257600546,0.0,10088.322710866194,0.0
3927.3283333333334,0.0,83018.0118644779,192155.12999999942,47020.00776822264,16879.018940684993,33417,91095,45238.091426617386,-823.5299145748565,0.0,-4232.747526315928,0.0,1940.304556147896,0.0,12896.137733435406,0.0,15606.89399409606,0.0,22491.211226842563,0.0,25149.27509768071,0.0,9990.46669716124,0.0
4048.339722222222,0.0,85807.09303685259,200322.17999999985,49637.37808613278,17559.581982900876,34911,94386,47318.12689411654,-829.7984504863144,0.0,-4295.019264794741,0.0,2040.8666282251427,0.0,13489.1762989534,0.0,16442.62412708302,0.0,22995.75032938216,0.0,25946.769480096133,0.0,10016.723888388835,0.0
4072.353469900462,0.0,88644.4907847194,210335.77000000037,53724.17368752892,18340.88568661947,36598,98308,49626.21984113554,-979.2801149515689,0.0,-4613.950866619618,0.0,2045.9945370235741,0.0,14256.886183217794,0.0,16912.042246863035,0.0,24159.381030187673,0.0,26695.31419459441,0.0,10168.103574398452,0.0
2031.317995883537,0.0,1633.62967235923,5763.869999999998,916.4433300735845,2133.6432064374303,741,2957,1080.1537911297692,-102.26761364281656,0.0,-619.0759289128174,0.0,-592.8030543025469,0.0,353.2644970849422,0.0,674.2699375177594,0.0,634.4420604645421,0.0,893.7453451974336,0.0,392.0544289527265,0.0
2055.31844481564,0.0,3302.7416514364277,12952.740000000043,1854.1931069783398,5327.580264785387,1674,5888,2468.2249767998383,-370.54687629679177,0.0,-1289.5154148702986,0.0,-908.1236072982075,0.0,422.3422985750318,0.0,1118.9751126706915,0.0,1564.3469781003153,0.0,1953.855286313968,0.0,811.4078742417225,0.0
2079.319375757192,0.0,6107.9757755470855,23233.870000000126,4609.884551427037,8212.504424447392,3029,8837,4303.50524857842,-179.21007294034436,0.0,-2027.2880411781848,0.0,-1603.2081509823918,0.0,650.6984569006443,0.0,1832.672070447902,0.0,2777.092501012075,0.0,3515.463891119718,0.0,1141.7551211676678,0.0
2079.320334873245,0.0,6115.105996031424,23241.210000000126,4610.03174862025,8212.567006769841,3030,8838,4303.50524857842,-172.07985245600617,0.0,-2027.2880411781848,0.0,-1603.2081509823918,0.0,650.6984569006443,0.0,1832.672070447902,0.0,2777.092501012075,0.0,3515.463891119718,0.0,1141.7551211676678,0.0
2199.325555921218,0.0,11141.099571150799,33841.16000000001,7074.443158411855,9422.545069752992,4382,11782,6203.0722006844035,246.44121287230615,0.0,-2213.7362678306654,0.0,-1635.2466097406402,0.0,1315.0659433512155,0.0,2743.148795324559,0.0,4022.2680315346297,0.0,4879.128317242886,0.0,1784.030148396293,0.0
2223.344888001509,0.0,14777.806586068007,41636.56999999948,8213.422715558681,10867.735206230574,5384,14771,7777.605492142697,520.2337759684297,0.0,-2529.4034267458032,0.0,-1869.3047884643765,0.0,1806.910581068552,0.0,3324.511992596964,0.0,4950.062187212915,0.0,5907.641946545815,0.0,2667.1543178852953,0.0
2247.3067558458492,0.0,17919.912705928375,50478.309999998986,10281.721437412003,12825.627278584163,6508,17567,9451.048578075626,244.21681109544562,0.0,-2972.0735255330615,0.0,-2083.1414583019982,0.0,2493.097168682662,0.0,3924.9773175740365,0.0,5919.699852607735,0.0,7193.665256310217,0.0,3199.471283492944,0.0
2367.3189395917134,0.0,22395.220902400302,59097.21999999843,11672.29914235662,13894.224235049433,7610,20571,11135.475720194036,332.12259446496876,0.0,-3164.8354968588046,0.0,-2080.59707214664,0.0,3226.2290403301545,0.0,4778.3154625140905,0.0,6999.246485277156,0.0,8466.461590501704,0.0,3838.27829831694,0.0
2391.3254808247766,0.0,26611.333848185193,69296.70999999745,13654.234389952331,15970.705446676144,8930,23496,13060.436315187088,572.4490523911728,0.0,-3788.95921847244,0.0,-2372.757357508145,0.0,3913.466093933083,0.0,5722.845176387569,0.0,7990.536248451825,0.0,9822.645900115323,0.0,4751.107952885839,0.0
2415.327974048458,0.0,31945.66231302268,81796.32999999645,16738.963857960836,17814.36660472787,10539,26388,15297.337224289575,858.0377527156194,0.0,-4568.340330318984,0.0,-2540.763554025022,0.0,5101.019791223522,0.0,6822.0444359864705,0.0,9364.243193808143,0.0,11258.243948742063,0.0,5651.177074889786,0.0
2415.32880163695,0.0,31957.658312625066,81808.46999999645,16739.08385829218,17814.390604794142,10540,26390,15297.337224289575,870.0337523180062,0.0,-4568.340330318984,0.0,-2540.763554025022,0.0,5101.019791223522,0.0,6822.0444359864705,0.0,9364.243193808143,0.0,11258.243948742063,0.0,5651.177074889786,0.0
2535.3072996876035,0.0,37357.07852220773,94739.94999999521,19629.51112662042,20068.066396774444,12197,29411,17685.293954398636,727.3483950160047,0.0,-5154.0200109243015,0.0,-2453.1275518542793,0.0,6171.512872024397,0.0,7617.898810024215,0.0,10669.281706835976,0.0,12993.242691612002,0.0,6784.941609472555,0.0
2559.307523536726,0.0,42474.43295371795,106832.48999999392,22613.74802950871,21755.165076492794,13785,32283,19989.14394028129,986.7899795977991,0.0,-5525.375877475881,0.0,-2655.544965213394,0.0,6905.688770533527,0.0,8603.599810018704,0.0,11780.3520542087,0.0,14801.506730305246,0.0,7577.416451742965,0.0
2583.3103662512767,0.0,48023.23279967544,119426.10999999213,25497.83191156676,23517.759084171877,15420,35281,22387.286204585813,1345.76071727226,0.0,-5769.157173444095,0.0,-2585.604045818447,0.0,7953.924593769787,0.0,9432.03800767434,0.0,12785.204524551391,0.0,16655.978592988668,0.0,8205.08758268232,0.0
2583.3290075709565,0.0,48021.672774103616,119433.44999999212,25501.777702180283,23522.71331913018,15421,35283,22387.286204585813,1344.2006917004364,0.0,-5769.157173444095,0.0,-2585.604045818447,0.0,7953.924593769787,0.0,9432.03800767434,0.0,12785.204524551391,0.0,16655.978592988668,0.0,8205.08758268232,0.0
2703.3224485225473,0.0,54229.571649601334,131539.66999999044,27889.236870894132,24825.12337858626,16970,38163,24595.738100917573,1737.3201320390249,0.0,-6165.5214132031615,0.0,-2495.8640040115492,0.0,8878.012946986148,0.0,10559.7221254069,0.0,14089.310310424582,0.0,18364.79088786521,0.0,9261.800664095672,0.0
2727.3241246461735,0.0,59971.793842486746,144290.96999999133,31063.290444617724,26357.77136837008,18625,41068,26898.11434452437,2001.4124737779657,0.0,-6524.318515859144,0.0,-2465.5358309453027,0.0,9800.385374648391,0.0,11458.359382050225,0.0,15324.870382902209,0.0,20162.937159593694,0.0,10213.68341632054,0.0
2751.32890551641,0.0,66271.08874913568,157557.3399999922,34436.29608935027,27503.77727685606,20352,43996,29346.177884656947,2635.661863470362,0.0,-6613.589156778242,0.0,-2330.9341236677333,0.0,10581.524220945166,0.0,12435.926943601027,0.0,16884.93901487222,0.0,21616.165926089667,0.0,11061.394060605155,0.0
2751.32944222246,0.0,66261.1317354689,157557.3399999922,34436.35056501433,27506.957204368344,20352,43996,29352.9004951474,2625.704849803566,0.0,-6613.589156778242,0.0,-2330.9341236677333,0.0,10581.524220945166,0.0,12435.926943601027,0.0,16884.93901487222,0.0,21616.165926089667,0.0,11061.394060605155,0.0
2871.326724707168,0.0,72668.3449871501,169643.50999999323,37268.6393223026,28216.822124354054,21931,46992,31489.703566191143,3100.156699611872,0.0,-6528.268198767753,0.0,-2196.111934770842,0.0,11245.747656007132,0.0,13259.721913710793,0.0,18220.027058314456,0.0,23370.6461256908,0.0,12196.42566735654,0.0
2895.3322795686518,0.0,78422.6089478218,181637.27999999383,40176.72274930455,29325.41113457005,23472,49887,33712.53716830001,3458.987445813681,0.0,-6662.050737666283,0.0,-2325.82017242769,0.0,12032.907149721737,0.0,14183.159738600978,0.0,19530.544700679424,0.0,25044.094280661968,0.0,13160.78654244216,0.0
2919.329066261019,0.0,83650.17655554376,195592.9799999949,44692.438127342844,30816.39874708297,25307,52823,36433.96657002594,3875.514927592425,0.0,-6781.4687631359075,0.0,-2550.863878533682,0.0,12770.194201103832,0.0,15010.520249913876,0.0,20741.322515101274,0.0,26793.587951039386,0.0,13791.36935246722,0.0
3039.3312430118267,0.0,90030.74308759521,209202.89999999607,48358.31677819436,31875.724580510505,27050,55772,38938.11555369423,4385.415872799779,0.0,-6846.619869772016,0.0,-2391.0621308428317,0.0,13753.802996542894,0.0,16140.625017128761,0.0,21951.91100535607,0.0,28365.7140752438,0.0,14670.956121144045,0.0
3063.331926724975,0.0,94826.48291816769,223282.78999999684,52336.97728471365,34566.77969562497,28887,58783,41552.550101484914,4741.127690589735,0.0,-8141.32627221049,0.0,-2570.8095842361663,0.0,14591.762716890278,0.0,16985.226355602794,0.0,23325.489255303968,0.0,30268.365794999765,0.0,15626.646961235256,0.0
3087.326895487451,0.0,101608.85295483563,237295.38999999856,55927.560180309316,35474.79026205249,30699,61751,44284.18660279283,5317.436489336174,0.0,-8230.168503351191,0.0,-2461.616002844596,0.0,15614.475121141999,0.0,17838.055424226146,0.0,24804.801080771722,0.0,32115.647780494946,0.0,16610.221565068794,0.0
3207.3323721770794,0.0,108194.3886897558,249265.8599999992,58175.509482680674,36228.855266672224,32245,64781,46667.10656087989,5793.502284598343,0.0,-8350.112275882044,0.0,-2364.0176651047695,0.0,16717.26779247015,0.0,18902.572020592248,0.0,25997.315455066506,0.0,33898.32840548246,0.0,17599.532672543188,0.0
3231.33550128223,0.0,114739.09161193435,263314.5,61770.041269939444,37433.385861976014,34057,67784,49371.98125613845,6333.3230260440205,0.0,-8324.685952431386,0.0,-2336.190404865222,0.0,17580.93717450063,0.0,20026.592452364977,0.0,27215.214529259873,0.0,35889.70050253438,0.0,18354.200284538678,0.0
3255.3241389108207,0.0,120457.4873519079,277409.4700000007,65623.31816706265,39386.93683631627,35877,70751,51941.72764469967,6528.722136489312,0.0,-8945.125555677378,0.0,-2415.5119422646258,0.0,18406.75158797944,0.0,21128.58484183714,0.0,28675.79277357054,0.0,37922.24633387601,0.0,19156.027176111445,0.0
3375.326602181443,0.0,125568.91657886398,289524.01,69349.06446483002,40243.653741001646,37444,73637,54362.37521528986,6887.926337293761,0.0,-9166.337855893424,0.0,-2576.708366536426,0.0,19187.383428584217,0.0,22050.196472686985,0.0,29939.585976059618,0.0,39521.22920820734,0.0,19725.641378477747,0.0
3399.3335834467034,0.0,130923.59408830367,300550.1800000001,72028.12378776306,41088.48917280717,38862,76621,56509.97295111046,7109.979227871892,0.0,-9335.945005924212,0.0,-2592.3696172603063,0.0,19996.580362247176,0.0,22872.541611825833,0.0,31292.51454914888,0.0,41023.64948431297,0.0,20556.64347609924,0.0
3423.316888892252,0.0,137582.15558282315,314334.7800000011,75741.9366043254,41825.621745551995,40612,79628,59185.06606728407,7438.651120845993,0.0,-9444.310160995372,0.0,-2501.6794517514472,0.0,21031.361067672024,0.0,24033.826304523547,0.0,32645.400734671723,0.0,42780.07241319172,0.0,21598.833554683577,0.0
3543.3243303539784,0.0,144616.1341320653,328294.21000000014,79251.64738641317,42647.97544737205,42374,82557,61778.45303413401,7893.099269671124,0.0,-9328.217019179607,0.0,-2577.349729958014,0.0,22175.14328635433,0.0,25029.325292739722,0.0,34275.43882523466,0.0,44338.47973677296,0.0,22810.2144704496,0.0
3567.326909529134,0.0,150900.85250436905,342621.59000000125,83315.97064347411,43895.56074710545,44206,85482,64509.206105036574,8077.995293627265,0.0,-9647.756174886108,0.0,-2487.573964382256,0.0,23230.14588502179,0.0,25856.469648959363,0.0,35971.69156765423,0.0,46115.961772466144,0.0,23783.918475929167,0.0
3591.32781543018,0.0,156563.6056884156,356244.33000000287,87359.32130148922,44905.76719567059,45939,88375,67415.63581441158,8396.571970180767,0.0,-9575.299544194306,0.0,-2474.5822705024357,0.0,24213.861478717678,0.0,26859.225861936884,0.0,37010.1547853186,0.0,47814.76971566695,0.0,24318.9036913117,0.0
3591.32781543018,0.0,156558.04592143683,356244.33000000287,87359.32130148922,44911.32696264936,45939,88375,67415.63581441158,8391.012203201999,0.0,-9575.299544194306,0.0,-2474.5822705024357,0.0,24213.861478717678,0.0,26859.225861936884,0.0,37010.1547853186,0.0,47814.76971566695,0.0,24318.9036913117,0.0
3711.326175280008,0.0,161897.81199374708,370236.3700000025,92290.6459612697,46119.648107872374,47742,91254,69928.26393709856,8561.543742893546,0.0,-9596.52432577841,0.0,-2476.8313020248443,0.0,25350.202185029262,0.0,28018.3121471842,0.0,38309.13840047336,0.0,49235.95750523986,0.0,24496.013640750214,0.0
3735.3338941417055,0.0,166274.2148047076,384619.0200000038,98132.52426756069,47545.735396574746,49608,94229,72666.54553114637,8335.208688666346,0.0,-10137.863173618236,0.0,-2643.1164449032235,0.0,26050.62762960637,0.0,28888.015691538352,0.0,39555.20340613151,0.0,50894.88417861069,0.0,25331.25482869574,0.0
3759.3216354868046,0.0,171107.57147244076,399157.2600000065,103334.00900571005,49215.41123163207,51472,97174,75500.26829020643,8152.969713574592,0.0,-10775.656554603043,0.0,-2631.8377446098184,0.0,26872.336935409552,0.0,30107.356202171613,0.0,41017.44587113913,0.0,52740.342829745954,0.0,25624.614219633626,0.0
3879.3348485991087,0.0,177102.60096552875,411818.6800000074,106797.52709757685,50161.59759311697,53130,100127,77756.9543437676,8600.25435153655,0.0,-10966.186219957226,0.0,-2587.4410095773496,0.0,27830.72203016356,0.0,31141.199498127688,0.0,42098.58518590762,0.0,54688.51512773156,0.0,26296.95200161721,0.0
3903.3353246120655,0.0,183448.48349793968,424793.53000000893,110082.46989325786,51092.34947045068,54823,103095,80170.22713834292,8864.407765006932,0.0,-10981.373441000142,0.0,-2573.2788690346165,0.0,28640.82461138847,0.0,32112.27010349748,0.0,43436.79140694107,0.0,56604.317894950334,0.0,27344.52402621074,0.0
3927.328873451102,0.0,189930.98338703712,437752.6700000099,113499.87734857661,51915.617075101916,56501,106035,82406.19218927635,9164.695522850214,0.0,-11046.30108910187,0.0,-2220.3581585932843,0.0,29772.054593644778,0.0,33048.943321887535,0.0,44644.61856670977,0.0,58141.27283998636,0.0,28426.05778967398,0.0
4047.3364580580546,0.0,195601.6746636011,448954.140000009,116021.40542385828,52780.757855819356,57989,108932,84550.30205671403,9658.571770190558,0.0,-11109.55883192678,0.0,-2334.0810965031555,0.0,30749.057093444968,0.0,33829.23386514112,0.0,45753.66868466675,0.0,59611.04300380477,0.0,29443.740174802948,0.0
4071.3367278773876,0.0,200762.14995365232,459762.6900000086,119080.81540619102,53420.53223356404,59432,111793,86499.19240658772,10169.164117128454,0.0,-11266.737832277367,0.0,-2182.844765525723,0.0,31331.805103189843,0.0,34679.06881569533,0.0,46647.2044151358,0.0,61100.25492941039,0.0,30284.235170913493,0.0
4095.323312117832,0.0,206441.6451414074,471778.4200000079,122270.58127745226,54155.51994818143,60956,114701,88910.67363295476,10240.29183545912,0.0,-11212.238450015522,0.0,-2359.9206659398974,0.0,32248.841684603707,0.0,35708.096252901276,0.0,47751.99680640621,0.0,62780.50019375138,0.0,31284.077484258327,0.0
4215.323943193321,0.0,210837.29609953842,480958.24000000884,124578.62571739641,54718.33202455186,62104,117593,90823.98615850913,10448.97968555734,0.0,-11348.04707274379,0.0,-2147.3245720793693,0.0,32851.012339010274,0.0,36491.816740023656,0.0,48471.49237202867,0.0,64127.21208401011,0.0,31942.154523748784,0.0
4239.324480128435,0.0,216215.7336253826,491020.6500000094,126599.4667580937,55274.55154610595,63381,120541,92930.89807041438,10829.832971267431,0.0,-11493.48003593171,0.0,-2110.1100019153,0.0,33629.10583967777,0.0,37252.63993185144,0.0,49514.86754030235,0.0,65739.96376267362,0.0,32852.91361747415,0.0
4263.321153231134,0.0,222522.24156987158,502958.7500000096,128984.81991146521,56149.74512269265,64942,123555,95301.943395968,11268.585232810396,0.0,-11493.717746321283,0.0,-2040.8689261180762,0.0,34315.78035463212,0.0,38198.3152419821,0.0,50611.0934140233,0.0,67612.76125444654,0.0,34050.29274443096,0.0
4383.329327609744,0.0,228305.51599780002,516381.3500000113,132790.91684826315,57417.89670965751,66696,126504,97867.02044427532,11770.85178250709,0.0,-11715.113379305423,0.0,-1983.9616412035016,0.0,35289.53613493737,0.0,39322.562974209446,0.0,51790.61873997776,0.0,69230.36565503602,0.0,34600.65573165496,0.0
4407.333648633856,0.0,232758.86549480766,529075.7400000178,136639.22293316224,59463.19055934866,68356,129392,100214.46101267808,11835.561091355052,0.0,-12572.181441099645,0.0,-2061.0638853637047,0.0,36096.630317346964,0.0,40128.96002565268,0.0,52958.267255461826,0.0,70929.4060426319,0.0,35443.28608883368,0.0
4431.327793016202,0.0,238286.94285654646,541046.1800000195,139796.89720935695,60427.79490202597,69903,132307,102534.5450320684,12240.410928898205,0.0,-12850.65828712965,0.0,-1856.6574851753762,0.0,37032.241328387536,0.0,41010.3541310431,0.0,53916.635063963324,0.0,72452.26943007758,0.0,36342.34774649028,0.0
4551.320479835892,0.0,244018.8261397941,552309.6700000191,142306.84467333867,61237.45311580075,71345,135291,104746.54607106472,12618.625873231535,0.0,-12791.392754860155,0.0,-1854.5794321306914,0.0,37887.93915655565,0.0,41913.47533413423,0.0,54996.68361534938,0.0,74020.79628030081,0.0,37227.278067219704,0.0
4575.321801064544,0.0,248235.32380567616,564915.4900000177,146298.30955036398,63270.94514897139,72979,138133,107110.91149498877,12821.07971675956,0.0,-13541.624509817364,0.0,-1960.0634198132007,0.0,38657.07827453724,0.0,42658.0169959035,0.0,56117.493531383116,0.0,75641.96154170319,0.0,37841.38167502385,0.0
4599.322935254209,0.0,253566.57382808646,577706.1300000171,150011.44527653116,64520.0792175792,74672,141062,109608.03167780577,12820.734183919743,0.0,-13618.51227385981,0.0,-2021.584005075988,0.0,39397.32488855723,0.0,43442.858421940575,0.0,57417.03471240288,0.0,77391.68350736763,0.0,38737.03439283536,0.0
4599.323645404276,0.0,253559.44066193828,577706.1300000171,150011.5430997029,64527.11456055565,74672,141063,109608.03167780577,12813.60101777157,0.0,-13618.51227385981,0.0,-2021.584005075988,0.0,39397.32488855723,0.0,43442.858421940575,0.0,57417.03471240288,0.0,77391.68350736763,0.0,38737.03439283536,0.0
4719.32513516534,0.0,258749.2112588401,587676.4100000167,152058.3662398108,65209.65979873394,75954,143972,111659.17270261799,13088.766985584074,0.0,-13468.914483661085,0.0,-1995.3211017429462,0.0,39885.76758896788,0.0,44334.954128307785,0.0,58574.44984808613,0.0,78829.88946794618,0.0,39499.61882535098,0.0
4743.327527038298,0.0,263869.7717779505,598333.9900000194,154469.22670991637,66227.37164108155,77345,146940,113767.61987105344,13711.786104701208,0.0,-13578.083473205912,0.0,-2168.6335320519406,0.0,40497.532466480865,0.0,45071.93255192255,0.0,59506.58382981323,0.0,80292.81772443543,0.0,40535.836105854214,0.0
4767.328206431794,0.0,268418.1122950365,608936.6100000254,157243.52030350742,67360.32665313345,78682,149833,115914.65074832318,13845.901740707759,0.0,-13691.761534052248,0.0,-2347.419484332365,0.0,41069.08690824211,0.0,45883.21282295232,0.0,60625.20687178919,0.0,81495.05854218837,0.0,41538.82642754035,0.0
4767.328206431794,0.0,268425.4522950365,608943.9500000253,157243.52030350742,67360.32665313345,78683,149834,115914.65074832318,13853.24174070776,0.0,-13691.761534052248,0.0,-2347.419484332365,0.0,41069.08690824211,0.0,45883.21282295232,0.0,60625.20687178919,0.0,81495.05854218837,0.0,41538.82642754035,0.0
4887.340340724511,0.0,272434.5469978048,617106.7600000273,159275.23634978218,67894.64142292636,79658,152686,117502.33522948643,14199.074516080998,0.0,-13694.949223345273,0.0,-2274.7483861628466,0.0,41443.55530785735,0.0,46453.01742799051,0.0,61770.365241795655,0.0,82354.23297858043,0.0,42183.9991350061,0.0
4911.343783185228,0.0,276066.39775504573,626098.4000000306,162067.6270581936,68580.1602543306,80764,155571,119384.21493242925,14427.729105128605,0.0,-14018.757643701834,0.0,-2308.0002558368924,0.0,41632.437710290564,0.0,47076.556834162126,0.0,62735.06441286572,0.0,83636.03821445043,0.0,42885.32937768509,0.0
4935.328740425318,0.0,281327.9507022159,636832.5700000322,164376.12713617142,69702.73521590274,82105,158579,121425.75694571272,14947.729565120573,0.0,-14098.756683987529,0.0,-2308.1371559654635,0.0,42444.142842376365,0.0,47880.56409367797,0.0,63980.77778590075,0.0,84626.18740562708,0.0,43855.44284945986,0.0
5055.332409950109,0.0,286444.9456516094,646153.2400000315,166269.46172191057,70265.59776726834,83261,161538,123173.23485921325,15316.268132364188,0.0,-14122.373838335705,0.0,-2248.9610797393448,0.0,42946.715101077745,0.0,48722.81886086113,0.0,65040.6579435091,0.0,86109.42730328972,0.0,44680.3932285758,0.0
5079.3326966908635,0.0,291083.57709648303,655105.3500000365,168143.19652901992,70781.32814549273,84358,164498,125097.2482290073,15649.875955041973,0.0,-14255.916546360007,0.0,-2265.1834696046026,0.0,43435.82294310753,0.0,49478.369703470744,0.0,66138.12443007618,0.0,87417.84011141257,0.0,45484.6439693291,0.0
5103.312566132172,0.0,297143.9770360712,666562.3100000393,170702.8240536816,71310.35568996605,85807,167434,127405.15322028413,16005.96323494555,0.0,-14331.468509171878,0.0,-2086.2719328614353,0.0,44340.44080954129,0.0,50394.35880680039,0.0,67186.37160696613,0.0,88974.41482658792,0.0,46660.16819325237,0.0
5223.335757692436,0.0,303169.36613339157,677691.7300000391,173227.7737150745,71831.70890665273,87229,170378,129462.88124488665,16344.646748696649,0.0,-14253.135364379912,0.0,-1999.0075699344482,0.0,45162.938548962105,0.0,51294.42961744528,0.0,68303.1078687596,0.0,90714.11615469753,0.0,47602.27012913001,0.0
5247.338634064429,0.0,309186.69619592384,690188.3200000413,176321.21910826478,72784.86900594833,88841,173359,131895.53568987106,16763.05924473741,0.0,-14228.445980160142,0.0,-2153.8347097109454,0.0,46263.68472917161,0.0,52305.59638610635,0.0,69294.35746916826,0.0,92418.50659969584,0.0,48523.772456897736,0.0
5271.3289288914175,0.0,315293.1905232285,703141.4900000449,179833.504548273,73828.25518329443,90503,176272,134186.53974521335,17071.552544600516,0.0,-14194.40446217829,0.0,-2257.2631320919513,0.0,47259.617579247606,0.0,53138.778763934286,0.0,70591.68739482845,0.0,94214.1844446828,0.0,49469.03739018545,0.0
5391.338851680238,0.0,322262.04963105643,716885.6500000459,183256.98327924852,74690.08022834951,92248,179196,136676.5368613547,17648.830822954464,0.0,-14278.917355182846,0.0,-2244.682299747975,0.0,48321.48894965719,0.0,54289.41070791934,0.0,72210.48295865758,0.0,95892.79770629745,0.0,50422.638140479896,0.0
5415.340926366593,0.0,327516.9360337755,728542.5600000449,186240.63368160478,75843.9689675087,93723,182070,138941.0213171211,17929.87608410933,0.0,-14567.329452320995,0.0,-2185.2902340709256,0.0,49294.763220422115,0.0,55254.503888180916,0.0,73499.93795847739,0.0,97127.87818841367,0.0,51162.596380539864,0.0
5439.324778916404,0.0,334027.14779273485,740716.5500000471,188834.84100892115,76550.91851561423,95275,184974,141303.6426827414,18377.319652846185,0.0,-14488.94719448514,0.0,-2213.93984118099,0.0,50268.39937537024,0.0,56035.22596173657,0.0,74775.66631511254,0.0,98817.29941505757,0.0,52456.1241082501,0.0
5559.338895024725,0.0,339901.93356163404,751216.9500000492,190693.0504669188,77014.89591744744,96610,187956,143607.07005400825,18663.087700837666,0.0,-14446.926259973272,0.0,-2120.9772762408174,0.0,51353.397664711294,0.0,56924.62111456556,0.0,75975.10987879233,0.0,100309.73080604168,0.0,53243.889932873724,0.0
5583.339629111098,0.0,344908.20817826054,763072.5500000485,193605.6940200116,78660.76899940893,98130,190754,145897.8788023309,19141.91198774692,0.0,-15234.470044509068,0.0,-2223.2702559767918,0.0,52424.596612076755,0.0,57810.97145403822,0.0,77134.4734876274,0.0,101564.57827937942,0.0,54289.4166578478,0.0
5607.329439950617,0.0,351184.81209124374,774746.330000045,196032.31408265632,79305.64348599178,99637,193738,148223.5603401168,19348.051521636506,0.0,-15190.199556658052,0.0,-2158.653926834203,0.0,53255.62723779913,0.0,58975.50561867021,0.0,78407.5260937003,0.0,103433.38594367154,0.0,55113.569159230574,0.0
5727.324066249875,0.0,357603.91400572413,786964.910000047,198467.90290021745,80349.4636396021,101203,196798,150543.62945446477,19737.885392702043,0.0,-15084.891187136122,0.0,-2036.9004632487035,0.0,54050.319346231416,0.0,60080.25998639855,0.0,79666.57620058584,0.0,105154.65216023254,0.0,56036.01256992865,0.0
5751.326318737119,0.0,363460.96140013903,800087.480000046,202299.1784123846,81237.53094879838,102890,199718,153089.8092386881,20342.08736799766,0.0,-15128.332064414426,0.0,-1939.7538786341318,0.0,54870.14789280075,0.0,60884.76278450879,0.0,80925.44569752319,0.0,106717.76291210172,0.0,56788.840688223325,0.0
5775.323037742424,0.0,369807.379140219,813903.9500000464,206202.00175740305,82211.93512298602,104670,202662,155682.63397940242,20654.93220977038,0.0,-15308.702753479547,0.0,-1658.356414385555,0.0,55775.22868396925,0.0,61955.29228462353,0.0,82268.67677376566,0.0,108441.63215403614,0.0,57678.67620188469,0.0
5895.325820226259,0.0,376551.1703150025,827025.5400000468,209408.81071274626,82924.09231688587,106358,205674,158141.46665537579,21182.77282876238,0.0,-15232.481145731992,0.0,-1500.27626654405,0.0,56695.86494610622,0.0,63004.20459568254,0.0,83708.80895519735,0.0,110194.3224585366,0.0,58497.95394295817,0.0
5919.335463276511,0.0,381863.27644716104,839372.0200000465,212450.6075465291,84423.63565853801,107956,208536,160634.50034778233,21438.769652284747,0.0,-15765.115842233574,0.0,-1717.8393109370998,0.0,57369.36649384464,0.0,64043.096184869595,0.0,84867.4982012883,0.0,111930.45509498933,0.0,59697.045973018925,0.0
5943.318440585187,0.0,387564.36265010055,852570.600000042,216353.71529941866,85590.55887204582,109674,211470,163061.96317844465,21855.182031713623,0.0,-15938.276615395767,0.0,-1771.617535678138,0.0,57950.09701207567,0.0,64929.83394723505,0.0,86280.57626040021,0.0,113723.8862979289,0.0,60534.681251784285,0.0
6063.332358659191,0.0,393060.5180099358,865602.3300000478,220185.1584732602,86581.39751638562,111334,214329,165775.25600042788,22352.89192367854,0.0,-16020.414530629194,0.0,-2014.8196912683459,0.0,58906.43595946216,0.0,65873.72939971021,0.0,87453.92335680536,0.0,115227.87556499837,0.0,61280.89602714089,0.0
6087.340535010426,0.0,399008.7052597353,879878.7800000502,224458.3775248696,87464.47329884175,113193,217196,168947.22391656387,22734.386569558344,0.0,-16142.161406875055,0.0,-1999.0084855715395,0.0,59842.210284577144,0.0,66869.92944738254,0.0,88813.93671859686,0.0,116703.50465007724,0.0,62185.907481949514,0.0
6111.328934439789,0.0,405180.24973197054,894049.4300000541,228639.45783647645,88564.42179522372,115020,220137,171665.30063634441,23009.30908798831,0.0,-16052.968635027399,0.0,-2160.752775889947,0.0,60828.921419793325,0.0,67862.48843052903,0.0,90308.9442814975,0.0,118425.98893822564,0.0,62958.31898480845,0.0
6231.342548270707,0.0,411444.17040970136,907075.430000056,232102.37504639247,89404.88082658376,116698,223057,174124.00371733942,23418.22811888886,0.0,-16167.769172674878,0.0,-2189.0935974678805,0.0,61816.852927909255,0.0,68800.202137834,0.0,91400.48513142494,0.0,120475.27912829013,0.0,63889.98573544947,0.0
6255.355789125913,0.0,417439.2657008421,920448.1600000561,235795.08641171062,90456.83616837273,118403,225946,176756.97171909327,23776.10198765054,0.0,-16311.094081278537,0.0,-2196.259549935405,0.0,62954.7820708232,0.0,69758.027873693,0.0,92746.99724546302,0.0,122259.02629395302,0.0,64451.68386042392,0.0
6279.325270175418,0.0,424083.8034995492,934101.0700000568,239361.50653357425,91266.45955766998,120163,229002,179389.30040922496,24070.438204301874,0.0,-16437.324730874767,0.0,-2037.1414861167016,0.0,64048.70281728896,0.0,70737.65299044449,0.0,94201.74860047278,0.0,123957.08092419928,0.0,65542.64617978559,0.0
6399.326093576475,0.0,430100.0849976895,946428.290000057,242790.38823494792,91823.54367501962,121737,231890,181714.2730923612,24365.984976498556,0.0,-16409.917869473822,0.0,-1944.8216017314578,0.0,64978.49755265867,0.0,71491.55508415295,0.0,95358.99062446563,0.0,125691.340437597,0.0,66568.45579347349,0.0
6423.326630724433,0.0,436008.81486303726,958498.0000000601,245666.33689075022,92600.14788290401,123279,234829,184222.70036332466,24911.420591283193,0.0,-16469.69149500489,0.0,-1948.2636564421805,0.0,65817.82543356981,0.0,72196.50911501172,0.0,96502.37150639166,0.0,127521.34271062956,0.0,67477.30065755032,0.0
6447.327861070013,0.0,441475.1254058898,970784.8100000602,249052.69826453287,93436.91566694816,124854,237759,186820.07066264426,25241.722452901427,0.0,-16431.481874817655,0.0,-1911.5006039406621,0.0,66444.25636615224,0.0,73090.37818894014,0.0,97603.38974726765,0.0,128992.62387563751,0.0,68445.73725370054,0.0
6447.327861070013,0.0,441481.33540588984,970791.0200000602,249052.69826453287,93436.91566694816,124855,237760,186820.07066264426,25247.932452901427,0.0,-16431.481874817655,0.0,-1911.5006039406621,0.0,66444.25636615224,0.0,73090.37818894014,0.0,97603.38974726765,0.0,128992.62387563751,0.0,68445.73725370054,0.0
6567.325986643516,0.0,447711.56882745866,983544.2500000598,252330.6452478974,94163.52842378987,126508,240683,189338.50750086823,25652.53484261909,0.0,-16470.586598257596,0.0,-1793.6430115948722,0.0,67275.22917032948,0.0,74087.58554713425,0.0,98879.8787554483,0.0,130817.8869271408,0.0,69262.68319459006,0.0
6591.32889779044,0.0,455010.21779001696,997589.0000000616,255504.75529666222,95214.51884810587,128315,243693,191859.50806522588,26099.290852845465,0.0,-16409.466336309513,0.0,-1769.342234772228,0.0,68429.52080333282,0.0,75288.49993239078,0.0,100306.77493200608,0.0,132739.17074419395,0.0,70325.7690962822,0.0
6615.326661837896,0.0,460337.8268300707,1013549.0100000615,261822.24775450755,96431.15217880638,130367,246662,194957.78323662386,26372.300157821326,0.0,-16842.187839930488,0.0,-1694.3074125452945,0.0,69535.8261593361,0.0,76164.34676131375,0.0,101408.38258893281,0.0,134520.5989067178,0.0,70872.86750838053,0.0
6735.319343324775,0.0,464975.4770997823,1029486.4000000613,268326.0329687218,97927.81490488697,132408,249556,198257.07502661773,26960.42974388768,0.0,-16896.41459223697,0.0,-1783.352381696988,0.0,70278.424646574,0.0,76638.49004440522,0.0,102303.84592860145,0.0,135930.12514531674,0.0,71543.92856488742,0.0
6759.31952935142,0.0,468980.6375503936,1046564.9000000604,276441.7347045434,99468.63993139206,134578,252533,201673.88781368238,26946.990209778687,0.0,-17395.532423326982,0.0,-2025.3217026555244,0.0,71172.03883851459,0.0,77304.0400966856,0.0,103165.6555315428,0.0,137423.44144029994,0.0,72389.32555951003,0.0
6783.325391718434,0.0,473845.10806826677,1062236.5700000532,282768.01566781575,100755.41537893475,136577,255482,204868.03088499547,27064.78440993392,0.0,-17815.036853744517,0.0,-2054.9478558277715,0.0,72103.98700737985,0.0,78419.83643134202,0.0,104242.64977792713,0.0,138950.78569230804,0.0,72933.04945890441,0.0
6783.326399041862,0.0,473837.8815442315,1062236.5700000532,282768.4830658863,100755.45189440901,136577,255482,204874.75349548593,27057.557885898615,0.0,-17815.036853744517,0.0,-2054.9478558277715,0.0,72103.98700737985,0.0,78419.83643134202,0.0,104242.64977792713,0.0,138950.78569230804,0.0,72933.04945890441,0.0
6903.333400898399,0.0,480387.9493555745,1075900.7400000556,286561.6469013073,101599.86594186582,138290,258417,207351.27780126646,27481.571494095464,0.0,-17794.882599746536,0.0,-2083.503897863228,0.0,72967.8684281261,0.0,79441.22792534114,0.0,105568.04689185412,0.0,140736.85118990586,0.0,74070.7699238174,0.0
6927.33574548113,0.0,486736.4688897926,1089880.5600000625,290553.15864747093,102472.69233520674,140067,261386,210118.24012754534,27927.468912989767,0.0,-18042.678757398095,0.0,-2054.940415172313,0.0,74069.98431401231,0.0,80207.42339784771,0.0,106958.61871978582,0.0,142501.81374900963,0.0,75168.77896867257,0.0
6951.329209851981,0.0,492143.76298484934,1103438.790000064,295179.1883671924,103341.44832336795,141793,264296,212774.39032460505,28123.04808195262,0.0,-18386.329666474398,0.0,-1902.8399921584155,0.0,74950.65732796385,0.0,81115.20591271899,0.0,108189.90218889328,0.0,144177.5982743635,0.0,75876.52085754352,0.0
7071.326227630754,0.0,498744.5952134355,1116108.2300000621,298264.8252396273,104039.94904929608,143412,267270,215058.86049765663,28697.659913774172,0.0,-18531.636356820378,0.0,-1929.0663081703315,0.0,75909.43009487794,0.0,82417.75426497229,0.0,109479.5904443108,0.0,145762.4199000689,0.0,76938.44326037535,0.0
7095.333402971207,0.0,504865.713764322,1128808.5000000629,301700.9680824362,104817.65846004919,145066,270165,217424.15969320864,29003.635537341885,0.0,-18560.09527833482,0.0,-1940.7569100034561,0.0,76561.80121125371,0.0,83187.62034146926,0.0,110718.69321378482,0.0,147664.68306754445,0.0,78230.13258122015,0.0
7119.32397200453,0.0,511136.37176541483,1143353.150000068,306246.3698288315,105783.0658009689,146921,273090,220187.34260480176,29371.27780162272,0.0,-18625.20060852476,0.0,-1775.0381247440428,0.0,77951.74248677655,0.0,84247.52368361426,0.0,111992.0628616982,0.0,149292.9342206046,0.0,78681.06944431904,0.0
7239.3158291506425,0.0,518369.99733809225,1156942.9000000649,309331.3128749721,106423.91210791175,148661,276131,222817.67767904297,29753.49786406011,0.0,-18565.49424158888,0.0,-1674.1828058567642,0.0,79099.25425168974,0.0,85414.13770115482,0.0,113425.12003670371,0.0,151001.5311963944,0.0,79916.13333548522,0.0
7263.31784877337,0.0,525211.3934952281,1170603.2900000657,312745.64398058667,107132.64365977139,150414,279080,225513.60886444265,30271.167591065005,0.0,-18631.937895751962,0.0,-1501.0620644833107,0.0,80053.43487015618,0.0,86498.84226041364,0.0,114721.52879404783,0.0,152792.02564862886,0.0,81007.3942910915,0.0
7287.318696505112,0.0,531403.6806166216,1184636.740000068,317120.06507255737,107941.70492366666,152199,281985,228171.28938717896,30742.3013503189,0.0,-18765.917317304706,0.0,-1491.9403158859852,0.0,81039.03935623488,0.0,87598.26244828038,0.0,116015.42614269233,0.0,154450.5313582195,0.0,81815.97759400995,0.0
7287.328837383062,0.0,531399.1280088533,1184636.740000068,317122.2779846578,107944.04461933448,152199,281985,228171.28938717896,30737.748742550633,0.0,-18765.917317304706,0.0,-1491.9403158859852,0.0,81039.03935623488,0.0,87598.26244828038,0.0,116015.42614269233,0.0,154450.5313582195,0.0,81815.97759400995,0.0
7407.310016457666,0.0,538206.3655820679,1198382.160000074,320718.202598195,108702.51102980901,153963,284853,230755.0807899566,31188.10723719481,0.0,-18836.126804769265,0.0,-1315.9169038474336,0.0,82179.46168777865,0.0,88696.81305583764,0.0,116975.11682863478,0.0,156293.91965047567,0.0,83024.99083070554,0.0
7431.319499031469,0.0,544561.8836366058,1212130.6900000796,324445.29821484373,109736.49235159208,155701,287809,233387.0157969829,31679.176806935808,0.0,-18777.07195846845,0.0,-1375.0630580294571,0.0,82892.5962711254,0.0,89795.1512929727,0.0,118454.35040182133,0.0,158154.80586344146,0.0,83737.938016755,0.0
7455.32403310673,0.0,550072.4460084604,1223535.1300000886,327408.5354418211,110562.35195882221,157155,290676,235491.7965909209,31930.529472449438,0.0,-19101.902908768778,0.0,-1416.8441705563082,0.0,83618.30308287652,0.0,90776.74135817248,0.0,119593.41847157922,0.0,159721.77373753238,0.0,84950.42696512147,0.0
7455.328985414441,0.0,550078.4015407659,1223541.6600000886,327409.07400528475,110562.38786305313,157156,290678,235491.7965909209,31936.485004754915,0.0,-19101.902908768778,0.0,-1416.8441705563082,0.0,83618.30308287652,0.0,90776.74135817248,0.0,119593.41847157922,0.0,159721.77373753238,0.0,84950.42696512147,0.0
2031.3766666666668,0.0,654.6581910812574,1701.9699999999996,552.158078855725,121.48028021874624,259,889,373.67344984426967,11.047286351294348,0.0,-12.756303122720531,0.0,-5.645081445536448,0.0,78.12460111824177,0.0,60.91541110494642,0.0,268.7964155010497,0.0,258.2607837343411,0.0,-4.084922160357504,0.0
2055.384816843736,0.0,1026.684456810989,3771.369999999998,1421.215694898243,506.49357252754385,575,1731,816.9762757632232,-167.0156774406557,0.0,-155.34876022977983,0.0,-54.39959720942201,0.0,145.25872966516008,0.0,219.28523705367544,0.0,413.66658046312887,0.0,583.5825904793747,0.0,41.655354029509034,0.0
2079.3172222222224,0.0,745.7027333963131,7005.759999999998,3290.5498238850123,1533.770847558906,1118,2786,1435.7365951597674,-247.91893140248374,0.0,-571.4619473911163,0.0,-212.09160074091866,0.0,41.36958794140581,0.0,256.6288748088887,0.0,537.0987977815386,0.0,847.4876553179657,0.0,94.59029708103337,0.0
2199.3616666666667,0.0,3501.5655099194037,13696.469999999996,4767.708489198354,2800.1536965624928,2012,4896,2627.042304319768,586.3507212375414,0.0,-691.67915700082,0.0,-297.8887722847244,0.0,440.79330001866754,0.0,1126.9338831824834,0.0,1091.8205531036856,0.0,1144.6185661501272,0.0,100.61641551244435,0.0
2223.3794205950285,0.0,4394.640709763385,16648.359999999986,5484.334221606276,3480.960574248217,2422,6030,3288.4244943821504,519.6188339712729,0.0,-763.6964268505359,0.0,-369.75761841623296,0.0,636.4344839221912,0.0,1436.3046395729266,0.0,1290.4037605477308,0.0,1387.3412798650481,0.0,257.9917571509894,0.0
2247.3156481481483,0.0,5530.0828180983735,19690.679999999997,6419.560757744884,3836.4553424474675,2894,7184,3904.581081709308,351.43133464523487,0.0,-866.221088093861,0.0,-402.54660890060615,0.0,803.8338489959253,0.0,1627.8791763489705,0.0,1723.175032502194,0.0,1721.6132115660694,0.0,570.9179110344519,0.0
2367.4069444444444,0.0,6972.620359984998,23001.750000000007,7317.670209307374,4227.223926541044,3349,8451,4484.235504166604,400.7225831858746,0.0,-905.3256223322222,0.0,-377.10747660017427,0.0,1081.8319176816228,0.0,2087.016101387002,0.0,1963.7608638130146,0.0,1888.0270205375055,0.0,833.6949723124047,0.0
2391.4119444444445,0.0,8089.533116461367,26595.510000000042,8518.050720830766,4814.709830584616,3870,9737,5173.216332123243,228.04551285299743,0.0,-1129.722295281459,0.0,-377.1579299581951,0.0,1347.5746042344263,0.0,2077.9915093996997,0.0,2386.4800193233305,0.0,2504.5371234424438,0.0,1051.7845724481701,0.0
2415.3269444444445,0.0,10561.246047296103,32831.98000000009,10186.669873335772,5953.5153131990355,4705,11368,6130.548766169052,14.634668409682298,0.0,-1641.6389699664278,0.0,-310.5777414379853,0.0,1612.7385881358055,0.0,2609.870348583142,0.0,3185.5767800098965,0.0,3350.4538538733195,0.0,1740.1885196887529,0.0
2535.3467651486517,0.0,11546.064449979202,37171.59000000016,11545.151631786086,6845.5217030974345,5525,13132,7234.85221513731,-32.29719047249361,0.0,-1736.6570894595889,0.0,-373.91517416587834,0.0,1835.4654805649536,0.0,2904.9925925969687,0.0,3624.2581945340453,0.0,3651.515701569075,0.0,1672.7019348121755,0.0
2559.364722222222,0.0,12443.112912110728,41981.56000000007,13603.047106794085,7432.154250969951,6446,14985,8503.245730125267,-297.61610493720394,0.0,-1879.1160546777494,0.0,-383.4035998613933,0.0,1963.8282179659063,0.0,3157.06694444999,0.0,4076.9194523157985,0.0,4006.9172011300675,0.0,1798.516855725382,0.0
2583.3241666666668,0.0,14037.89064416233,48339.339999999924,15567.85914620146,8663.007209145027,7669,17312,10070.583000491275,-603.7370466739259,0.0,-2485.531457012964,0.0,-452.74291562079645,0.0,2223.7530589947764,0.0,3524.5823475579573,0.0,4946.814134388777,0.0,4889.176602524472,0.0,1995.5759200040422,0.0
2703.3369444444443,0.0,15719.225450772494,53874.94999999995,17072.792550351085,9592.796691364654,8689,19486,11490.135307511962,-546.440933696836,0.0,-2717.5508328024716,0.0,-454.41676292199185,0.0,2618.8004462517215,0.0,4005.868006133768,0.0,5633.620425870254,0.0,5144.576527370697,0.0,2034.7685745674023,0.0
2727.3431571310116,0.0,16913.45952909865,59243.32000000001,18929.871251755143,10264.062103054624,9703,21517,13135.92711609163,-664.0440735071188,0.0,-3066.6503117401767,0.0,-462.6511698357328,0.0,2804.1761398859376,0.0,4414.045649853338,0.0,6189.406215225516,0.0,5604.808855722656,0.0,2094.368223494289,0.0
2751.327222222222,0.0,19464.961324959615,66828.8400000002,21157.808265926622,11028.428173946508,11066,24085,15177.642235167119,-865.2595248743065,0.0,-3280.473290166434,0.0,-338.2084751427366,0.0,3094.717419796886,0.0,4908.738490249772,0.0,7110.1531200751515,0.0,6350.603327787674,0.0,2484.6902572338972,0.0
2871.334119689542,0.0,22686.82925388142,74998.72000000029,23061.822248939614,12066.066807923808,12405,27210,17184.00168925507,-348.9791334902394,0.0,-3428.138110917866,0.0,-298.83495560330255,0.0,3738.7103732518444,0.0,5405.398350285279,0.0,7844.9671092822755,0.0,7079.956984553012,0.0,2693.7486365207205,0.0
2895.343978236414,0.0,23947.63578997156,81635.68000000037,25622.388916015538,12935.72243739354,13624,29462,19129.93285661927,-664.8214465951105,0.0,-3819.7993939553558,0.0,-475.8045595768456,0.0,4047.4379283066855,0.0,5987.986086259501,0.0,8496.13983339268,0.0,7537.1362194639305,0.0,2839.3611226764733,0.0
2919.3269444444445,0.0,25061.728562416396,90457.02000000018,29611.8501900357,14232.862239664233,15359,32325,21550.57900788365,-1146.9061856982435,0.0,-4396.436196074469,0.0,-630.7839773152941,0.0,4416.474619913686,0.0,6293.845206771628,0.0,9140.930119482766,0.0,8241.97044501011,0.0,3142.6345303264998,0.0
3039.336388888889,0.0,32553.71724494268,105208.7900000002,31630.512463701547,16160.930604074383,17473,36621,24863.629687281296,-33.7904876548207,0.0,-4020.595759518763,0.0,-328.2421405686,0.0,5667.565906936905,0.0,7622.462436694815,0.0,11296.132521540108,0.0,8978.93105135411,0.0,3371.253716159323,0.0
3063.340277777778,0.0,34848.22890609909,112786.49000000024,33563.13246158532,17470.14798499441,18747,39242,26904.980647321096,-234.42287594539724,0.0,-4480.939187004258,0.0,-390.4313402237498,0.0,6257.73085821718,0.0,8109.384117899542,0.0,12129.847656811857,0.0,9820.63781434796,0.0,3636.4218619963044,0.0
3087.329166666667,0.0,37452.82103221156,120968.47000000022,36211.74381935333,18326.761606033095,20222,41969,28977.143542401926,-605.8545579867855,0.0,-4868.067989362901,0.0,-326.25621879776133,0.0,6784.680213665771,0.0,8735.427961513878,0.0,13026.013918186123,0.0,10692.069713843446,0.0,4014.807991149999,0.0
3207.3711004273505,0.0,40480.14725845724,128663.36000000013,38094.14647997554,19041.521557212825,21595,44685,31047.54470435443,-528.0151042307177,0.0,-4919.497178062592,0.0,-380.2102580300528,0.0,7349.852485359146,0.0,9404.052063692161,0.0,13874.043708750942,0.0,11462.898223180782,0.0,4217.023317797633,0.0
3231.3713782051286,0.0,42785.29719571086,136352.63999999987,40466.36613937129,19789.21165675434,23077,47510,33311.7650081638,-917.4447291473422,0.0,-5252.24112784586,0.0,-349.6703326201616,0.0,7738.5069173465145,0.0,9800.31621314165,0.0,14827.657401582046,0.0,12321.245864420554,0.0,4616.926988833241,0.0
3255.325277777778,0.0,46161.40805205176,146667.14999999976,43187.945457478076,21252.47739889744,25005,50879,36065.3190915733,-1164.9526544835396,0.0,-6038.2224199418815,0.0,-285.6150611336371,0.0,8332.667039986209,0.0,10455.386609100664,0.0,15945.159646985237,0.0,13553.042485729597,0.0,5363.942405808772,0.0
3375.370790741872,0.0,50201.45598976799,156212.64999999956,45051.88186499301,22190.579192313817,26652,54235,38768.732952925864,-1029.9941554287022,0.0,-6068.819565628161,0.0,-174.68776704114282,0.0,9258.769687490138,0.0,11305.335643108212,0.0,16980.003218723465,0.0,14322.82509121357,0.0,5608.0238373302855,0.0
3399.38,0.0,52231.6521525863,163652.50999999943,47360.7756862927,23101.24343319272,28039,57032,40958.8387279292,-1242.9420037490668,0.0,-6436.915916881664,0.0,-189.35365888781067,0.0,9812.238807468244,0.0,11800.391017102893,0.0,17567.770532816918,0.0,15197.804286871318,0.0,5722.659087844874,0.0
3423.3275,0.0,54401.43343990196,171500.80999999907,50220.29547160224,23655.2597367279,29486,59719,43223.82135176908,-1450.058028525941,0.0,-6785.197498906192,0.0,-137.1769619572144,0.0,10257.10575896959,0.0,12322.934143457836,0.0,18278.582804969978,0.0,15905.487338704155,0.0,6009.755883188621,0.0
3543.33856851965,0.0,58195.41927771476,182133.93999999916,53107.89177157785,24475.225507594492,31493,63370,46355.40344311417,-1265.9398579145982,0.0,-6991.418037642972,0.0,-301.5114324996663,0.0,10909.507851158636,0.0,12969.864476227409,0.0,19272.955821948224,0.0,16833.725585797514,0.0,6768.234870639069,0.0
3567.3424555555553,0.0,60750.7884061334,190862.78999999916,55677.51749633585,25870.129148842578,33085,66616,48564.35494868919,-1126.380879021437,0.0,-8005.88544011271,0.0,-256.0078394034208,0.0,11400.91233390558,0.0,13723.713226010208,0.0,19944.735842981197,0.0,17600.594609009113,0.0,7469.106552763569,0.0
3591.3283333333334,0.0,64211.51780174147,201098.09999999887,58731.338460792525,26720.918193618865,34941,69664,51434.32554384819,-1330.7456953553876,0.0,-8177.661527616038,0.0,-133.24998356323607,0.0,11860.031889570088,0.0,14225.454910893612,0.0,21218.01096727471,0.0,18791.81491600451,0.0,7757.862324531701,0.0
3712.339404761905,0.0,69869.53789591356,213499.5199999993,60882.61002234868,27897.527422487237,37045,73523,54849.84465925116,-1081.0233711455608,0.0,-8249.345884259299,0.0,-77.1916494653494,0.0,12614.462990692293,0.0,15354.570495349086,0.0,22564.238748969023,0.0,20289.383652905854,0.0,8454.442912865903,0.0
3736.343012964094,0.0,76853.98679065265,229014.06999999905,64187.731930798094,29649.114393469114,39436,77711,58323.236885080776,-1019.2084104100935,0.0,-8889.69307742602,0.0,-82.16195696035808,0.0,13547.031456491006,0.0,15979.41024574897,0.0,23377.906998790775,0.0,23516.375550699533,0.0,10424.32598371696,0.0
3759.3256837606837,0.0,84959.33110738531,244889.00999999902,67153.82522490148,31183.047752798717,41781,81626,61592.80591491531,-194.1948556649982,0.0,-8416.077657865171,0.0,-42.043999826625196,0.0,14929.372890095812,0.0,16633.789228041718,0.0,24288.46290488754,0.0,26647.6672058297,0.0,11112.355391884688,0.0
3880.3454696552985,0.0,89282.3564111943,255280.5399999993,69293.97652061262,32401.05866820045,43540,84830,64303.148399993304,-267.44560957176395,0.0,-8478.264157231244,0.0,-67.20306201470474,0.0,15837.433461474102,0.0,17466.95033923063,0.0,25420.00202623219,0.0,28003.220626814316,0.0,11367.662786257992,0.0
3904.361388888889,0.0,93522.02529868142,265632.4699999997,71749.31615278231,33303.133859868554,45333,88072,67057.99468866887,-366.15181721671144,0.0,-8843.27204771752,0.0,-98.23140308985946,0.0,16609.927061793907,0.0,17948.192006613033,0.0,26439.289418959954,0.0,29780.25747742702,0.0,12052.014601908173,0.0
3927.3283333333334,0.0,98017.88985431539,276179.6100000011,74378.96233285186,34033.17359762039,47236,91095,69749.58421521257,-213.98002697821397,0.0,-8976.10175497113,0.0,9.538220018077554,0.0,17296.18934314527,0.0,18633.48072438124,0.0,27274.23519397748,0.0,31001.92710811638,0.0,12992.601046623346,0.0
4048.339722222222,0.0,101930.98486973313,286167.8800000003,76573.23871779835,35064.75743443724,49069,94386,72598.89897803181,-63.34461215688539,0.0,-9053.670628464326,0.0,-10.722814656816938,0.0,18125.295401332183,0.0,19395.8143311697,0.0,27977.740851033523,0.0,32029.40007562631,0.0,13530.47226584699,0.0
4072.3433197577274,0.0,106463.53788649094,298910.35000000027,79405.48550951893,36896.359966498334,51231,98308,76144.96663749292,-122.15067945679685,0.0,-9176.579862464154,0.0,-38.45168922632955,0.0,18879.6175399826,0.0,20210.004888994103,0.0,29339.226366644714,0.0,33243.25316436348,0.0,14128.618157649653,0.0
4095.325277777778,0.0,107822.9919632391,308566.7500000011,83498.38342089076,38064.36301862711,52944,101887,79181.01159724461,-227.936547076163,0.0,-9223.819082550765,0.0,-391.3093400149194,0.0,19228.046781111167,0.0,20462.78874335547,0.0,29501.361340878444,0.0,33623.81108965276,0.0,14850.048977878683,0.0
4216.332222222222,0.0,111464.17627072867,317803.97000000055,85564.31193878621,38735.02633362932,54517,104942,82040.45545685706,-33.90508796743039,0.0,-9248.250989208474,0.0,-266.3173555991833,0.0,20006.414139446595,0.0,21257.553733668014,0.0,30015.726614605413,0.0,34568.581735463056,0.0,15164.373480316597,0.0
4240.349166666667,0.0,114519.95849412942,327072.6399999993,88260.82125259664,39617.342806858156,56204,107781,84674.5174464169,-228.80892607848924,0.0,-9398.842438320256,0.0,-267.612139413092,0.0,20678.10318328707,0.0,21732.68983298217,0.0,30832.454012067446,0.0,35626.63103127229,0.0,15545.343938328177,0.0
4263.327818732194,0.0,117198.3347314303,337217.43999999703,92059.74341463775,40575.265067816435,58127,110744,87384.0967861167,-30.525837050748102,0.0,-9719.345321485358,0.0,-441.77247317102615,0.0,21232.72726617305,0.0,22190.335463514886,0.0,31596.78595829195,0.0,36613.1120830853,0.0,15757.017592068212,0.0
4384.349401852984,0.0,121663.72130315442,349113.269999997,94740.95229956272,41892.439317806464,60462,114837,90816.15707947793,220.0323572682963,0.0,-9910.519288667609,0.0,-524.6313424979982,0.0,22426.374864978236,0.0,22912.069261273602,0.0,32421.842698131015,0.0,38035.41964376166,0.0,16083.133108902572,0.0
4408.350833333333,0.0,126608.28262620648,361996.1599999967,97305.8220419248,43802.07177176803,63009,119169,94279.98356010226,746.5635058978163,0.0,-10572.20636690432,0.0,-587.967667422392,0.0,23134.6411246092,0.0,23730.147124811032,0.0,33127.940575501496,0.0,39955.62809097686,0.0,17073.536238731882,0.0
4431.328469900462,0.0,131524.33856136852,374413.2899999976,100236.79138290211,44926.397510043986,65351,122913,97725.76254568664,820.663664429042,0.0,-10811.552939316904,0.0,-394.0942907605587,0.0,23875.93999153823,0.0,24545.239477559342,0.0,33959.16468333739,0.0,41645.69819517371,0.0,17883.279779403758,0.0
4552.3358333333335,0.0,135229.52836309516,384419.0599999968,102346.47442337731,46066.74788306304,67186,126403,100776.30933046639,981.8449658151998,0.0,-10868.54746506867,0.0,-401.6785269816564,0.0,24519.660779509635,0.0,25134.207335306666,0.0,34634.92761041906,0.0,42705.419411121395,0.0,18523.69425296755,0.0
4576.336111111111,0.0,137788.10529546204,396079.0399999958,105577.7523969915,48836.47222411106,69482,130112,103876.71008343657,1115.7443228068055,0.0,-12215.832713414618,0.0,-545.8276972880481,0.0,25003.99245983619,0.0,25762.026714538737,0.0,35154.331357964904,0.0,44061.07290892382,0.0,19452.59794208852,0.0
4599.328012964094,0.0,141979.0808273909,408634.24999999517,108763.26743392691,50405.6974907255,71803,134090,107486.20424795829,1268.3609595290802,0.0,-12720.829490899476,0.0,-830.5997530952454,0.0,25633.389950049794,0.0,26616.101516125105,0.0,35941.19300033587,0.0,45659.95670784332,0.0,20411.507937496037,0.0
4720.338921356421,0.0,145382.43368202378,418322.45999999606,111048.2167365714,51437.87747032241,73554,137360,110453.93211108411,1380.2464537034032,0.0,-12813.193029368882,0.0,-861.1790821366203,0.0,26281.98361265938,0.0,27122.815728966205,0.0,36659.454119933616,0.0,46638.27215504861,0.0,20974.033723210516,0.0
4744.34110209514,0.0,148272.45390229012,428033.7699999967,113505.20284617429,52906.70836152754,75323,140748,113349.40489001,1624.4355526145741,0.0,-13052.731880972779,0.0,-1188.2083886844848,0.0,26762.60790178379,0.0,27617.641927509623,0.0,37232.41167370886,0.0,47551.12769636768,0.0,21725.16941995423,0.0
4767.329166666666,0.0,150106.4943282886,437068.9699999965,116773.07552334153,54219.28729098559,76897,144049,115970.1128573874,1771.203504460747,0.0,-13276.485610305515,0.0,-1382.7638450793697,0.0,27217.690265635265,0.0,27971.431535078613,0.0,37547.121173813895,0.0,48162.5402193913,0.0,22095.75708528398,0.0
4888.354166666667,0.0,151610.0202318353,443325.7299999967,118701.28218579711,55014.79988157932,77942,146146,117999.62770079321,1985.0002422028967,0.0,-13583.129084416043,0.0,-1439.0158095077957,0.0,27376.71000753097,0.0,28104.528231298948,0.0,37860.18156481269,0.0,48611.26962932891,0.0,22694.475450573613,0.0
4912.360277777778,0.0,154264.41236042406,451664.97999999597,120750.69840229242,56052.046916775485,79361,148801,120597.82232051488,2218.892475867173,0.0,-13767.35553910638,0.0,-1480.70644683585,0.0,27737.150275575135,0.0,28555.114635646056,0.0,38387.42630840059,0.0,49305.616759540324,0.0,23308.273891324163,0.0
4935.328888888889,0.0,157472.49042572113,461399.5599999954,123289.36593404564,57217.90181200636,81067,151648,123419.80182823434,2469.555584052778,0.0,-14036.721553487088,0.0,-1666.2120795237663,0.0,27976.166172879213,0.0,28966.23752644964,0.0,39002.39253998524,0.0,50640.714604456996,0.0,24120.357630894832,0.0
5056.339166666667,0.0,160649.74975789298,469992.019999995,125184.64631430813,58130.9077298601,82504,154598,126026.71619794745,2773.1275944729928,0.0,-14098.154973490471,0.0,-1664.17945435281,0.0,28353.975392951223,0.0,29628.055466127294,0.0,39881.991857380766,0.0,51254.3795769048,0.0,24520.55429788393,0.0
5080.348125640463,0.0,163508.23242696995,479593.78999999457,127803.20875398205,59266.631003194714,84117,157412,129015.71781586288,2900.4569381565634,0.0,-14377.961247969617,0.0,-1764.4420478351954,0.0,28724.46652136742,0.0,30220.45957732764,0.0,40796.29604177555,0.0,52051.058834333955,0.0,24957.89780979666,0.0
5103.326666666667,0.0,166433.49476864794,489691.99999999435,130992.3596861436,60359.5816904658,85943,160288,131906.56385475447,2835.410045682588,0.0,-14623.25914394645,0.0,-1818.6482635974305,0.0,29231.88055132109,0.0,30763.181880494656,0.0,41519.104064712104,0.0,53156.59421053355,0.0,25369.23142342933,0.0
5224.3340526237325,0.0,171921.85881478095,503166.239999994,134180.80145247377,61781.41432424672,88446,164294,135282.1654085103,3110.2829524137533,0.0,-14705.718932691612,0.0,-1796.128409557184,0.0,30340.454920096323,0.0,31511.515747704023,0.0,42631.90302036465,0.0,54922.54821405171,0.0,25907.0013023821,0.0
5248.335321673006,0.0,177060.67964473,515994.3599999939,137400.61317227513,62818.76791993866,90827,168196,138714.29926306702,3223.5864907435935,0.0,-14846.849915408035,0.0,-1964.2539956919597,0.0,31286.832720693736,0.0,32352.947522553117,0.0,43499.40428044319,0.0,56488.61799490456,0.0,27020.39454647398,0.0
5271.327777777778,0.0,181161.62276944984,531561.259999993,143100.57174684393,64576.74919389097,93685,172282,142722.3162898265,3331.438829548737,0.0,-15489.570468628224,0.0,-2528.2540599269873,0.0,32256.46145836702,0.0,33222.4190874747,0.0,44888.00252641702,0.0,57994.69636775809,0.0,27486.42902842113,0.0
5392.329816843736,0.0,187966.111884284,547325.5099999931,146187.08716780896,66360.06362766583,96488,177047,146812.24732025203,4035.2175048748427,0.0,-15300.818164175544,0.0,-2667.262019039787,0.0,33406.2094090929,0.0,34469.68915610302,0.0,46345.385749538895,0.0,59618.955942292356,0.0,28058.73430557722,0.0
5416.33,0.0,195138.47351114583,562440.8899999916,149219.4206095805,67579.03944711607,99021,181389,150503.95643216712,4027.104065778383,0.0,-15948.50776520477,0.0,-2473.7942205172144,0.0,34528.664058642484,0.0,35479.38823626018,0.0,48324.81501916162,0.0,61980.015436976595,0.0,29220.788680026977,0.0
5439.329297977009,0.0,201575.856788737,576669.7599999913,152250.93394281706,68552.02348540782,101730,185636,154290.94578304773,4169.820686249107,0.0,-16161.486470135513,0.0,-2514.465653059696,0.0,35949.28040296569,0.0,36295.19570452744,0.0,49651.47082287853,0.0,63819.67894793277,0.0,30366.362347356193,0.0
5560.3422222222225,0.0,206357.6434664023,588489.7399999892,154574.03775724443,69381.8673102478,103935,189630,158176.19146611379,4248.453763384341,0.0,-16149.089609732484,0.0,-2406.8556802914873,0.0,36967.88154273702,0.0,36921.63870881712,0.0,50836.00869165838,0.0,65012.25847917346,0.0,30927.34757063321,0.0
5584.359814102564,0.0,211311.29169527243,600469.5299999885,157004.72535910763,70649.31091500419,106209,193502,161504.20203062365,4271.435771477259,0.0,-16545.451450841367,0.0,-2397.300402077998,0.0,37955.70183457466,0.0,37653.754116693606,0.0,51748.94296729092,0.0,66562.99861333723,0.0,32061.210244795147,0.0
5607.3281086142315,0.0,216823.7468857548,614453.2599999913,160478.66689714944,71779.75228093781,108748,197436,165371.09393616434,4267.5000245739775,0.0,-16861.284426137237,0.0,-2516.445653829137,0.0,39095.914936693436,0.0,38641.91932447575,0.0,53143.45260745613,0.0,68154.64893887269,0.0,32898.041133628256,0.0
5728.3325,0.0,222199.13566154792,626846.7699999935,163115.07872348157,72828.31335563656,110999,201320,168704.24225933972,4617.042639817226,0.0,-17000.742883660256,0.0,-2496.7426854853957,0.0,40072.36392656529,0.0,39555.44314959189,0.0,54295.659492839135,0.0,69459.22986521173,0.0,33696.88215664589,0.0
5752.336944444444,0.0,227239.05653702596,639199.859999991,165730.8212281699,73990.88885804721,113322,205293,172239.09337676025,4550.838823075444,0.0,-17271.915455659113,0.0,-2445.194471353786,0.0,40907.6583867161,0.0,40512.65476034847,0.0,55415.978306539575,0.0,70957.53107160532,0.0,34611.50511573061,0.0
5775.328888888889,0.0,232409.03628180057,653325.7499999905,169192.21377810967,75280.30770478849,116063,209560,176444.19223530497,4567.067736240338,0.0,-17852.41513313787,0.0,-2434.6568916761107,0.0,41931.68171849243,0.0,41250.79560391721,0.0,56575.65150506531,0.0,72616.67088249765,0.0,35754.24086037796,0.0
5896.334821252465,0.0,237705.7333163734,665311.249999988,171524.04504877515,76086.431171822,118241,213794,179995.0404630333,4733.743813071031,0.0,-17788.79567860093,0.0,-2321.5162033676334,0.0,42747.707310672195,0.0,42237.84365215961,0.0,57792.39961000652,0.0,74264.62162842427,0.0,36039.72918398383,0.0
5920.336944444444,0.0,242968.3603254809,678055.169999985,174009.7333626123,77269.90211374755,120653,217737,183807.17419816373,4811.999646199951,0.0,-18128.689612385173,0.0,-2223.310444657088,0.0,43006.922356662515,0.0,43219.413703395185,0.0,59078.90378105573,0.0,76234.53031403845,0.0,36968.590581144235,0.0
5943.327894894895,0.0,249590.72846356314,695160.209999986,178520.96916651033,78890.33218274498,123818,222246,188158.1801871835,4836.270632319679,0.0,-18538.57528160367,0.0,-2114.7030324107627,0.0,44193.197615593424,0.0,43975.67328143753,0.0,60659.93637707494,0.0,78453.22535180717,0.0,38125.70351931865,0.0
6064.330379353233,0.0,255699.3604482054,711032.7499999864,182575.84155541554,80254.64601517389,126538,226650,192502.9019812051,4798.82483193306,0.0,-18612.50369603556,0.0,-1983.8028443702583,0.0,45493.479598809456,0.0,44973.605886862206,0.0,62399.81941078936,0.0,80441.88038489054,0.0,38188.056875301554,0.0
6088.33407207796,0.0,262351.9509833228,729686.8699999872,187120.15775592386,82693.74871320774,130096,232150,197521.012547544,4679.0307621030615,0.0,-20153.457185732022,0.0,-2080.4173967205543,0.0,46984.95483614458,0.0,46082.905266640504,0.0,63482.82077682546,0.0,83017.98836186102,0.0,40338.12556217346,0.0
6111.325833333333,0.0,269696.3820232366,748539.5399999889,191773.0281768342,84379.49335454019,133573,237100,202690.63644539178,4707.037654666969,0.0,-20377.37265616178,0.0,-2519.230852568652,0.0,48387.90050656369,0.0,47158.684315513274,0.0,65166.1601618422,0.0,85577.76409148365,0.0,41595.438801863704,0.0
6232.333333333333,0.0,278067.30740696855,765867.639999989,194590.73631394934,85932.1001716746,136422,242260,207277.49610740997,5516.066175130729,0.0,-20293.512765307278,0.0,-2612.8429795279008,0.0,49745.67287103576,0.0,48796.66064965723,0.0,66905.92754606482,0.0,87404.8994014325,0.0,42604.43650844582,0.0
6256.34,0.0,285162.5066033785,782620.4899999877,198016.32530897137,87563.57294175321,139283,246787,211878.08514590035,5671.342830672755,0.0,-20893.856582196175,0.0,-2443.790900966003,0.0,51197.903097253366,0.0,50188.26988157717,0.0,68514.55980332578,0.0,89189.73258566565,0.0,43738.34588800698,0.0
6279.3275,0.0,294416.1503796472,801474.2499999863,201598.62265220203,88650.06601275282,142586,251674,216809.41095540812,5952.550434224106,0.0,-21079.980467987112,0.0,-2549.009298524728,0.0,52792.16569182476,0.0,51417.24471175725,0.0,70529.67968716679,0.0,92174.06401811342,0.0,45179.43560302512,0.0
6400.3375,0.0,302412.9775485747,817148.5399999873,204058.96255106525,89712.22694130384,145222,256254,220964.3729590696,6300.2197556992005,0.0,-21201.053888170383,0.0,-2435.423326499981,0.0,54321.82300819554,0.0,52881.90584711135,0.0,72351.79462061361,0.0,94025.49283933174,0.0,46168.21869224135,0.0
6424.3405555555555,0.0,309311.1838191893,833053.3799999878,207737.60154337925,90951.48494258223,148125,260955,225053.10969486643,6548.257979293768,0.0,-21789.928773575357,0.0,-2344.21493529048,0.0,55482.58378802505,0.0,54037.69295524489,0.0,73409.61283506376,0.0,95961.27713640023,0.0,48005.90283396906,0.0
6447.328611111111,0.0,316305.2447605591,849873.5499999841,211856.12561200713,92379.32513567695,151110,265317,229332.8544917782,6682.5331111547375,0.0,-21838.296139600363,0.0,-2516.1776107089427,0.0,56516.94781117894,0.0,55095.33504511816,0.0,74990.2517936058,0.0,98071.06457832508,0.0,49303.586171422765,0.0
6568.343535848683,0.0,324098.2058455065,866429.029999985,214979.96255049232,93446.67916936576,153973,269918,233904.18243465736,6962.076564419329,0.0,-21992.309083588254,0.0,-2338.4217150315358,0.0,58070.17926051218,0.0,56585.71330120337,0.0,76853.08311901952,0.0,99676.79114593203,0.0,50281.093252974286,0.0
6592.3543150885835,0.0,332036.5727197449,885350.4399999857,219381.03482402719,95027.40959604464,157280,274853,238905.42286020398,6940.477583780301,0.0,-22472.45077711571,0.0,-2349.388085538387,0.0,59439.63393502203,0.0,57947.50172745456,0.0,78372.18773098532,0.0,102286.74467975837,0.0,51871.86592533077,0.0
6615.326520199232,0.0,336795.5146562931,908681.1899999827,229378.36330645107,97685.01151262074,161377,280034,244822.30052465133,6961.337864947145,0.0,-22919.89162060705,0.0,-2305.3549400281336,0.0,60810.090267763255,0.0,58753.73349611861,0.0,79224.64314342182,0.0,103973.11111170817,0.0,52297.84533290315,0.0
6735.330833333333,0.0,395328.5727436138,991603.7699999823,234103.0634155281,104578.32363462004,170071,294006,257593.81020626047,14218.717914354227,0.0,-22300.41551178464,0.0,-995.3118006602215,0.0,72036.39870101206,0.0,63911.08361837315,0.0,90645.18228897308,0.0,116758.96231916054,0.0,61053.95521410402,0.0
6759.331035848683,0.0,442142.44960546296,1069743.7299999874,242537.32605903887,113594.99912394841,179506,307753,271468.9552115687,22564.455493929752,0.0,-23268.365018515775,0.0,-1185.023778877397,0.0,79503.63122107887,0.0,69333.08009823428,0.0,100492.99398315912,0.0,127096.03884856652,0.0,67605.63875780052,0.0
6783.327914344906,0.0,489729.99645624985,1145108.249999998,249857.80357619346,120635.05507342383,188722,322161,284885.3948941485,31367.034280658296,0.0,-22928.520560071724,0.0,-298.0232113118751,0.0,84457.35091523088,0.0,76278.50389304038,0.0,111535.48845858246,0.0,135365.6424331706,0.0,73952.52024685802,0.0
6903.330074507011,0.0,500623.62872535066,1165325.4399999946,253335.84576390585,121807.66265325922,191689,327160,289558.30285749974,31625.584390719578,0.0,-22669.42064155437,0.0,117.73215050302998,0.0,86258.04653550217,0.0,78547.11904249604,0.0,115320.77072156679,0.0,136856.94352957472,0.0,74566.85299644845,0.0
6927.331388888889,0.0,507470.51772731834,1180962.0699999982,256728.78504290996,122975.02201329435,194162,331399,293787.74521649524,31610.064995094202,0.0,-22895.977411641423,0.0,146.42687394723583,0.0,87253.12129732086,0.0,79748.74016225402,0.0,117050.15343648237,0.0,138857.82874827253,0.0,75700.15962548964,0.0
6951.324722222223,0.0,520132.0269420203,1204553.23,260604.0595358494,124413.56054031943,197628,336843,299403.5829818286,31593.75831578116,0.0,-23091.701392737632,0.0,894.5518169713238,0.0,88858.06347116978,0.0,81436.71592700116,0.0,120133.51953102645,0.0,143108.84155753767,0.0,77198.27771516873,0.0
7071.344722222222,0.0,528773.2562496192,1221593.589999999,263576.4642368985,125659.9289218948,200438,341650,303583.9405916056,31867.16892569444,0.0,-23276.066691613516,0.0,1166.7753348197703,0.0,90472.84656998285,0.0,83353.76293712539,0.0,122499.47011583827,0.0,144814.69088401398,0.0,77874.60817365267,0.0
7095.345738744627,0.0,535947.5989980449,1237686.439999995,267071.0069643801,126771.84667392801,203221,346319,307895.98736366164,31884.492870487677,0.0,-23770.134701939467,0.0,1355.9653955018325,0.0,91716.220291034,0.0,84677.38037872614,0.0,124454.72187309689,0.0,146636.23128450286,0.0,78992.72160652929,0.0
7119.32874767824,0.0,544654.2420477166,1257164.0399999942,271294.79688693356,128208.97829565284,206623,351571,313006.02276970295,32048.497238824155,0.0,-23958.340878681378,0.0,1636.2086439940624,0.0,93371.17334341333,0.0,85964.8464685361,0.0,126381.73407843488,0.0,148761.73800162002,0.0,80448.3851514735,0.0
7239.342024339267,0.0,553432.2938132394,1274193.579999994,274194.2387048992,129151.15115187367,209549,356614,317415.89632998337,32450.993846905745,0.0,-23883.142044057775,0.0,1737.3716635895996,0.0,95049.99019248034,0.0,87334.95908592708,0.0,128582.82704142152,0.0,150840.9555673403,0.0,81318.33845953752,0.0
7263.343192122684,0.0,561847.0495711761,1292797.2799999877,278347.8045953909,130337.59140162775,212864,361572,322264.83443179977,32427.91775738361,0.0,-24376.811885413972,0.0,2209.9867912251993,0.0,96508.00993909418,0.0,88769.2943687091,0.0,130527.37681240658,0.0,152985.6958202227,0.0,82795.57996745069,0.0
7287.325347222221,0.0,572421.0271296466,1315540.5499999835,282981.5289971333,131968.68331562317,216787,367307,328169.3105575867,32355.959036207067,0.0,-24643.853125457303,0.0,2597.780570994324,0.0,98071.08953913867,0.0,90351.49421745099,0.0,133412.5375120177,0.0,155593.98595778705,0.0,84682.03342140991,0.0
7407.336312579596,0.0,580936.409521469,1332694.6499999894,285541.71205522516,133322.5962668996,219758,372703,332893.9321563928,32795.090419252716,0.0,-24703.718697387012,0.0,2666.890687792418,0.0,99655.7982641375,0.0,91891.63284007038,0.0,135718.3506645218,0.0,157167.21170029708,0.0,85745.15364268773,0.0
7431.336388888889,0.0,588308.5948307603,1348872.089999991,288665.40545439586,134388.7544300192,222671,377676,337509.33528480626,32792.95407995025,0.0,-25143.25296069906,0.0,3083.1010296258173,0.0,100761.16487732709,0.0,93529.36659302222,0.0,137506.29408926397,0.0,158773.9109155772,0.0,87005.05620659672,0.0
2031.3766666666668,0.0,280.4903890587209,1533.0700000000008,577.1604004667184,329.9068552921388,244,889,345.512355182422,5.7567275349584595,0.0,-21.73911539244429,0.0,-97.08202805227937,0.0,22.654431930410706,0.0,55.74176616148207,0.0,174.45331940651639,0.0,157.99304644820853,0.0,-17.28775897813146,0.0
2055.384816843736,0.0,381.92921413677914,3632.1000000000035,1384.8492245236698,1084.4242592816456,570,1731,780.8973020579068,-200.84842810761367,0.0,-149.93113707921094,0.0,-167.98582209671196,0.0,8.2529653514681,0.0,121.23119184804098,0.0,365.76450088800516,0.0,451.7601999992129,0.0,-46.314256666411644,0.0
2079.3172222222224,0.0,60.34812437395972,6601.430000000008,3016.7984186163903,2063.017056558972,1078,2786,1461.2664004506744,-403.32299343061914,0.0,-664.4728358624686,0.0,-360.1759774434941,0.0,-77.64512827972536,0.0,198.52976522777234,0.0,504.08972922681914,0.0,763.5345826686134,0.0,99.81098226706024,0.0
2199.3616666666667,0.0,2826.577470112173,13110.030000000013,4296.6228272853305,3418.784894282488,1942,4896,2568.0448083200263,448.4912989646663,0.0,-781.8104423688246,0.0,-550.6814486390458,0.0,342.59839559417793,0.0,1022.3347122314353,0.0,1080.2813906976226,0.0,1124.312780357076,0.0,141.0507832750643,0.0
2223.3794205950285,0.0,4080.7199438409602,15921.720000000018,4973.137334501328,3785.8539104028323,2311,6030,3082.0088112549133,450.23235873137156,0.0,-787.0111912470712,0.0,-560.9128040883598,0.0,610.8283843688115,0.0,1280.6918487614203,0.0,1480.9289307628198,0.0,1344.4798985956122,0.0,261.48251795635696,0.0
2247.27,0.0,5261.591328924904,18761.579999999984,5828.689144929651,3985.657613784557,2732,7184,3685.641912360901,313.2063547624297,0.0,-888.0889987192459,0.0,-582.049827349754,0.0,755.7477048658885,0.0,1496.7137254127267,0.0,1914.094383885771,0.0,1705.9473159408415,0.0,546.0206701262528,0.0
2367.4069444444444,0.0,6799.3260796927225,22088.50999999996,6696.450882821982,4267.1886165478,3164,8451,4325.54442093751,395.19754349496105,0.0,-920.638021359602,0.0,-578.4807307751258,0.0,1030.4285753491772,0.0,1821.1256865092757,0.0,2199.753010445049,0.0,2068.3104667860725,0.0,783.6295492429199,0.0
2391.4119444444445,0.0,8131.508868001301,25755.20999999995,7779.201743802423,4819.980283614206,3695,9737,5024.519104582061,436.18274326154676,0.0,-1170.2320963121313,0.0,-652.822502047174,0.0,1219.076595412359,0.0,1975.5336683108696,0.0,2626.1346759955795,0.0,2736.808022535567,0.0,960.8277608447136,0.0
2415.3269444444445,0.0,10278.832504073942,31306.769999999982,9072.373371965616,5825.596151660455,4430,11368,6129.967972300035,247.5693614232088,0.0,-1599.986972241719,0.0,-646.8255200942609,0.0,1463.6606336089176,0.0,2614.2106888811686,0.0,3329.9461619863173,0.0,3479.8153636782645,0.0,1390.442786832092,0.0
2535.3591666666666,0.0,11272.924789683173,35820.22999999988,10472.586106589233,6818.127700981502,5266,13132,7256.591402746096,162.79489961778995,0.0,-1715.9867316158566,0.0,-670.1106621137591,0.0,1733.7834690914965,0.0,2930.07139419264,0.0,3759.8910825641146,0.0,3846.1566378492353,0.0,1226.324700097561,0.0
2559.364722222222,0.0,12143.0350803869,40428.19999999983,12185.05716903055,7431.036786379531,6154,14985,8669.070964202998,-146.35184201371345,0.0,-1856.1472835330142,0.0,-663.316774250279,0.0,1861.2473250320807,0.0,3009.02143650038,0.0,4155.1288762824015,0.0,4351.828050965536,0.0,1431.6252914036224,0.0
2583.3241666666668,0.0,14095.629918873356,46104.99999999975,13751.112212417764,7960.517791026135,7285,17312,10297.740077682723,-327.78949999791996,0.0,-2030.7469817950655,0.0,-655.0736612133455,0.0,2191.8703643767244,0.0,3361.817671714804,0.0,4822.67216365279,0.0,4984.903310235586,0.0,1747.9765518998381,0.0
2703.3369444444443,0.0,16042.87977747223,51604.31999999986,15244.79562703655,8514.506267926197,8288,19486,11802.138327565051,-333.1779987795257,0.0,-2091.734246991287,0.0,-686.6950028359001,0.0,2558.9931509329876,0.0,3890.023646456672,0.0,5435.495405105856,0.0,5342.651177044029,0.0,1927.3236465394007,0.0
2727.3431571310116,0.0,16740.399596565218,57718.15999999997,17594.397103806037,9840.185317212157,9450,21517,13543.17798241656,-392.0699080023626,0.0,-2674.177619988406,0.0,-832.8220342737519,0.0,2646.123089800868,0.0,4343.214782431035,0.0,5876.838747641406,0.0,5732.954699994758,0.0,2040.337838961702,0.0
2751.327222222222,0.0,19105.455540046172,65781.94000000016,20083.205991525032,10909.404287070322,10949,24085,15683.874181358313,-725.7703244996412,0.0,-2950.355842064055,0.0,-841.1021312344006,0.0,2870.9958513426363,0.0,4901.687445716536,0.0,6693.4828126099255,0.0,6531.103246057701,0.0,2625.414482117717,0.0
2871.334119689542,0.0,22227.280470980677,74110.92000000019,22014.88350306575,12041.602085485196,12326,27210,17827.15394046806,-117.21965812002082,0.0,-3270.9373114053083,0.0,-876.0108115417532,0.0,3500.9077116409,0.0,5547.105173152523,0.0,7291.176758375592,0.0,7210.189033240255,0.0,2942.069575638804,0.0
2895.349166666667,0.0,23215.970513334454,80773.8400000004,24893.593974459283,12944.42905490792,13544,29462,19719.846457298027,-462.01250233518306,0.0,-3866.894215425608,0.0,-1031.482476839682,0.0,3784.034937601525,0.0,6237.182189798809,0.0,7829.073754032174,0.0,7577.5971081688685,0.0,3148.471718333913,0.0
2919.3269444444445,0.0,24793.928840364282,89207.77000000016,28185.28319482677,13958.154022179331,15230,32325,22270.40394262942,-742.3925655236874,0.0,-4299.489026266776,0.0,-1088.3674811319474,0.0,4026.4511520283245,0.0,6572.463551590336,0.0,8369.914368643984,0.0,8401.302099166878,0.0,3554.0467418575035,0.0
3039.336388888889,0.0,31856.78153475983,103797.05000000002,30325.550895785604,16153.887025172025,17329,36621,25460.83054428211,538.6545119269725,0.0,-3904.000749955134,0.0,-971.624458942278,0.0,5024.96183873558,0.0,7678.364840437029,0.0,10445.216154385707,0.0,9167.450295137129,0.0,3877.7591030351646,0.0
3063.340277777778,0.0,34443.6816633516,111819.64000000013,32240.314282618885,17618.292256532954,18682,39242,27517.351797496496,388.53083959513,0.0,-4397.720201177886,0.0,-961.9967370910758,0.0,5559.5271866633575,0.0,8184.068957849523,0.0,11282.125985303484,0.0,10143.384819389321,0.0,4245.760812819858,0.0
3087.329166666667,0.0,36914.88934522815,119530.24000000003,34618.34832308306,18319.65617167641,20109,41969,29677.346160012312,14.699864871858008,0.0,-4603.59891365833,0.0,-934.293034190568,0.0,6078.0990471833065,0.0,8759.028234276604,0.0,12144.518609297267,0.0,10967.979155935047,0.0,4488.456381513025,0.0
3207.364096838834,0.0,39303.14507618083,126766.80000000003,36756.49893188019,19025.22437814866,21437,44685,31681.931613790464,105.92357289308704,0.0,-4736.170630393564,0.0,-983.95354457277,0.0,6618.279847351208,0.0,9091.770788224097,0.0,12953.191232841025,0.0,11710.036790150545,0.0,4544.067019686903,0.0
3231.364455678613,0.0,41410.89521624586,134280.98999999996,39034.70320923371,19825.190392538887,22868,47510,34010.20118198184,-375.33217160004625,0.0,-5035.311899744991,0.0,-863.7799139955772,0.0,7058.9585851674,0.0,9559.505938674603,0.0,13690.23198750772,0.0,12453.290151542451,0.0,4923.332538693683,0.0
3255.3268265250545,0.0,44918.74197655407,144504.53999999975,41718.632974327076,21057.516326438126,24797,50879,36809.64872268092,-720.8243632641871,0.0,-5416.154164558596,0.0,-808.5530635937794,0.0,7632.5029252614895,0.0,10260.796056461662,0.0,14556.294380011794,0.0,13703.120719871958,0.0,5711.559486363039,0.0
3375.3706802721085,0.0,48907.39561918993,153746.3599999997,43515.07159359638,21902.376276547348,26395,54235,39421.51651066665,-639.9578555573003,0.0,-5505.454839460086,0.0,-673.4981836295646,0.0,8597.619191776172,0.0,11240.175958570188,0.0,15533.49299462102,0.0,14441.32110159743,0.0,5913.6972512710145,0.0
3399.38,0.0,51500.71992989609,161517.08999999976,45617.16094433326,22771.303731237855,27799,57032,41627.905394533314,-715.9631959422845,0.0,-5826.6678535644205,0.0,-785.2618928402115,0.0,9107.634537723912,0.0,11932.717276143243,0.0,16293.310733674263,0.0,15360.20865035407,0.0,6134.7416743461,0.0
3423.3275,0.0,54051.733248915545,169313.77999999936,48154.382267692294,23223.143826289954,29246,59719,43884.520657103094,-824.0445676657545,0.0,-5948.051145558232,0.0,-683.2678831854851,0.0,9648.065683714458,0.0,12431.104121381526,0.0,17038.192163986623,0.0,15954.913216745388,0.0,6434.8216594952155,0.0
3543.33856851965,0.0,57916.351670634285,179983.75999999925,51026.83335558308,24017.314955941532,31259,63370,47023.26001784173,-776.6183553066396,0.0,-6041.577527381301,0.0,-747.9755512089495,0.0,10252.217593546407,0.0,13112.3499150179,0.0,18094.018006420796,0.0,17067.63778367114,0.0,6956.299805873219,0.0
3567.3424555555553,0.0,59959.48854392677,188775.17999999924,53742.733960016725,25718.023193261848,32850,66616,49354.934302794936,-652.7900829841012,0.0,-7246.985413306176,0.0,-821.8153529661956,0.0,10896.103484351785,0.0,13706.52339562514,0.0,18674.56741027028,0.0,17741.912798508754,0.0,7661.972304425524,0.0
3591.3283333333334,0.0,63630.51137403752,199262.76999999926,56786.37204807767,26741.24062292928,34759,69664,52104.64595495571,-892.2436617698495,0.0,-7511.0634849164635,0.0,-654.715213019977,0.0,11444.911830937092,0.0,14193.15370892244,0.0,20023.285124633236,0.0,19018.035842912414,0.0,8009.147226336804,0.0
3712.339404761905,0.0,69261.36637975699,211503.3399999993,58914.99389642722,27747.217117841385,36827,73523,55579.76260597508,-705.4320251099087,0.0,-7571.09955511351,0.0,-507.6094576911146,0.0,12078.648239507675,0.0,15446.092990564634,0.0,21358.90218116171,0.0,20435.445496131582,0.0,8726.41851030356,0.0
3736.343012964094,0.0,76670.87421679526,227401.45999999932,62273.67174532217,29476.056581730485,39255,77711,58980.857456153,-529.2821323663801,0.0,-8089.594359558596,0.0,-535.5956504576028,0.0,13046.001442491062,0.0,15919.487638252724,0.0,22428.5816095845,0.0,23779.653796736136,0.0,10651.621872110578,0.0
3759.321096866097,0.0,84919.10079199751,243163.70999999892,64987.63129109368,31033.71587932876,41539,81626,62223.26203758134,291.2364118628094,0.0,-7635.026481949697,0.0,-438.04293262877394,0.0,14273.373547947125,0.0,16543.790133585208,0.0,23463.63653830677,0.0,26977.96659185784,0.0,11442.166983013025,0.0
3880.3454696552985,0.0,89502.74037048995,253041.10999999897,66638.93373682676,31827.51694866829,43195,84830,65071.918944016725,356.19241496529554,0.0,-7678.074917036964,0.0,-408.1710372404289,0.0,15126.56321650695,0.0,17446.591924900702,0.0,24541.57455480705,0.0,28155.86353706311,0.0,11962.20067652043,0.0
3904.361388888889,0.0,93471.0701998132,262930.4799999994,68899.89759859908,32750.406352023794,44926,88072,67809.1058495658,342.30947391392016,0.0,-8006.616251157908,0.0,-428.11415739218046,0.0,15714.017274864498,0.0,17988.179063717005,0.0,25542.48538537223,0.0,29578.041857105844,0.0,12740.767553385904,0.0
3927.3283333333334,0.0,97175.32597760811,272919.0900000011,71774.14467538841,33382.38201808423,46758,91095,70587.23732892115,576.5999773037074,0.0,-8258.475665377855,0.0,-406.0642411512513,0.0,16359.138614206968,0.0,18654.242427314726,0.0,26211.253598957515,0.0,30644.480436266687,0.0,13394.150830083705,0.0
4048.339722222222,0.0,101253.02957645194,282901.6600000005,73961.57590553834,34406.45105188355,48579,94386,73280.60346612814,790.4175269829558,0.0,-8360.993756684955,0.0,-379.5622798215171,0.0,16971.078178485946,0.0,19634.54754372594,0.0,26877.606993262023,0.0,31695.39070016134,0.0,14024.544670335787,0.0
4072.3433197577274,0.0,105900.91981065973,295567.28000000014,76806.65744235147,36110.18665381438,50697,98308,76749.51609317656,1047.1548846311675,0.0,-8579.603687006073,0.0,-645.778390283114,0.0,17563.776643878504,0.0,20367.036795404776,0.0,28445.14824722987,0.0,32953.23766200293,0.0,14749.947654796573,0.0
4095.325277777778,0.0,107812.7706884886,305712.27000000054,81121.49864382728,37120.154308497426,52499,101887,79657.84635918909,1004.536684774293,0.0,-8721.447934522992,0.0,-827.4308437512092,0.0,18061.232286398965,0.0,20748.46430051633,0.0,28841.191317208042,0.0,33174.678544983646,0.0,15531.546332876265,0.0
4216.332222222222,0.0,111386.98389837761,314818.14999999985,83316.39502224962,37711.484681148526,54051,104942,82403.28639822615,1106.8406174489487,0.0,-8716.245140197168,0.0,-754.311280041799,0.0,18725.752854587125,0.0,21390.94554728112,0.0,29483.803705648348,0.0,34016.1527661656,0.0,16134.04482748012,0.0
4240.349166666667,0.0,114272.70689020236,324073.6399999988,86089.0016890002,38702.91818736509,55724,107781,85009.01323343387,1058.819896134706,0.0,-9166.47674330157,0.0,-685.7516881637633,0.0,19399.98967592095,0.0,21872.279452977797,0.0,30331.891826749215,0.0,35052.54592393125,0.0,16409.408545948187,0.0
4263.329237785296,0.0,116479.34697898032,334439.719999997,90411.33783155479,39857.94513540693,57678,110744,87691.0900540596,1149.959771536914,0.0,-9570.01103516577,0.0,-892.4019785379069,0.0,19949.57770286412,0.0,22167.000397612574,0.0,31123.43776254388,0.0,35872.22060132791,0.0,16679.56375679314,0.0
4384.349401852984,0.0,121286.59605136061,346766.0199999966,93280.27169212725,41086.70541298345,60125,114837,91112.44684353156,1413.9764590960801,0.0,-9832.550321425091,0.0,-888.5046544711043,0.0,21036.21759717407,0.0,22983.417899448996,0.0,31974.444582511216,0.0,37181.90922748784,0.0,17417.685261532377,0.0
4408.350833333333,0.0,126378.87143811147,359918.01999999624,95698.00997147495,43051.29909665777,62682,119169,94789.83949375998,1913.0375688097106,0.0,-10359.421463125213,0.0,-844.7198165109686,0.0,21835.794653246787,0.0,23662.31280605843,0.0,32823.249925812845,0.0,39097.35815592852,0.0,18251.259607884254,0.0
4431.328469900462,0.0,131049.39852337618,372424.0999999971,99040.7279772078,44077.03402879576,65056,122913,98256.93947062502,2122.5410477162977,0.0,-10692.128523132345,0.0,-708.6238574378634,0.0,22420.950640460658,0.0,24589.85572841469,0.0,33727.36504732801,0.0,40715.42684111049,0.0,18874.011598908775,0.0
4552.3358333333335,0.0,135307.12372486113,382687.52999999607,101097.10469885818,45126.25519463622,66926,126403,101157.04638164837,2423.3211505509685,0.0,-10689.19995276904,0.0,-678.1212851948491,0.0,23132.622349822126,0.0,25303.465720414817,0.0,34506.72274446359,0.0,41884.780676174436,0.0,19423.5323213923,0.0
4576.336111111111,0.0,137760.05112558836,394166.43999999535,104305.14513278291,47784.10363525603,69159,130112,104317.14010637655,2565.2667120274427,0.0,-12032.64332904391,0.0,-840.9385708145611,0.0,23664.85236842226,0.0,25758.948831600308,0.0,35231.8511524495,0.0,43151.24000228904,0.0,20261.47395865153,0.0
4599.328012964094,0.0,141859.55446425616,406292.4599999943,107466.08210016643,49314.235207246595,71402,134090,107652.5882283346,2805.7507621156365,0.0,-12566.779184253413,0.0,-1088.8528478744292,0.0,24176.0557957751,0.0,26405.761832651515,0.0,36155.190788988366,0.0,44807.792950371535,0.0,21164.634366475264,0.0
4720.338921356421,0.0,145228.74217322393,415802.1099999955,109868.79647195914,50283.2853048239,73132,137360,110421.28604999544,2750.4491440612774,0.0,-12678.150240211373,0.0,-1028.6538831398325,0.0,24756.235006571547,0.0,27028.60584241005,0.0,36843.82787363036,0.0,45881.86287325471,0.0,21674.56555664095,0.0
4744.34110209514,0.0,148533.22832081284,426208.1499999961,112367.5130193951,51776.00900965091,74977,140748,113531.39965014646,3034.441005426268,0.0,-13097.898122411034,0.0,-1318.4845955773817,0.0,25408.072208549198,0.0,27517.195486843895,0.0,37589.586987312614,0.0,46954.51347620145,0.0,22445.801874458306,0.0
4767.329166666666,0.0,150262.43744597124,435168.80999999563,115627.21615365423,53191.09643783883,76521,144049,116088.05996254164,3104.868358339775,0.0,-13396.170539421375,0.0,-1657.4461735904467,0.0,25865.292479986503,0.0,27924.629341191314,0.0,38170.183096771514,0.0,47372.42961717599,0.0,22878.651265507513,0.0
4888.354166666667,0.0,151902.77282847982,441212.0399999964,117384.28757617967,53965.052886560705,77533,146146,117959.92670878636,3283.6276994707846,0.0,-13654.946408747684,0.0,-1702.1209268388839,0.0,26009.840686739575,0.0,28041.95110858917,0.0,38626.44758433328,0.0,47792.79389188667,0.0,23505.179193035252,0.0
4912.360277777778,0.0,154479.11915254415,449697.63999999623,119681.18251326466,54968.18286933485,78981,148801,120569.15546486415,3660.5885471250695,0.0,-13913.114367910113,0.0,-1744.913194219929,0.0,26308.78725980072,0.0,28580.85737743174,0.0,39160.59426757197,0.0,48276.50191087908,0.0,24149.817351852642,0.0
4935.328888888889,0.0,157650.22930571297,459676.28999999503,122338.54355747793,56094.556151179466,80725,151648,123592.96098563905,3921.928959528391,0.0,-14220.679883306226,0.0,-1798.8380622549853,0.0,26582.74081564584,0.0,28836.390763637333,0.0,39982.70292685149,0.0,49420.46757257179,0.0,24925.51621302506,0.0
5056.339166666667,0.0,160354.7494798334,468086.5599999954,124351.76873364444,57484.578227626946,82144,154598,125895.46355890478,4144.397857215008,0.0,-14265.199917479975,0.0,-2075.60720885823,0.0,26826.520227414934,0.0,29443.684623578385,0.0,40748.26047831926,0.0,50191.63482369815,0.0,25341.058595930775,0.0
5080.340301282052,0.0,163027.5954398215,477323.8599999951,126956.38738118306,58643.36858279076,83704,157412,128696.50859621454,4034.720181609686,0.0,-14750.372120691705,0.0,-2044.895152855573,0.0,27213.97909706909,0.0,30250.885469405926,0.0,41460.109941641655,0.0,50964.77248277352,0.0,25898.395540853206,0.0
5103.326666666667,0.0,165511.70394223172,487439.2699999946,130839.61088028918,59662.173728524176,85572,160288,131425.7814489653,4000.9778967605557,0.0,-15030.33248064691,0.0,-2137.4658553639338,0.0,27810.187509695996,0.0,30795.41412613965,0.0,42031.05321036133,0.0,52065.498318286955,0.0,25976.371216981315,0.0
5224.3366520467835,0.0,170783.304320561,500226.999999994,133956.62161233625,60754.851523970734,87951,164294,134732.22254314192,4359.152693362639,0.0,-15168.589287243309,0.0,-2158.2694064688094,0.0,28693.557567829856,0.0,31585.865145748503,0.0,43163.3963286494,0.0,53719.69886190428,0.0,26588.49241676089,0.0
5248.346666666666,0.0,176270.22067810904,512672.36999999435,136495.34933620982,61592.597917595194,90263,168196,138314.20206809597,4604.462414960506,0.0,-15247.700931228348,0.0,-2205.9676934256267,0.0,29530.782066065847,0.0,32411.049594284952,0.0,44022.63692493113,0.0,55529.653186507785,0.0,27625.3051159943,0.0
5271.327777777778,0.0,181226.52783511943,528115.8499999937,141342.78856684166,62953.33808904386,93058,172282,142593.1955090034,4813.797674227639,0.0,-15645.512404958225,0.0,-2623.684150195563,0.0,30501.271293028425,0.0,33262.2501812816,0.0,45501.00979989375,0.0,57228.14880579767,0.0,28189.24663602593,0.0
5392.329816843736,0.0,187457.28031933852,543517.1299999923,144465.95436671318,65116.65610946342,95796,177047,146477.2392044929,5285.2118865829525,0.0,-15415.947833782975,0.0,-2681.879849648537,0.0,31363.67291996075,0.0,34533.96367798276,0.0,47166.12554952373,0.0,58883.94621530899,0.0,28322.187753391972,0.0
5416.33,0.0,194316.53239468817,558486.2699999898,147484.98310502747,66415.98714401976,98368,181389,150268.76735627244,5244.34697109216,0.0,-15950.095858977811,0.0,-2490.327194010492,0.0,32310.734891307035,0.0,35467.94159542207,0.0,49079.51319374551,0.0,61113.28865095257,0.0,29541.130145136583,0.0
5439.329166666666,0.0,200443.80053879385,572480.7299999889,150563.85513374902,67362.83289479578,101032,185636,154110.24143266777,5319.238951969188,0.0,-16130.703716470962,0.0,-2337.4458218292584,0.0,33714.878595095615,0.0,36210.60755955412,0.0,50299.715648531565,0.0,63071.209485287945,0.0,30296.299836633527,0.0
5560.339731559291,0.0,205618.97853113414,584558.6799999863,153015.4365490997,68124.84087357084,103275,189630,157799.42404620172,5359.975978432636,0.0,-16215.211671450212,0.0,-2205.856293400399,0.0,34954.98153376158,0.0,37103.71320330765,0.0,51299.48770570472,0.0,64228.048979190375,0.0,31093.83909556533,0.0
5584.340833333334,0.0,209639.91113677397,597390.3199999847,156291.49837487005,70152.32154992642,105709,193501,161306.58893843487,5264.140993983703,0.0,-17043.257137979897,0.0,-2305.478823126703,0.0,35971.53725765201,0.0,37922.901771852965,0.0,52206.67182173475,0.0,65637.01031477172,0.0,31986.384937862742,0.0
5607.3281086142315,0.0,215042.63526136903,611437.0899999881,159723.53270192543,71214.76913066406,108282,197436,165456.15290604354,5216.161484475578,0.0,-17366.759577660214,0.0,-2487.9411104632923,0.0,37025.38013564132,0.0,38874.83817503892,0.0,53743.70535734492,0.0,67038.46112008237,0.0,32998.78967688907,0.0
5728.3325,0.0,220625.19016449788,624007.6999999909,162385.37079056984,72243.48492836677,110538,201320,168753.65411656752,5442.112893449532,0.0,-17441.762698294144,0.0,-2284.9126726503,0.0,38058.96217107369,0.0,40034.035883852055,0.0,54968.069126471535,0.0,68278.84278012776,0.0,33569.84268044633,0.0
5752.336944444444,0.0,225531.68415622195,636737.4899999889,165412.63405525376,73470.93262454536,112968,205293,172322.2391639805,5343.274426163866,0.0,-17655.344995444455,0.0,-2271.081943613075,0.0,38951.39150413042,0.0,40892.79781496277,0.0,56045.89105938917,0.0,69813.6449141041,0.0,34411.111376507164,0.0
5775.328888888889,0.0,231054.52732265618,651078.159999989,168913.95005609657,74808.75039822154,115735,209560,176300.9322230256,5393.256642581483,0.0,-18109.428822686732,0.0,-2206.8639310878543,0.0,40007.8676405893,0.0,41806.38548195839,0.0,57321.644937785066,0.0,71214.6831631152,0.0,35626.98221037942,0.0
5896.341111111111,0.0,236802.33799043045,663543.0399999885,171330.44291912435,75578.0544415682,118027,213794,179832.20464887528,5590.091485147669,0.0,-18003.826263616986,0.0,-2066.2562060290784,0.0,41099.93180173697,0.0,42958.59137511243,0.0,58430.83422612434,0.0,72634.83659828306,0.0,36158.13497364899,0.0
5920.344722222222,0.0,241530.26864458455,676565.9399999874,174365.8373690753,76994.16904376501,120543,217738,183675.6649425714,5626.508548157392,0.0,-18698.824244677933,0.0,-1974.3325914622953,0.0,41267.4572774457,0.0,43918.99214712989,0.0,59782.91257808817,0.0,74382.2926250228,0.0,37225.26230485624,0.0
5943.327894894895,0.0,248616.82107453863,693330.9599999873,178332.5973459788,78131.9159398507,123599,222246,188249.6256396278,5664.034917019,0.0,-18784.830596178468,0.0,-1863.621389352594,0.0,42539.95235261234,0.0,44777.499836045456,0.0,61400.68275103604,0.0,76256.87264044459,0.0,38626.23056288598,0.0
6064.330379353233,0.0,254375.4556849245,708394.2999999879,181881.6654779141,79545.27284452133,126180,226650,192591.9059926347,5632.436458198185,0.0,-18862.5182165665,0.0,-1990.4868201637144,0.0,43772.839306871814,0.0,45816.26215541187,0.0,62928.53303426772,0.0,78199.5143065899,0.0,38878.87546028876,0.0
6088.3342247424935,0.0,260883.16696664624,727338.0999999892,186930.21556569956,81897.82530878071,129765,232150,197626.89215886503,5246.703742898222,0.0,-20278.109512420695,0.0,-2014.2448244534933,0.0,45325.53512427367,0.0,46713.38252984139,0.0,64278.82361354338,0.0,80841.24219045165,0.0,40769.83410248561,0.0
6111.325833333333,0.0,268641.80862450687,745561.8999999904,190841.23113436028,83503.86197555761,133115,237100,202574.99826556785,5239.838461281887,0.0,-20605.562179199267,0.0,-2072.625964029232,0.0,46808.856482379306,0.0,47762.41322034225,0.0,65744.9037270981,0.0,83630.89649036223,0.0,42133.08838624065,0.0
6232.333333333333,0.0,277247.1570638003,763485.0899999919,193906.85810999293,85244.79666490757,136043,242260,207086.27816129636,5985.36580559785,0.0,-20428.07861698111,0.0,-2231.2555963106056,0.0,48204.87867260463,0.0,49396.69696145628,0.0,67566.1897627077,0.0,85442.02905393454,0.0,43311.33102075452,0.0
6256.34,0.0,284152.1399785612,780317.0499999914,197600.68209877698,87177.87640120878,138927,246787,211386.35152145132,6005.702726710093,0.0,-21422.027496152295,0.0,-2076.748894771288,0.0,49721.812079613796,0.0,50785.26719762938,0.0,69137.3814525835,0.0,87427.06851093541,0.0,44573.68440197219,0.0
6279.3275,0.0,292845.2832009788,799408.4199999904,201974.43455785763,88329.1351999131,142246,251674,216259.56704124794,6264.908170503233,0.0,-21607.969027110095,0.0,-2048.7159756692467,0.0,51220.39979732876,0.0,51932.15360652627,0.0,71258.3723272992,0.0,89915.98856819654,0.0,45910.14573386346,0.0
6400.336977124182,0.0,300868.3056742839,815362.0199999897,204872.01555589275,89247.47857054477,144897,256254,220374.2201992776,6522.419485546563,0.0,-21586.72758688343,0.0,-1818.7721395151748,0.0,52632.63021265009,0.0,53438.92349323152,0.0,72878.38386907321,0.0,91921.69328689403,0.0,46879.75505324229,0.0
6424.3405555555555,0.0,307713.6589335019,830794.1499999908,208151.02269188987,90488.00176460415,147692,260955,224441.46661000582,6729.923418347464,0.0,-22050.796157460412,0.0,-1723.7486997728834,0.0,53423.647298719836,0.0,54702.660867813145,0.0,73980.9411976289,0.0,94008.45103406862,0.0,48642.57997410666,0.0
6447.328611111111,0.0,315089.5301204825,847239.8399999869,211858.94525892785,91754.87648259228,150582,265317,228536.48813800368,6807.801960485671,0.0,-21984.077535043278,0.0,-1856.7993971945077,0.0,54809.025430708156,0.0,55759.5923741128,0.0,75619.7494584172,0.0,95807.37690585289,0.0,50126.860923088105,0.0
6568.343611111111,0.0,323653.46929270285,864494.7999999882,215038.55127186145,92746.91609394742,153537,269918,233055.86334149557,7099.438300149014,0.0,-22051.68035620202,0.0,-1684.5052682945663,0.0,56683.674786751064,0.0,57270.917810494284,0.0,77558.05998185271,0.0,97517.48824893555,0.0,51260.075788958864,0.0
6592.3543150885835,0.0,331657.7626311205,883300.1399999878,219643.8482580046,93959.4130056392,156812,274853,238039.11610524452,6901.22472391284,0.0,-22516.11506754137,0.0,-1610.086161788715,0.0,58150.208872153315,0.0,58860.519475627225,0.0,79066.86323001148,0.0,99934.58084358819,0.0,52870.56671509534,0.0
6615.3287013888885,0.0,335529.885022311,905993.7899999863,229676.04407684092,96633.2325622403,160837,280034,244154.62833861233,6672.387148146543,0.0,-22937.812868766523,0.0,-1704.9490475774505,0.0,59414.639122645225,0.0,59779.99464519232,0.0,80123.4904157021,0.0,101340.25993540035,0.0,52841.87567150741,0.0
6735.330833333333,0.0,394404.63800781313,989865.2299999846,234732.57710243695,103625.27917182352,169617,294006,257102.73571792917,13679.723996957728,0.0,-22167.82317510877,0.0,-52.85378216660027,0.0,71905.02346256585,0.0,65106.531284011195,0.0,91851.02718333494,0.0,112970.36777417282,0.0,61112.64126397933,0.0
6759.331035848683,0.0,440390.79062169016,1065640.3999999908,242507.3123564539,111824.88771063577,178736,307753,270917.40931121726,21885.016263984893,0.0,-22844.64040604362,0.0,-395.2337230387121,0.0,79098.68094421728,0.0,70082.87228773764,0.0,101854.03011421935,0.0,122958.72063304274,0.0,67751.34450750549,0.0
6783.327914344906,0.0,487922.63900156005,1140831.9000000008,249713.16565199016,118607.46592145695,187968,322161,284588.629424987,30239.16630316288,0.0,-22547.729817315518,0.0,583.1533178886822,0.0,84155.7121619822,0.0,76808.76689746669,0.0,113690.63483604437,0.0,130937.54366024579,0.0,74055.39164201144,0.0
6903.330074507011,0.0,498469.45132832864,1159873.3299999991,252829.8475484179,119694.29776698316,190804,327160,288879.7333562611,30510.83611845682,0.0,-22352.554149698786,0.0,977.500676652361,0.0,86046.8170653318,0.0,78722.6444236009,0.0,117172.7265694337,0.0,132485.74965225047,0.0,74905.7309722291,0.0
6927.330079894822,0.0,504625.7439116354,1175558.5900000024,256658.35468817205,121115.52889841706,193261,331399,293158.9625017686,30203.6158818254,0.0,-22794.268267987987,0.0,1048.9683789369687,0.0,87390.79790497343,0.0,79961.32206721527,0.0,118754.56405653607,0.0,134190.89045995762,0.0,75869.85343010208,0.0
6951.324722222223,0.0,516995.39486076694,1199614.9100000015,261076.9155899942,122880.94508911767,196804,336843,298661.6544601096,30270.101995340097,0.0,-23100.468721130845,0.0,1611.7214945126543,0.0,89101.24851046829,0.0,81555.86433317175,0.0,121879.33439815267,0.0,138494.32018213777,0.0,77183.27266803982,0.0
7071.344722222222,0.0,525290.0253775468,1215381.3300000008,263528.6872938644,123709.9886123182,199406,341650,302852.6287162559,30519.075457607705,0.0,-23106.6880536446,0.0,1899.8391028979631,0.0,90580.96451918891,0.0,83278.39440559056,0.0,124094.63991945406,0.0,140072.30612932134,0.0,77951.49389705565,0.0
7095.347513605442,0.0,532433.4171176746,1232020.6699999943,267545.32934826764,124710.26867216194,202296,346319,307331.65486187866,30586.597488736505,0.0,-23746.955967313526,0.0,2257.331800551793,0.0,91825.58614284823,0.0,84694.55849594795,0.0,125864.71936735146,0.0,141782.36015384516,0.0,79169.21963563385,0.0
7119.32874767824,0.0,541708.6761581757,1251709.709999996,271458.68613976386,125977.40818047088,205756,351571,312564.93952156743,30576.58189378329,0.0,-23754.582625203257,0.0,2621.924397864628,0.0,93397.83868022465,0.0,86160.32265092961,0.0,128075.19758770552,0.0,143929.1663530166,0.0,80702.2272197866,0.0
7239.342024339267,0.0,550590.4101608846,1268844.1799999936,274222.2304202857,127150.51305563709,208644,356614,316881.0263631586,31010.829481173954,0.0,-23633.613843553852,0.0,2858.7338598739548,0.0,95012.07409976667,0.0,87567.22485600393,0.0,130216.96646738146,0.0,145976.48260265094,0.0,81581.71263752646,0.0
7263.343192122684,0.0,558915.3888920093,1287324.989999987,278281.1727661149,128426.38287047956,211953,361572,321702.04547136143,30953.34145187054,0.0,-23930.915017806685,0.0,3353.6934253309482,0.0,96272.31720326468,0.0,89009.41480779828,0.0,132302.07418438952,0.0,148002.10247104947,0.0,82953.36036604851,0.0
7287.325,0.0,569176.0407823921,1310161.519999984,283170.0230083352,130038.25796488822,215869,367307,327777.1982443498,30653.8589351485,0.0,-24142.67928108545,0.0,3686.9864451165486,0.0,97946.54942284476,0.0,90865.28934315512,0.0,134989.0333934865,0.0,150530.73233775972,0.0,84646.27018589868,0.0
7407.336312579596,0.0,578000.1931339895,1328156.489999989,285710.3417410899,131829.43590059679,218970,372703,332616.5192242733,31119.901395642144,0.0,-24155.646310267744,0.0,3664.3813595604984,0.0,99538.44878142071,0.0,92731.99890514287,0.0,137360.04229921915,0.0,152066.5678192902,0.0,85674.498883927,0.0
7431.336388888889,0.0,585225.9751487181,1343963.0099999914,288792.9294642729,132785.0073331267,221838,377676,337159.0980538213,31070.23952365957,0.0,-24555.600547928036,0.0,3974.3124542146243,0.0,100509.37247290507,0.0,94296.4329579924,0.0,139146.46108235855,0.0,153691.6462802122,0.0,87093.11092525408,0.0
