t,net_profit,total_reward,total_revenue,total_waiting_cost,total_travel_cost,total_trips,total_requests,total_exit_cost,reward_period_0,profit_period_0,reward_period_1,profit_period_1,reward_period_2,profit_period_2,reward_period_3,profit_period_3,reward_period_4,profit_period_4,reward_period_5,profit_period_5,reward_period_6,profit_period_6,reward_period_7,profit_period_7
2007.375,946.2880000000014,-10237.79709878712,2552.569999999998,9731.031056531958,2534.6646492541686,414,10551,524.671393000956,-1820.2264164178828,34.19,-1328.5812974796993,18.168,-1267.5235302464662,25.818,-948.5309053932951,109.45,-1026.302278981836,117.97600000000004,-1070.1072924462173,149.674,-1059.6543241684647,266.44199999999984,-1716.8710536532285,224.56999999999985
2055.387777777778,739.5460000000012,-176.32979651469174,2006.5200000000013,582.872741465886,1158.8755942462215,302,1731,441.1014608025831,-97.17774211106041,20.147999999999996,-78.2095833333321,1.556,-70.0279198742293,15.370000000000001,73.12769929350002,95.76800000000001,31.651266480491742,148.44199999999998,190.83874946354842,206.8779999999999,-135.11286384843652,155.83599999999998,-91.4194025851736,95.54800000000004
2175.339722222222,1186.9560000000038,-269.80824912266496,3220.110000000002,947.1731695239007,1916.280600348564,490,2786,626.4644792502004,-221.58884152015523,26.381999999999994,-120.28374999999842,1.556,-103.03869106319063,50.346000000000004,160.9598372997419,167.92400000000004,25.628656176821792,212.64999999999995,263.82260408194776,304.9019999999998,-222.6102901978903,215.78399999999988,-52.69777389994143,207.41199999999995
2223.3416666666667,2411.23,-1180.8101966776503,6627.98,2141.504582339659,4429.575759587242,911,6027,1237.7098547507533,-1166.5279943509368,114.39400000000005,-509.38285617242263,33.12800000000001,-172.84757043410244,124.81200000000001,550.5674110491886,437.6419999999999,212.8934747180598,461.5419999999998,260.8776299209815,478.12399999999957,-531.5852405154822,289.4399999999997,175.19494910706166,472.1479999999997
2343.3925,2773.7979999999916,-1501.566055760377,7623.209999999997,2452.078470748611,5215.612356646554,1086,7184,1457.08522836524,-1340.1812662496552,123.71600000000004,-604.2602427517946,40.102000000000004,-218.99071864558448,143.41,531.8361616753737,492.11599999999964,135.57000494942423,511.37599999999964,397.4884130992461,623.1040000000006,-572.7710993022057,318.9999999999996,169.7426914648152,520.9739999999997
2391.3977777777777,4153.801999999967,-1294.4180206139863,11660.919999999998,3613.0936203329275,7192.715843760858,1651,9736,2149.5285565202225,-1776.4779625604863,168.86999999999998,-851.480020157409,72.75399999999999,-203.6609101905533,230.81599999999978,580.6833275455483,599.6619999999999,449.0665667256288,772.2600000000002,830.9807774708728,1032.9040000000027,-580.7958732458962,604.5039999999998,257.26607379830267,672.0320000000007
2511.3441666666668,5203.3599999999415,-402.4336715300502,14807.26999999998,4320.610010348961,8218.065201247196,2047,11368,2671.028459933907,-1937.7011849975158,191.54199999999997,-951.1702924471529,91.566,-155.7593506178328,289.9739999999997,675.6107306421945,703.5140000000005,840.0544719880226,991.4240000000012,1189.8112599154267,1306.2160000000033,-429.3936862562012,809.6640000000006,366.11438024300054,819.4600000000015
2559.364722222222,6935.507999999876,-537.9043511443225,19205.360000000037,5757.35103320527,10276.390528273028,2911,14985,3709.5227896660326,-2421.8171230059243,212.01999999999992,-1201.2785782067872,109.638,-193.01050082646015,433.7359999999995,766.0263167609957,907.5180000000023,1052.6294889385838,1361.4880000000044,1528.3012805936378,1742.9380000000067,-480.083639758693,1077.3100000000045,411.32840436031665,1090.8600000000044
2679.3352777777777,8251.941999999837,-100.7137028438469,22538.36000000003,6570.373378527291,11469.37512269284,3585,17312,4599.325201623709,-2768.430226953159,232.1679999999999,-1348.073591990154,114.53800000000001,-134.8546368974089,561.1680000000002,798.1950407196206,1035.086000000004,1431.6790286505795,1695.2360000000072,1793.6738634758851,2064.2380000000067,-333.15910914683377,1292.1420000000066,460.25592929761694,1257.3660000000057
2727.349711039542,10720.012000000128,-926.7763702134531,28751.87999999999,8219.222012092341,15246.60262309641,4780,21517,6212.831735024645,-3309.1873239529905,251.8459999999998,-1685.0143156844772,122.28000000000002,-318.0411233164156,698.0000000000011,871.1329432193163,1345.828000000007,1677.3846087413426,2208.198000000005,2257.7149728776353,2787.287999999993,-541.3233851494452,1772.8140000000126,120.55725305156912,1533.7580000000073
2847.33,12168.126000000311,-691.5761302410909,32488.059999999943,9008.326256525588,17211.515459234524,5482,24085,6959.794414480825,-3634.2840357046975,283.59999999999974,-1939.2791798061394,127.63000000000001,-368.2790399104944,771.9840000000017,922.6708239372432,1483.1400000000083,2025.8546144027518,2496.7020000000007,2625.457761337032,3166.309999999988,-347.59799349774283,2096.564000000014,23.880919000952666,1742.1960000000095
2895.3322222222223,15154.194000000602,-1159.6754451275197,40011.50999999996,10774.170064560318,21845.778714907086,6842,29461,8551.236665659737,-4685.021432471036,358.70199999999943,-2432.442228751157,166.93599999999995,-657.3192398178709,889.2220000000025,1052.720501580902,1834.8200000000102,2475.6213682472853,3136.2939999999917,3102.749882178138,3908.2619999999733,89.9454093483415,2728.365999999991,-105.92970544212558,2131.5920000000087
3015.33,16693.388000000803,-1601.879602015546,43815.59999999994,11803.305977181588,24179.324284855684,7632,32325,9434.849339977649,-5356.321586152261,378.7439999999994,-2732.2061456319716,207.60399999999993,-833.9002515871528,933.7760000000026,1060.2128790381396,1997.3900000000108,2620.9903179947196,3428.0959999999827,3455.289285443882,4322.367999999961,334.8941764105998,3072.2539999999744,-150.8382775315053,2353.155999999997
3063.340277777778,20853.306000001143,950.8379835746724,54918.34999999985,13588.175309789014,28682.31990928858,9353,39242,11697.016797346545,-6283.527273161255,445.9599999999993,-3236.8137340249737,257.52399999999994,-809.813690052708,1159.0380000000036,1910.9045539685796,2714.5460000000003,3227.1944904460815,4192.441999999976,5443.944096524123,5564.587999999946,851.56991893713,3782.2359999999417,-152.62037906233437,2736.971999999985
3183.3580555555554,22470.014000001305,1061.918575427067,59073.08999999978,14497.765215343397,30816.690129128212,10129,41969,12696.716080100021,-6781.092149559903,471.84799999999933,-3527.028171759831,267.07599999999996,-848.3428480169858,1274.2200000000043,2059.309578370352,2986.7459999999905,3487.796793992251,4524.571999999967,5843.628984964031,5931.925999999948,1101.9335225392983,4082.295999999927,-274.28713510216744,2931.3299999999813
3231.4056084198382,26345.516000001753,869.9045729143223,68692.79999999989,16664.99685971963,36175.97279281202,11980,47510,14981.925774552637,-7732.658854177999,616.7199999999999,-4338.3029234509595,312.6999999999999,-954.6354902850258,1570.6600000000064,2378.8748847914876,3600.0499999999793,3866.012758260992,5294.177999999946,6572.051304723791,6798.665999999927,1403.1807660038182,4757.129999999896,-324.6178729517951,3395.4119999999652
3351.3633333333332,28745.83800000204,1624.9571224805577,74663.54999999984,17856.835029445072,38752.86913863427,13121,50879,16428.888709438266,-8202.676876283145,691.3500000000003,-4687.590388808887,338.19799999999975,-1085.993132060071,1674.8840000000073,2680.8982325131715,3982.26799999997,4176.3800050350455,5755.381999999931,7183.393268427687,7438.553999999912,1725.0352402010315,5147.127999999884,-164.48922654428534,3718.073999999956
3399.38,33114.90200000216,1896.783320771664,85558.5500000001,19918.202906739294,44631.90955813128,15177,57032,19111.654214355814,-8982.878981705042,890.6620000000015,-5500.8447278524145,378.8239999999998,-1353.7741053182338,1943.5360000000098,3614.0675695481063,4942.985999999949,4655.648736658951,6654.895999999917,7993.034262681271,8423.437999999927,1949.079754965462,5828.489999999861,-477.5491882064778,4052.069999999944
3519.3344444444447,35258.582000001144,1866.7928369386166,90996.71999999994,21308.929870941523,47516.03954157929,16218,59719,20304.957750538495,-9299.447830228512,970.1120000000018,-5879.194300245539,378.8239999999998,-1515.311923042138,2079.2860000000096,3798.517377703927,5300.757999999939,4891.652994801621,7120.813999999907,8433.892389966359,8940.18199999998,2016.5385138902645,6164.545999999845,-579.8543859073894,4304.059999999935
3567.347222222222,39839.267999998985,1701.1686400050594,102798.27999999984,23833.18826458749,54270.52692072595,18520,66616,22993.39617467816,-10283.087013432365,1180.1060000000045,-6774.09939965228,419.48999999999984,-1853.6912831256973,2353.7180000000044,4110.666399268754,5921.345999999922,5200.932365942683,7856.933999999882,9258.62878153512,9904.042000000056,2564.692646362872,7132.3719999998,-522.8738568941199,5071.259999999906
3688.3358333333335,41825.89999999787,1831.3010438121757,107983.94999999997,24742.03762718002,57260.120964800386,19520,69664,24150.49036420346,-10749.209516625606,1202.124000000005,-7137.8700633757235,448.6399999999998,-1918.9415746227064,2515.2059999999988,4059.9165813017744,6157.561999999911,5389.415867595536,8230.915999999874,9675.128752446239,10348.922000000082,3012.957215431506,7578.471999999783,-500.0962183389531,5344.057999999896
3736.337777777778,47101.29199999574,4877.052095900455,122542.9899999999,26821.25478277292,63872.773390888586,21927,77710,26971.909730432984,-11620.38533468818,1339.804000000006,-7923.256331420369,479.4059999999997,-2176.9013768089435,2802.2579999999925,4491.929452870255,6860.155999999888,6108.937088340421,9170.669999999971,10881.983813485751,11533.764000000176,5237.688840602012,8936.121999999812,-122.94405648057496,5979.11199999987
3856.3527777777776,49893.63799999476,7097.603717806696,130616.97000000022,27867.293656733273,67287.37435382715,23198,81626,28364.69827162701,-11890.961505713034,1407.7580000000062,-8315.735081420396,479.4059999999997,-2291.3238204625923,2942.10399999999,4733.572806122911,7179.795999999878,6295.988525346003,9514.476000000013,11889.47179893476,12245.30600000022,6873.546781615523,9832.643999999866,-196.95578661655972,6292.147999999858
3904.357595486111,55540.23199999261,9127.264229983817,145414.9500000002,30645.643459707655,74235.50916638182,25730,88072,31406.533143920395,-12840.174831717364,1458.1320000000067,-9134.877254982392,488.4759999999997,-2608.2751458958023,3221.8399999999824,5386.919780777815,7975.637999999858,7023.779869928358,10611.224000000117,13496.684648349565,13698.492000000295,8283.40753617713,11165.628000000004,-480.20037265359736,6920.801999999828
4024.343888888889,58640.68399999115,9289.942139726103,153385.60000000012,32633.159767159254,78143.57020908331,27191,91095,33318.9278840254,-13261.064135929973,1526.646000000007,-9552.998376502992,503.80999999999966,-2929.443316694245,3313.6299999999806,5375.11968318099,8332.067999999874,7112.618656027264,11092.968000000183,14205.976457685794,14511.232000000344,8671.090746706313,11934.548000000113,-331.357574747182,7425.781999999808
4072.3460715854194,65605.8659999883,4500.032851989859,171027.43000000095,41468.62519036662,87466.3348626089,30287,98308,37592.43709502825,-14325.064710661307,1840.730000000012,-10568.707240383399,572.6299999999998,-3694.9371971665587,3559.001999999978,5632.062144361434,9297.831999999953,7132.391646556602,12223.588000000263,14327.341139492826,16085.22000000043,7753.486990249783,13556.008000000305,-1756.5399204597252,8470.855999999822
4192.331111111111,69052.58199998675,-2215.3478360141366,179771.06999999998,49493.392650140755,92941.93283142048,31854,101887,39551.09235444687,-15562.427603029371,2236.1900000000082,-11899.049691775524,757.3080000000004,-4426.211717011306,3634.2559999999776,5444.127231742312,9722.409999999994,6708.724780008812,12722.896000000297,13321.957415214203,16715.652000000468,6497.572115702924,14262.894000000386,-2300.0403668663726,9000.975999999906
4240.3467319958845,73744.0379999843,-5332.0143945564605,191773.37999999995,52912.55572777126,101809.21845340086,34251,107781,42383.620213378286,-16593.12379315934,2504.853999999999,-13028.038449536914,833.8500000000008,-5379.251700262201,3693.8039999999755,5078.2407216315205,10237.604000000068,6670.505917645162,13471.31400000041,13685.040044594056,17745.472000000544,6862.486272063329,15422.678000000555,-2627.8734075323164,9834.462000000025
4360.354722222222,75702.01599998311,-7503.710222106684,196759.00999999983,54285.0212608691,106588.49833362791,35249,110744,43389.2006276039,-17265.634761677673,2730.4959999999865,-13855.760849462891,905.156000000001,-5943.9059682386405,3734.405999999975,4850.431174558005,10448.670000000096,6371.655665866718,13687.946000000442,13658.759669854297,18096.370000000585,7142.355619262142,15925.752000000653,-2461.6107722688803,10173.220000000081
4408.356548821548,80456.43599998021,-9057.372856079966,209086.7099999991,56349.5981884912,115893.17805629446,37772,119171,45901.306611291,-17994.973919702355,3073.5819999999644,-15123.964096819253,940.3680000000012,-6991.816437947668,3786.4819999999736,4925.652174039362,11050.380000000196,6224.339107896512,14406.770000000544,14074.043813327688,19029.448000000673,8115.891838849103,17085.704000000882,-2286.5453357237384,11083.70200000024
4528.345,83467.5879999785,-9204.302222046294,216852.05999999962,58241.39869597578,120478.0385774037,39313,122913,47336.92494866435,-18306.79774126268,3395.8899999999435,-15907.053757270667,1028.1720000000016,-7598.183127392172,3827.7039999999724,4865.97673391122,11328.582000000237,6357.817545546468,14843.550000000598,14519.618889983605,19680.91000000075,8777.037080113321,17771.316000000978,-1912.7178456758088,11591.46400000032
4576.345,88691.2679999762,-12138.039468666393,230059.76999999947,61232.10140621911,130694.66679368689,41879,130115,50271.04126875899,-19422.810396968445,3734.623999999932,-17441.332526280043,1134.2980000000023,-8744.827896333818,3888.671999999971,4704.336504101873,11916.794000000311,6498.6528413441065,15762.034000000676,14692.747749202848,20668.964000000804,9691.6159959991,19145.594000001147,-2116.4217397324105,12440.288000000486
4696.332777777778,91954.72799997486,-13063.556372713805,238234.2899999996,63292.71882145667,135821.53366901702,43388,134090,52183.59388223802,-19898.503373836862,4074.01599999992,-18401.114930385906,1256.8140000000026,-9285.863168147109,3964.505999999969,4614.478093612586,12281.812000000346,6644.568550491479,16305.190000000737,15182.68148944593,21389.376000000833,10193.76846725424,19887.066000001254,-2113.571501148552,12795.948000000544
4744.334058641975,97259.15799997265,-17118.550612015297,251763.9399999999,66485.7425630988,147050.16613665936,45896,140746,55346.58191225127,-21111.094757560113,4469.885999999905,-20080.520833783958,1356.6060000000032,-10429.36448773576,4058.809999999968,4267.227946321307,12807.470000000421,6386.264195824745,17093.540000000838,15296.346813363236,22361.41200000088,10759.641507353626,21173.07800000141,-2207.0509957986656,13938.35600000071
4864.354166666667,100194.4339999715,-19101.112754384765,259327.4100000001,68755.09407150793,152649.7875011799,47274,144049,57023.64118169043,-21788.79908773311,4751.643999999895,-21076.024381614236,1429.8280000000034,-11039.599461310507,4084.631999999968,4006.089783058324,13068.470000000434,6318.20339194197,17505.038000000866,15222.61303060832,22857.932000000936,11189.086917756002,21972.478000001516,-1932.6829470917432,14524.412000000777
4912.360277777778,103495.18999996995,-27728.11323508967,267827.17,71410.32136365,165047.77354201413,48924,148801,59097.18832941801,-23290.75013990766,4987.339999999885,-22741.336483504725,1478.3480000000034,-12578.587520054138,4102.629999999968,2777.595986745967,13276.508000000456,5272.391980151209,17999.920000000933,14235.162589259167,23352.40000000099,11044.084476546708,22927.206000001603,-2446.6741243263355,15370.83800000091
5032.3341666666665,105736.33399996875,-31648.190009766186,273750.99999999924,73527.29738157427,171469.3828642147,50061,151648,60402.50976397045,-24049.16919385206,5191.317999999877,-23931.077595783558,1562.0200000000036,-13364.25994303079,4166.215999999968,2144.276676208171,13409.736000000476,4975.169161002161,18310.24000000097,13988.676639644716,23716.990000001028,11124.022068965991,23528.43800000173,-2535.827822921113,15851.376000000988
5080.335555555555,109639.781999967,-40484.83303296421,283711.3499999992,76488.72663718752,184769.4319193223,51892,157409,62938.024476445666,-25686.79683328553,5515.303999999866,-25939.004812986845,1681.214000000004,-14886.436067373816,4253.547999999967,1058.2597788555536,13791.190000000503,4412.588780554076,19047.05200000103,13429.218124775338,24414.330000001082,10555.108281068495,24315.056000001823,-3427.7702845718654,16622.08800000111
5200.343611111111,111611.24199996583,-44991.08290842549,288745.6499999995,78283.81534733681,191345.68210417771,52898,160288,64107.23545690142,-26615.095926822178,5713.711999999863,-27072.077167838743,1828.4500000000046,-15885.972324769278,4327.931999999965,464.08184015827266,13902.906000000523,4004.7654236753924,19276.432000001067,13074.81180372888,24728.99800000114,10485.484232941544,24786.042000001904,-3447.080789499816,17046.7700000012
5248.346666666666,116966.39199996289,-50657.9493135181,302556.3699999997,81253.58849260547,204885.1073747939,55515,168196,67075.62344611099,-27868.700621990076,6198.787999999836,-29231.353576785023,1964.5800000000047,-17428.62976366571,4481.295999999962,-353.25678214989466,14342.906000000588,3814.901107525898,20198.28200000117,12977.83435583683,25790.352000001236,10760.012287750076,25880.304000002103,-3328.756320040316,18109.8840000014
5368.332222222222,120423.66199996126,-52228.16511857219,311401.45999999833,83323.81840477492,211479.0713320194,57192,172282,68826.73538177116,-28605.34319146708,6512.071999999822,-30448.348360968917,2017.2160000000054,-18135.387720340743,4609.003999999963,-691.2962647280017,14637.832000000617,3894.169439131131,20766.40600000125,13355.464230278269,26554.804000001277,11458.632425170224,26727.296000002243,-3056.0556756469623,18599.032000001465
5416.332777777778,125984.52599995861,-55462.3597101062,326387.9799999978,85551.61753709227,224402.45602827286,59859,181391,71896.26614473267,-29724.777302544015,6940.295999999795,-32230.05133750458,2110.0060000000058,-19406.874485680037,4770.4659999999585,-1112.937106961072,15349.994000000694,3880.8129629412538,21722.086000001385,14069.683715658864,27680.130000001333,12333.29595440181,27969.61600000239,-3271.51211041868,19441.932000001627
5536.3388888888885,128933.28399995672,-56862.537873842935,334033.23999999836,86789.79947118794,230491.74362276637,61431,185636,73614.23477988044,-30213.603710516767,7126.8919999997825,-33070.7473348369,2150.302000000006,-19956.39306913399,4895.941999999953,-1470.3803527862797,15570.896000000721,3854.265010583892,22176.922000001417,14195.112096223078,28287.75800000137,12866.400648960976,28783.73800000253,-3067.1911623377264,19940.83400000174
5584.340833333334,135517.64799996628,-61080.666322944046,350737.1799999978,90756.37332168595,243648.82919488807,64694,193501,77412.6438063644,-31751.982747945087,7492.705999999772,-34874.78566125314,2301.438000000005,-21274.69842723998,5152.359999999951,-1651.3605766858755,16444.92200000082,3748.2354411631295,23259.894000001546,14379.682081776049,29621.084000001498,13567.787896121892,30280.514000002815,-3223.544328881954,20964.730000001913
5704.329444444445,139457.0219999744,-62082.486564454746,360793.88999999803,93059.20597937424,250225.33435628525,66637,197436,79591.83622879093,-32483.10145458558,7714.47199999976,-35874.85817750954,2351.328000000004,-21871.166218562896,5339.781999999947,-1672.3273934577414,16906.132000000864,3702.845666832748,23819.68600000159,15106.310047738418,30531.198000001554,14063.26931217419,31237.968000002966,-3053.458347085236,21556.456000002017
5752.336944444444,146260.75599998847,-66276.73288462902,378174.8099999965,96505.98215385254,264393.6826035714,70028,205293,83551.8781271998,-34104.83685674429,8014.483999999747,-37661.58138844375,2461.2980000000034,-23181.003709253608,5688.04999999994,-1978.8766906281205,17839.600000001,3619.9330498304744,24869.154000001712,15546.128138357251,31860.220000001602,14827.259824669003,32869.63600000318,-3343.7552524174835,22658.31400000222
5872.334722222222,150038.651999997,-67980.38803833992,387812.0399999967,98714.32194268802,271363.884331412,71960,209560,85714.2217642316,-34996.54765692645,8226.103999999743,-38954.761485322975,2543.210000000001,-23840.41119383039,5893.923999999933,-2244.846664584057,18262.54000000104,3614.377157316307,25512.370000001785,15904.176342065906,32572.94200000167,15348.606591276352,33678.07600000256,-2810.9811283360063,23349.486000002307
5920.336944444444,156603.22200000932,-74111.51050145319,404389.17999999627,101849.5894630417,286818.0837666244,75187,217737,89833.0172717834,-36862.98675373922,8538.897999999786,-41007.22754557624,2613.7780000000002,-25312.155775534626,6174.179999999929,-2717.7250793964736,19166.174000001116,3381.5058605971653,26569.75800000196,16034.594432055455,33919.17800000145,16044.632755235056,35240.71000000175,-3672.1483950951406,24380.546000002454
6040.33,160307.47200001703,-75529.92429340175,413947.1599999962,103418.37052879763,294095.26966767403,77037,222246,91963.44409692643,-37749.81926867308,8662.431999999804,-42051.550230312176,2643.532,-26127.69425246995,6274.513999999927,-2911.382531645388,19587.716000001154,3514.856188728395,27235.08000000205,16525.131804856148,34787.422000001134,16867.111146470063,36207.238000001176,-3596.57715035548,24909.538000002554
6088.33,167338.3440000322,-80203.07924472338,432316.419999995,106060.96426367869,310165.64999158785,80558,232149,96292.88498944593,-39698.901939589836,8906.67399999985,-44352.38912766222,2712.921999999999,-27858.00582479298,6478.077999999917,-3466.2533070024824,20359.89600000126,3237.297574467844,28327.98400000216,17308.689443311618,36399.52000000061,18230.05333605362,37984.38199999999,-3603.569399507801,26168.888000002815
6208.3325,171511.9220000412,-81086.44893403094,443138.8299999954,107480.32896064469,317992.6785420943,82594,237100,98752.27143127564,-40418.35550106605,9163.091999999897,-45491.00066235409,2734.173999999998,-28687.961679098073,6571.055999999916,-3539.9400829058263,20837.23200000132,3473.10388757928,29069.82400000225,17952.62254287177,37354.82400000042,19181.47390242955,39073.72999999928,-3556.391341486411,26707.990000002912
6256.34,179641.37800005564,-85558.91309312079,464574.2799999949,111260.67774803587,335304.19166984386,86417,246787,103568.32367523,-42276.7414365821,9570.883999999958,-47821.48558464893,2822.365999999997,-30235.523284979896,6910.20199999991,-3950.426859990299,21803.38600000143,3836.532753490995,30546.65800000236,18888.844136665466,39177.21999999994,20102.1430469005,40978.53599999822,-4102.255863974947,27832.12600000311
6376.330555555555,184852.64800006573,-86022.87146808862,478485.36999999493,113769.76662512339,344151.6035226729,88928,251674,106586.87132028282,-43256.886271741685,9821.605999999994,-49404.216356497185,2912.277999999995,-30962.669061448436,7152.379999999901,-4205.634572282857,22323.138000001512,3931.2696217143557,31307.240000002483,20058.60893009382,40370.00399999962,21556.680918885824,42354.70599999762,-3740.02467681078,28611.296000003214
6424.3405555555555,193750.86800008183,-90781.28699375645,501998.93999999604,118631.80853864341,362369.90340438054,93172,260955,111778.51505071307,-45427.76219915056,10239.84400000005,-51954.38635951473,3037.597999999993,-32740.625414540373,7446.375999999898,-4803.665384959466,23368.40000000164,4090.2897437274114,32712.168000002675,21159.46329183402,42371.463999999134,22568.696512233528,44418.34599999644,-3673.2971833852816,30156.672000003473
6544.3405555555555,198908.6360000911,-93598.26170455736,515543.599999996,122487.697550458,371789.165260469,95622,265317,114864.99889360667,-46512.98957819167,10726.174000000132,-53674.7732243463,3190.2079999999896,-33910.700262786544,7654.395999999897,-4967.895869873152,24031.106000001713,3861.6018484001506,33390.17600000231,21805.247742906788,43435.823999998844,23087.80323206106,45542.72999999576,-3286.555592727439,30938.022000003584
6592.341944444444,208688.98400010818,-98549.29206173989,541258.859999994,127685.2854466344,391164.3956275659,100255,274852,120958.47098750353,-48825.96287747914,11271.432000000188,-56454.0893478306,3365.599999999989,-35605.46227148337,8108.739999999891,-5165.166712932684,25248.90400000187,4115.848498895231,34952.62400000167,22551.325478985076,45444.44799999827,24400.77986145984,47700.21199999449,-3566.5646913542814,32597.02400000378
6711.330555555555,214702.63000011895,-99294.98616633024,557263.1399999957,131429.9616437926,400413.5476116525,103156,280034,124714.6169108431,-49950.671115774654,11604.324000000224,-58155.1432866777,3473.567999999987,-36347.960998460694,8446.261999999913,-5338.8227706670405,25786.68200000191,4464.334657409989,35907.51000000127,23281.074914816272,46663.229999998,25657.390948670567,49140.60599999366,-2905.188515646054,33680.4480000032
6759.331666666667,244804.150000139,-53324.907123290344,654755.5599999955,145940.29642147504,424502.28247689584,114470,307753,137637.88822480774,-50914.0557933052,14301.296000000302,-63964.36005212501,4397.291999999985,-33320.8416725648,10722.593999999946,-325.0749980854536,28662.156000002084,9710.016515614907,39247.204000000434,40282.13662784493,53293.69599999773,37207.57237434754,54896.02999999215,7999.69987498342,39283.88200000209
6879.3325,261144.6940001543,-31302.514829455038,704859.2099999988,153945.20507025495,437334.9219172974,120894,322161,144881.59784175863,-50365.391207069064,16287.014000000348,-66172.03368152563,5179.997999999981,-33367.26354296702,11636.885999999982,2625.991694185373,30407.74200000222,13595.756706680328,41370.52799999995,48584.23937715142,56788.099999997314,40989.71135202233,57401.715999990956,12806.474472067588,42072.71000000104
6927.333489974937,272017.0540001702,-36628.275928001014,734838.5200000013,159122.46758557227,460700.20576314727,125556,331400,151644.1225791253,-53374.669398047314,16854.240000000395,-69066.65374293977,5546.205999999975,-34401.75156761316,12640.838000000036,2590.4094958106716,32063.98800000232,14221.413443468826,43215.44199999944,50801.48082139213,59314.36399999687,40826.486077120906,59070.88199999002,11775.008942807086,43311.0940000005
7047.3533333333335,280492.77200018096,-36305.15981690626,758438.2699999997,165157.02038144504,472898.7141104764,129075,336843,156687.69532482774,-55373.21402219197,17158.88200000042,-70852.1230448275,5772.275999999968,-34468.63525910033,13446.70600000006,2407.5856599736135,33011.60200000231,14659.428589831452,44582.675999998966,53570.3043422473,61348.47999999661,42419.927185355424,60797.673999989354,11331.56673180593,44374.475999999995
7095.362920190275,293018.13400020066,-45652.4444983299,791839.7799999976,173902.1872453976,498473.78799508605,134841,346322,165116.24925769656,-59249.914465814334,17651.41600000049,-74016.88373804871,6257.567999999961,-36354.98968899782,14580.348000000153,1963.71463905292,34824.36600000159,14804.457504379152,46653.70399999818,55641.74211511076,64287.57799999572,41759.32012673745,62871.09599998825,9800.10900925055,45892.05799999925
7215.3375,300506.3940002152,-49012.376838916214,811816.7999999932,179516.04996804014,511389.3110729592,138381,351571,169923.8157977709,-61543.05383978767,17962.070000000534,-75699.56264923674,6551.3379999999615,-36615.46191908382,15303.856000000214,1779.6670446534372,35722.184000001165,15059.49810483353,47876.62399999779,56612.396347110254,65941.40999999522,41860.54315482677,64219.73799998748,9533.596917767694,46929.17399999867
7263.3388888888885,312980.7800002401,-57390.53777692641,845174.629999993,187091.0532936571,537702.8694820456,144241,361571,177771.24500109357,-65145.46609460296,18440.472000000605,-78757.86252140375,6883.833999999958,-37673.297152756,16564.552000000353,1148.961578196612,37329.34200000041,15051.674172979177,49895.26399999689,58604.0267647537,69015.95799999425,41311.245080884204,66413.909999986,8070.180395022382,48437.44799999772
7383.336111111111,320965.6400002551,-60177.77537377891,866394.5599999948,193135.81102463388,550975.7059581177,147958,367307,182460.81839091567,-67400.27047053807,18798.150000000638,-80910.07795993268,7060.185999999961,-38236.21500233245,17369.418000000445,1552.6428554194686,38502.43999999994,15209.585392639148,51144.55799999631,60532.09308819775,70984.3399999936,41507.82748280536,67760.509999985,7566.639239962444,49346.03799999711
7431.336388888889,332149.87800027593,-69381.7030920273,895838.6399999959,198270.59805162027,577367.7945687323,153362,377676,189581.9504715306,-70612.14703032399,19222.010000000693,-83947.23253430914,7336.445999999955,-39429.555887776885,18632.668000000565,1580.3631899725044,40408.727999999,14981.821975802246,53066.15799999549,61191.992655737275,73394.31799999293,40770.95737803838,69567.5499999838,6082.097160831264,50521.99999999625
2007.375,946.2880000000014,-4996.6827458021135,2552.569999999998,6054.223815058555,970.3575377425806,414,10551,524.671393000956,-984.321124092874,34.19,-778.0424780352541,18.168,-610.5849191353572,25.818,-339.7373425204388,109.45,-396.09545305055843,117.97600000000004,-476.7146417204399,149.674,-442.471644944077,266.44199999999984,-968.7151423031095,224.56999999999985
2055.387777777778,739.5460000000012,524.9204118186432,2006.5200000000013,577.1553109103305,463.34281646844323,302,1731,441.1014608025831,-1.2645113841536393,20.147999999999996,3.8,1.556,14.559441236879321,15.370000000000001,160.41367151572337,95.76800000000001,117.5519444084189,148.44199999999998,277.7982104245109,206.8779999999999,-47.94369718176504,155.83599999999998,0.005352799029206601,95.54800000000004
2175.339722222222,1186.9560000000038,778.4350147662219,3220.110000000002,941.4456695239043,873.7648364596743,490,2786,626.4644792502004,-81.37630305046613,26.381999999999994,3.8,1.556,35.40408671458433,50.346000000000004,281.54747618863144,167.92400000000004,155.52186928026487,212.64999999999995,393.6767520896155,304.9019999999998,-92.03113930452625,215.78399999999988,81.89227284811702,207.41199999999995
2223.3416666666667,2411.23,923.9548906335746,6627.98,2123.2975505839936,2343.01770403168,911,6027,1237.7098547507533,-890.4790998437447,114.39400000000005,-259.4632079906605,33.12800000000001,95.55749901033519,124.81200000000001,801.2804666047443,437.6419999999999,473.77002115483936,461.5419999999998,520.9538612619785,478.12399999999957,-270.31879795544626,289.4399999999997,452.6541483915285,472.1479999999997
2343.3925,2773.7979999999916,1123.6402815508443,7623.209999999997,2433.8714389929455,2608.6130510909684,1086,7184,1457.08522836524,-998.7977884091288,123.71600000000004,-288.2024695700296,40.102000000000004,113.64935079885409,143.41,847.9019255642572,492.11599999999964,461.7146763862076,511.37599999999964,722.7602694402416,623.1040000000006,-246.0371567421649,318.9999999999996,510.65147408260816,520.9739999999997
2391.3977777777777,4153.801999999967,2381.5288028083332,11660.919999999998,3588.260894132817,3541.601746538627,1651,9736,2149.5285565202225,-1292.9420232320533,168.86999999999998,-414.92724697565455,72.75399999999999,258.18020092056094,230.81599999999978,1026.632757754831,599.6619999999999,905.8381968420028,772.2600000000002,1286.7387147039112,1032.9040000000027,-123.18551157789474,604.5039999999998,735.1937143726403,672.0320000000007
2511.3441666666668,5203.3599999999415,3793.97252689228,14807.26999999998,4295.777284148853,4046.4917290249673,2047,11368,2671.028459933907,-1389.24149566908,191.54199999999997,-448.31626926539207,91.566,370.69134382660627,289.9739999999997,1186.4839108514793,703.5140000000005,1362.039852104399,991.4240000000012,1711.0850304817968,1306.2160000000033,93.34584207846852,809.6640000000006,907.8843124840008,819.4600000000015
2559.364722222222,6935.507999999876,5090.443686250172,19205.360000000037,5693.172579144079,4712.220944939706,2911,14985,3709.5227896660326,-1675.5383966120683,212.01999999999992,-538.0545550250209,109.638,507.8671380624223,433.7359999999995,1451.584219192506,907.5180000000023,1747.2212579438353,1361.4880000000044,2223.7281067155614,1742.9380000000067,216.61561079819992,1077.3100000000045,1157.0203051747542,1090.8600000000044
2679.3352777777777,8251.941999999837,6222.458223439534,22538.36000000003,6506.194924466099,5210.381650470653,3585,17312,4599.325201623709,-1929.8708507055012,232.1679999999999,-600.3145688083893,114.53800000000001,650.1955019914786,561.1680000000002,1570.6964426894424,1035.086000000004,2213.436056170198,1695.2360000000072,2575.879992179596,2064.2380000000067,450.53930299781564,1292.1420000000066,1291.8963469249238,1257.3660000000057
2727.349711039542,10720.012000000128,7861.032630944003,28751.87999999999,8127.138971191617,6550.876662839744,4780,21517,6212.831735024645,-2147.3745022199396,251.8459999999998,-628.8080702804767,122.28000000000002,761.9411003204116,698.0000000000011,1944.281704885616,1345.828000000007,2764.1266998368824,2208.198000000005,3344.3378357458832,2787.287999999993,546.664467618343,1772.8140000000126,1275.8633950372866,1533.7580000000073
2847.33,12168.126000000311,9313.09156343737,32488.059999999943,8916.243215624867,7298.9308064569095,5482,24085,6959.794414480825,-2321.244107816372,283.59999999999974,-730.8088371799224,127.63000000000001,864.4465865041267,771.9840000000017,2147.4634050479863,1483.1400000000083,3265.0017749427298,2496.7020000000007,3863.8654158719332,3166.309999999988,892.7949287144843,2096.564000000014,1331.5723973524216,1742.1960000000095
2895.3322222222223,15154.194000000602,12339.272365555073,40011.50999999996,10667.968017766661,8453.03295101862,6842,29461,8551.236665659737,-2932.4992937301085,358.70199999999943,-790.7843861249141,166.93599999999995,1010.0677824174882,889.2220000000025,2713.3350202042407,1834.8200000000102,4149.023389898367,3136.2939999999917,4776.5727569890705,3908.2619999999733,1765.0238057289766,2728.365999999991,1648.5332901718928,2131.5920000000087
3015.33,16693.388000000803,13636.685569778176,43815.59999999994,11697.103930387932,9046.961159856352,7632,32325,9434.849339977649,-3382.202495367519,378.7439999999994,-877.5278939384314,207.60399999999993,1051.1881595370928,933.7760000000026,2937.944758772593,1997.3900000000108,4512.013172979132,3428.0959999999827,5346.28993803261,4322.367999999961,2228.602641248332,3072.2539999999744,1820.3772885143044,2353.155999999997
3063.340277777778,20853.306000001143,19683.486280368288,54918.34999999985,13468.635276884244,10069.211645400905,9353,39242,11697.016797346545,-3869.6554045987064,445.9599999999993,-951.183398998101,257.52399999999994,1511.0399988493193,1159.0380000000036,4222.2639574224695,2714.5460000000003,5553.784266155483,4192.441999999976,7769.711263869824,5564.587999999946,3180.8340912401372,3782.2359999999417,2266.6915064279083,2736.971999999985
3183.3580555555554,22470.014000001305,21533.76131666503,59073.08999999978,14378.225182438628,10464.387420796205,10129,41969,12696.716080100021,-4138.476422170528,471.84799999999933,-1034.6520033996399,267.07599999999996,1689.4872297739453,1274.2200000000043,4587.9474540464735,2986.7459999999905,6032.047680812722,4524.571999999967,8386.956568976395,5931.925999999948,3648.5970003978705,4082.295999999927,2361.8538082279283,2931.3299999999813
3231.4056084198382,26345.516000001753,25532.215077800483,68692.79999999989,16535.126162359298,11643.53298528747,11980,47510,14981.925774552637,-4560.087770428972,616.7199999999999,-1329.6245420060106,312.6999999999999,2104.3004208392676,1570.6600000000064,5429.3605839619495,3600.0499999999793,6932.19832158708,5294.177999999946,9638.611388736097,6798.665999999927,4471.660486738262,4757.129999999896,2845.796188372844,3395.4119999999652
3351.3633333333332,28745.83800000204,28368.41322714607,74663.54999999984,17726.96433208474,12139.28373133083,13121,50879,16428.888709438266,-4767.873292534108,691.3500000000003,-1414.9878406972864,338.19799999999975,2229.713612397577,1674.8840000000073,5992.456431683592,3982.26799999997,7503.541401694472,5755.381999999931,10510.85668577332,7438.553999999912,5054.563395173491,5147.127999999884,3260.1428336549693,3718.073999999956
3399.38,33114.90200000216,33528.94664765942,85558.5500000001,19773.3166538234,13144.63248416129,15177,57032,19111.654214355814,-4938.384887643069,890.6620000000015,-1613.8785243964146,378.8239999999998,2564.9007739293793,1943.5360000000098,7533.890967261916,4942.985999999949,8592.740549984981,6654.895999999917,11929.0022693166,8423.437999999927,5889.317950277853,5828.489999999861,3571.357548928114,4052.069999999944
3519.3344444444447,35258.582000001144,35929.62741382664,90996.71999999994,21164.04361802563,13598.09121760935,16218,59719,20304.957750538495,-4946.3655417221025,970.1120000000018,-1692.7467079006428,378.8239999999998,2707.9193450943926,2079.2860000000096,8022.860177018462,5300.757999999939,9133.281795415773,7120.813999999907,12674.219424379451,8940.18199999998,6262.235320313752,6164.545999999845,3768.223601227176,4304.059999999935
3567.347222222222,39839.267999998985,40995.36155022666,102798.27999999984,23678.333261671647,15131.189013424002,18520,66616,22993.39617467816,-5275.777365973165,1180.1060000000045,-1937.2861043084292,419.48999999999984,3020.8618600108466,2353.7180000000044,8987.962323583271,5921.345999999922,10094.945949848276,7856.933999999882,14151.381325102553,9904.042000000056,7462.656243673988,7132.3719999998,4490.617318288596,5071.259999999906
3688.3358333333335,41825.89999999787,43733.55183753408,107983.94999999997,24587.182624264176,15512.725173998919,19520,69664,24150.49036420346,-5408.893162493707,1202.124000000005,-1979.7307263651987,448.6399999999998,3280.0022761492155,2515.2059999999988,9263.750964647545,6157.561999999911,10610.31382650114,8230.915999999874,14892.922962680343,10348.922000000082,8237.170812742628,7578.471999999783,4838.014883671265,5344.057999999896
3736.337777777778,47101.29199999574,52737.1655181699,122542.9899999999,26624.776804087836,16209.137947310512,21927,77710,26971.909730432984,-5496.9260742314855,1339.804000000006,-2026.4386610765096,479.4059999999997,3762.261432296286,2802.2579999999925,10433.312377882668,6860.155999999888,12069.540463912777,9170.669999999971,16839.27802371982,11533.764000000176,11203.35389624655,8936.121999999812,5952.784059418573,5979.11199999987
3856.3527777777776,49893.63799999476,57794.32096361982,130616.97000000022,27669.5650530482,16788.38571170617,23198,81626,28364.69827162701,-5434.570161923067,1407.7580000000062,-2048.243036076511,479.4059999999997,4015.842946975947,2942.10399999999,11045.04809224648,7179.795999999878,12626.650025918336,9514.476000000013,18215.693429539297,12245.30600000022,13208.966644377908,9832.643999999866,6164.933022560131,6292.147999999858
3904.357595486111,55540.23199999261,66161.87580626224,145414.9500000002,30374.649236493908,17471.891813323822,25730,88072,31406.533143920395,-5525.5841574612095,1458.1320000000067,-2081.839389966435,488.4759999999997,4478.004551870648,3221.8399999999824,12481.38525310606,7975.637999999858,14135.964934295962,10611.224000000117,20606.703778954143,13698.492000000295,15403.208842300106,11165.628000000004,6664.031993162484,6920.801999999828
4024.343888888889,58640.68399999115,69324.01528284549,153385.60000000012,32361.53721061215,18381.119622518032,27191,91095,33318.9278840254,-5599.206894833485,1526.646000000007,-2108.2792614870377,503.80999999999966,4550.837631072182,3313.6299999999806,12858.257655509266,8332.067999999874,14615.941220394872,11092.968000000183,21707.48173478723,14511.232000000344,16184.327156332476,11934.548000000113,7114.656041068893,7425.781999999808
4072.3460715854194,65605.8659999883,72204.34392687379,171027.43000000095,41183.1128421527,20047.536135947164,30287,98308,37592.43709502825,-5685.38065506172,1840.730000000012,-2167.492685510655,572.6299999999998,4738.2233339332215,3559.001999999978,14070.275843530708,9297.831999999953,15594.272679239855,12223.588000000263,22785.060276993165,16085.22000000043,16223.147427653681,13556.008000000305,6646.237706093108,8470.855999999822
4192.331111111111,69052.58199998675,69154.14662655126,179771.06999999998,49207.88030192684,21857.950717077343,31854,101887,39551.09235444687,-6498.886131970893,2236.1900000000082,-3019.883820397795,757.3080000000004,4485.884719805732,3634.2559999999776,14360.84093091157,9722.409999999994,15649.533090699926,12722.896000000297,22259.875941373375,16715.652000000468,15443.47425180662,14262.894000000386,6473.307644320032,9000.975999999906
4240.3467319958845,73744.0379999843,74068.8030884788,191773.37999999995,52602.32514162415,22718.631556521414,34251,107781,42383.620213378286,-6497.60777700345,2504.853999999999,-3152.9872972319818,833.8500000000008,4535.151194888254,3693.8039999999755,14992.999490245238,10237.604000000068,16611.25839500297,13471.31400000041,23623.829126308694,17745.472000000544,16811.327185107308,15422.678000000555,7144.8327711584025,9834.462000000025
4360.354722222222,75702.01599998311,75730.58622839359,196759.00999999983,53973.215813610856,23666.007330395332,35249,110744,43389.2006276039,-6717.9971501873915,2730.4959999999865,-3484.0810055837737,905.156000000001,4474.82303802289,3734.405999999975,15259.279457060491,10448.670000000096,16814.418282113376,13687.946000000442,24096.501807124496,18096.370000000585,17592.02072004051,15925.752000000653,7695.621079798697,10173.220000000081
4408.356548821548,80456.43599998021,82591.10051432306,209086.7099999991,55975.93364961498,24618.369224776543,37772,119171,45901.306611291,-6337.582721644678,3073.5819999999644,-3706.2542529401785,940.3680000000012,4467.335901647152,3786.4819999999736,16377.485456541799,11050.380000000196,17712.26172414321,14406.770000000544,25553.224283931053,19029.448000000673,19609.945004875754,17085.704000000882,8914.68511776229,11083.70200000024
4528.345,83467.5879999785,86443.26748674107,216852.05999999962,57866.43318487733,25205.43437972333,39313,122913,47336.92494866435,-6183.701807385174,3395.8899999999435,-3963.1556441607663,1028.1720000000016,4376.2508788693185,3827.7039999999724,16840.293349746957,11328.582000000237,18367.256828459856,14843.550000000598,26520.819457796213,19680.91000000075,20793.50514893069,17771.316000000978,9691.999274476913,11591.46400000032
4576.345,88691.2679999762,92243.36760123336,230059.76999999947,60823.29853400955,26722.06259600573,41879,130115,50271.04126875899,-6172.16703783212,3734.623999999932,-4413.4758032990285,1134.2980000000023,4315.518194500909,3888.671999999971,17766.00207827109,11916.794000000311,19597.908096479772,15762.034000000676,27780.94484479337,20668.964000000804,22793.721217594015,19145.594000001147,10574.916010717023,12440.288000000486
4696.332777777778,91954.72799997486,95484.14374319774,238234.2899999996,62883.7105325804,27682.841841992253,43388,134090,52183.59388223802,-6164.699875811595,4074.01599999992,-4826.185290738234,1256.8140000000026,4314.003756020908,3964.505999999969,18219.641931670678,12281.812000000346,20288.07727784932,16305.190000000737,28814.216783629672,21389.376000000833,23840.056791003703,19887.066000001254,10999.032369563996,12795.948000000544
4744.334058641975,97259.15799997265,100854.32455276189,251763.9399999999,66047.80995452542,29515.223580471098,45896,140746,55346.58191225127,-6166.268955346806,4469.885999999905,-5326.795569136425,1356.6060000000032,4336.465561432233,4058.809999999968,19043.683659379254,12807.470000000421,21206.012923182796,17093.540000000838,30101.729607547066,22361.41200000088,25580.59295610306,21173.07800000141,12078.904369589949,13938.35600000071
4864.354166666667,100194.4339999715,103373.0548062257,259327.4100000001,68317.16146293456,30613.55254915893,47274,144049,57023.64118169043,-6321.76512264113,4751.643999999895,-5734.638009012223,1429.8280000000034,4314.568087857653,4084.631999999968,19370.33924611622,13068.470000000434,21723.124507359727,17505.038000000866,30615.31156173243,22857.932000000936,26597.125241505404,21972.478000001516,12808.989293296883,14524.412000000777
4912.360277777778,103495.18999996995,106259.07667358514,267827.17,70944.828490346,31526.076506660112,48924,148801,59097.18832941801,-6349.333892850509,4987.339999999885,-5969.276440587272,1478.3480000000034,4210.2160707804305,4102.629999999968,19590.104703081055,13276.508000000456,22097.129628521056,17999.920000000933,31063.122967816715,23352.40000000099,27888.1932916336,22927.206000001603,13728.920345178984,15370.83800000091
5032.3341666666665,105736.33399996875,107835.12621835363,273750.99999999924,73061.60311938138,32451.760898304216,50061,151648,60402.50976397045,-6475.1595684790655,5191.317999999877,-6426.2023200709755,1562.0200000000036,4128.470314470594,4166.215999999968,19676.728517543288,13409.736000000476,22517.343431434612,18310.24000000097,31532.49535994947,23716.990000001028,28684.810940734937,23528.43800000173,14196.63954275906,15851.376000000988
5080.335555555555,109639.781999967,110836.14020904475,283711.3499999992,76017.71772221681,33919.467592301444,51892,157409,62938.024476445666,-6628.831199050264,5515.303999999866,-6952.361698219868,1681.214000000004,4088.0441929781027,4253.547999999967,20063.580390601688,13791.190000000503,23434.641587395872,19047.05200000103,32452.416896520568,24414.330000001082,29593.870069503922,24315.056000001823,14784.779969302768,16622.08800000111
5200.343611111111,111611.24199996583,112000.89672247243,288745.6499999995,77811.57393236608,34825.94388826848,52898,160288,64107.23545690142,-6894.006701882425,5713.711999999863,-7342.151559765251,1828.4500000000046,3821.85879601608,4327.931999999965,20209.313285237815,13902.906000000523,23766.93448051706,19276.432000001067,32836.92794866272,24728.99800000114,30265.835037077366,24786.042000001904,15336.185436597023,17046.7700000012
5248.346666666666,116966.39199996289,118179.618025715,302556.3699999997,80768.5125637458,36532.61596443838,55515,168196,67075.62344611099,-6643.931188717143,6198.787999999836,-8023.797413155944,1964.5800000000047,3748.615246008433,4481.295999999962,20872.412579596355,14342.906000000588,25056.199194490233,20198.28200000117,34220.59058998953,25790.352000001236,32016.703833655367,25880.304000002103,16932.825183834306,18109.8840000014
5368.332222222222,120423.66199996126,122275.39402621753,311401.45999999833,82838.27928147081,37461.05131055111,57192,172282,68826.73538177116,-6723.01252860095,6512.071999999822,-8503.248010266256,2017.2160000000054,3781.6996504444905,4609.003999999963,21273.46226368485,14637.832000000617,25874.687538466187,20766.40600000125,35338.411285393624,26554.804000001277,33457.49438774196,26727.296000002243,17775.899439338766,18599.032000001465
5416.332777777778,125984.52599995861,130893.27992079621,326387.9799999978,85046.13487212142,38552.29906236048,59859,181391,71896.26614473267,-6337.203653566985,6940.295999999795,-8810.19952516173,2110.0060000000058,3987.435867909531,4770.4659999999585,22329.58892145194,15349.994000000694,27340.040677806417,21722.086000001385,37531.317570626285,27680.130000001333,35810.14290699023,27969.61600000239,19042.15715472372,19441.932000001627
5536.3388888888885,128933.28399995672,135161.71161817198,334033.23999999836,86284.31680621709,38972.97679574175,61431,185636,73614.23477988044,-6165.547005984072,7126.8919999997825,-8914.13441138315,2150.302000000006,4177.628234231241,4895.941999999953,22711.160836962346,15570.896000000721,28053.697843652473,22176.922000001417,38396.36249965368,28287.75800000137,37082.73706736141,28783.73800000253,19819.806553659306,19940.83400000174
5584.340833333334,135517.64799996628,143150.25884863248,350737.1799999978,90224.70837993325,39949.56896508108,64694,193501,77412.6438063644,-6152.891999020371,7492.705999999772,-9196.307112799244,2301.438000000005,4378.86682421117,5152.359999999951,24053.028678865543,16444.92200000082,29470.943621454335,23259.894000001546,40104.771721317644,29621.084000001498,39306.02616155195,30280.514000002815,21185.820953031074,20964.730000001913
5704.329444444445,139457.0219999744,147981.60363280796,360793.88999999803,92527.54103762153,40692.90910079153,66637,197436,79591.83622879093,-6208.1193862164255,7714.47199999976,-9429.862994941148,2351.328000000004,4537.395593218032,5339.781999999947,24793.3823482049,16906.132000000864,30188.319536641597,23819.68600000159,41591.62740054003,30531.198000001554,40562.12320260444,31237.968000002966,21946.737932734937,21556.456000002017
5752.336944444444,146260.75599998847,157035.43134041244,378174.8099999965,95952.30943432201,41635.191098078176,70028,205293,83551.8781271998,-6153.93027159299,8014.483999999747,-9563.433150319734,2461.2980000000034,4875.825555178685,5688.04999999994,26139.856513820196,17839.600000001,31761.355865313715,24869.154000001712,43682.40045678023,31860.220000001602,42978.633332811034,32869.63600000318,23314.723038398268,22658.31400000222
5872.334722222222,150038.651999997,161666.29854781507,387812.0399999967,98160.57269537974,42270.94699258757,71960,209560,85714.2217642316,-6310.962321775296,8226.103999999743,-10030.6229627086,2543.210000000001,5042.776779009484,5893.923999999933,26702.24709185833,18262.54000000104,32582.085289018636,25512.370000001785,44866.234750671436,32572.94200000167,44326.50525923563,33678.07600000256,24488.034662479877,23349.486000002307
5920.336944444444,156603.22200000932,169819.38990415062,404389.17999999627,101280.28695184445,43456.48587223848,75187,217737,89833.0172717834,-6378.622369014824,8538.897999999786,-10275.52460889156,2613.7780000000002,5332.899002860886,6174.179999999929,28009.51754932536,19166.174000001116,34134.16602279768,26569.75800000196,46778.381096310804,33919.17800000145,46805.85421959287,35240.71000000175,25412.718991140006,24380.546000002454
6040.33,160307.47200001703,175235.00132053858,413947.1599999962,102849.06801760038,43899.646564952935,77037,222246,91963.44409692643,-6469.237731170849,8662.431999999804,-10425.950488071832,2643.532,5402.752678703166,6274.513999999927,28708.88832328229,19587.716000001154,35158.153263611886,27235.08000000205,48160.27498027593,34787.422000001134,48519.89811355249,36207.238000001176,26180.222180324043,24909.538000002554
6088.33,167338.3440000322,185565.08853953306,432316.419999995,105452.41958217065,45006.02688886986,80558,232149,96292.88498944593,-6492.083993643783,8906.67399999985,-10858.729695143984,2712.921999999999,5529.778328602356,6478.077999999917,30023.837141179174,20359.89600000126,36751.428667208536,28327.98400000216,50816.064563175634,36399.52000000061,51753.553118068354,37984.38199999999,28041.24041005075,26168.888000002815
6208.3325,171511.9220000412,191852.15817816,443138.8299999954,106871.60302913655,45662.79736144804,82594,237100,98752.27143127564,-6375.212250397348,9163.091999999897,-11060.463548447184,2734.173999999998,5630.569418741825,6571.055999999916,30885.053976387106,20837.23200000132,37922.571577542134,29069.82400000225,52395.42855032722,37354.82400000042,53641.774741296904,39073.72999999928,28812.43571267087,26707.990000002912
6256.34,179641.37800005564,203425.0779417964,464574.2799999949,110617.06914380705,46963.80923919038,86417,246787,103568.32367523,-6186.3500299485995,9570.883999999958,-11400.09728158887,2822.365999999997,6084.378368415713,6910.20199999991,32475.93775485804,21803.38600000143,40285.14766567613,30546.65800000236,55332.372227454005,39177.21999999994,56563.62916354578,40978.53599999822,30270.06007334056,27832.12600000311
6376.330555555555,184852.64800006573,210627.4508168307,478485.36999999493,113126.15802089457,48144.88984201658,88928,251674,106586.87132028282,-6274.812209552784,9821.605999999994,-11983.429838622038,2912.277999999995,6354.446999354358,7152.379999999901,33221.57213995299,22323.138000001512,41380.04243651204,31307.240000002483,57503.47077088251,40370.00399999962,59018.66703553117,42354.70599999762,31407.493482726968,28611.296000003214
6424.3405555555555,193750.86800008183,222627.5129994982,501998.93999999604,117937.2022260812,49655.70972373424,93172,260955,111778.51505071307,-6294.556971838074,10239.84400000005,-12454.543298429711,3037.597999999993,6666.617312929242,7446.375999999898,34711.418233751465,23368.40000000164,43627.572318716346,32712.168000002675,60690.97179928939,42371.463999999134,62116.845962212516,44418.34599999644,33563.187642819044,30156.672000003473
6544.3405555555555,198908.6360000911,227810.38162203197,515543.599999996,121793.09123789579,51075.128246494765,95622,265317,114864.99889360667,-6454.297684212728,10726.174000000132,-13129.716575360908,3190.2079999999896,6539.618876782817,7654.395999999897,35593.65933467303,24031.106000001713,44441.621497464104,33390.17600000231,62382.060923785204,43435.823999998844,63677.3426820398,45542.72999999576,34760.0925668102,30938.022000003584
6592.341944444444,208688.98400010818,240285.28203981183,541258.859999994,126965.25183133472,53049.85514137979,100255,274852,120958.47098750353,-6556.323584956577,11271.432000000188,-13742.473458148204,3365.599999999989,7017.75678806766,8108.739999999891,37571.052300291005,25248.90400000187,46873.25184161806,34952.62400000167,65300.371793101236,45444.44799999827,67165.11792254962,47700.21199999449,36656.528437235545,32597.02400000378
6711.330555555555,214702.63000011895,247870.04610592648,557263.1399999957,130709.87566738209,53968.601315879416,103156,280034,124714.6169108431,-6717.486684363192,11604.324000000224,-14354.214896995301,3473.567999999987,7362.254588868176,8446.261999999913,38484.99693700097,25786.68200000191,48311.55397235531,35907.51000000127,67121.84194571609,46663.229999998,69501.53005775592,49140.60599999366,38159.57018553386,33680.4480000032
6759.331666666667,244804.150000139,313339.4722137306,654755.5599999955,145209.31449143737,58568.88507006657,114470,307753,137637.88822480774,-5239.351972636701,14301.296000000302,-17728.638384665035,4397.291999999985,12820.941748097242,10722.593999999946,45935.02197930125,28662.156000002084,55993.307240760325,39247.204000000434,86559.00608993831,53293.69599999773,83489.40315010118,54896.02999999215,51509.78236275642,39283.88200000209
6879.3325,261144.6940001543,345106.3934353576,704859.2099999988,153213.5142513283,61657.70447160552,120894,322161,144881.59784175863,-3471.3340530672695,16287.014000000348,-18719.659977028747,5179.997999999981,13992.401729546957,11636.885999999982,50104.31422712755,30407.74200000222,61098.287987381394,41370.52799999995,96077.98106146714,56788.099999997314,88489.42934999804,57401.715999990956,57534.973109841005,42072.71000000104
6927.333489974937,272017.0540001702,360331.75677081774,734838.5200000013,158372.07579442364,64490.564855685596,125556,331400,151644.1225791253,-3880.6801119608936,16854.240000000395,-19070.448148010604,5546.205999999975,15518.18558568795,12640.838000000036,52632.35857852113,32063.98800000232,64289.00521934564,43215.44199999944,100860.8617789713,59314.36399999687,90894.51200467312,59070.88199999002,59087.96186349333,43311.0940000005
7047.3533333333335,280492.77200018096,370927.5916910392,758438.2699999997,164402.27456251843,66420.70842167085,129075,336843,156687.69532482774,-4592.4483447365565,17158.88200000042,-19577.976132934007,5772.275999999968,16737.28474142316,13446.70600000006,53730.02876194616,33011.60200000231,66010.0920227747,44582.675999998966,104912.06740127613,61348.47999999661,93773.34186290714,60797.673999989354,59935.20137828221,44374.475999999995
7095.362920190275,293018.13400020066,383965.9093335644,791839.7799999976,173038.28740415518,69719.33400465001,134841,346322,165116.24925769656,-5691.705985314509,17651.41600000049,-19951.921851422037,6257.567999999961,17627.583644859325,14580.348000000153,56070.28662991478,34824.36600000159,68940.40982621098,46653.70399999818,109765.19858873494,64287.57799999572,95898.93850273671,62871.09599998825,61307.11997773114,45892.05799999925
7215.3375,300506.3940002152,391720.2636219162,811816.7999999932,178651.46137679784,71521.25920358312,138381,351571,169923.8157977709,-6591.787954843742,17962.070000000534,-20243.637816176953,6551.3379999999615,18762.442175007152,15303.856000000214,57274.95727223031,35722.184000001165,70588.36629162966,47876.62399999779,112126.99649683324,65941.40999999522,97392.50578960715,64219.73799998748,62410.42136751323,46929.17399999867
7263.3388888888885,312980.7800002401,407385.24669748376,845174.629999993,186196.01548050807,73822.12282098048,144241,361571,177771.24500109357,-7167.683604072086,18440.472000000605,-20318.001074233915,6883.833999999958,20695.410809104833,16564.552000000353,59645.76568653726,37329.34200000041,73583.62886886524,49895.26399999689,117119.6347014179,69015.95799999425,99844.73733305967,66413.909999986,63981.75397668412,48437.44799999772
7383.336111111111,320965.6400002551,416598.38961972384,866394.5599999948,192240.77321148483,75094.5787779436,147958,367307,182460.81839091567,-7913.678396673817,18798.150000000638,-20972.523596096653,7060.185999999961,21627.962542861656,17369.418000000445,61547.69571376061,38502.43999999994,75242.4290468582,51144.55799999631,120548.46548747367,70984.3399999936,101541.91631403634,67760.509999985,64976.1225073795,49346.03799999711
7431.336388888889,332149.87800027593,432487.6564153779,895838.6399999959,197338.51072458221,76430.52238858341,153362,377676,189581.9504715306,-7962.83042312586,19222.010000000693,-20904.92270380663,7336.445999999955,23558.211657417254,18632.668000000565,64708.681793132666,40408.727999999,78146.70488520247,53066.15799999549,124339.49505501287,73394.31799999293,103939.17936687235,69567.5499999838,66663.13678453468,50521.99999999625
2007.375,946.2880000000014,-4996.6827458021135,2552.569999999998,6054.223815058555,970.3575377425806,414,10551,524.671393000956,-984.321124092874,34.19,-778.0424780352541,18.168,-610.5849191353572,25.818,-339.7373425204388,109.45,-396.09545305055843,117.97600000000004,-476.7146417204399,149.674,-442.471644944077,266.44199999999984,-968.7151423031095,224.56999999999985
2055.387777777778,739.5460000000012,524.9204118186432,2006.5200000000013,577.1553109103305,463.34281646844323,302,1731,441.1014608025831,-1.2645113841536393,20.147999999999996,3.8,1.556,14.559441236879321,15.370000000000001,160.41367151572337,95.76800000000001,117.5519444084189,148.44199999999998,277.7982104245109,206.8779999999999,-47.94369718176504,155.83599999999998,0.005352799029206601,95.54800000000004
2175.339722222222,1186.9560000000038,778.4350147662219,3220.110000000002,941.4456695239043,873.7648364596743,490,2786,626.4644792502004,-81.37630305046613,26.381999999999994,3.8,1.556,35.40408671458433,50.346000000000004,281.54747618863144,167.92400000000004,155.52186928026487,212.64999999999995,393.6767520896155,304.9019999999998,-92.03113930452625,215.78399999999988,81.89227284811702,207.41199999999995
2223.3416666666667,2411.23,923.9548906335746,6627.98,2123.2975505839936,2343.01770403168,911,6027,1237.7098547507533,-890.4790998437447,114.39400000000005,-259.4632079906605,33.12800000000001,95.55749901033519,124.81200000000001,801.2804666047443,437.6419999999999,473.77002115483936,461.5419999999998,520.9538612619785,478.12399999999957,-270.31879795544626,289.4399999999997,452.6541483915285,472.1479999999997
2343.3925,2773.7979999999916,1123.6402815508443,7623.209999999997,2433.8714389929455,2608.6130510909684,1086,7184,1457.08522836524,-998.7977884091288,123.71600000000004,-288.2024695700296,40.102000000000004,113.64935079885409,143.41,847.9019255642572,492.11599999999964,461.7146763862076,511.37599999999964,722.7602694402416,623.1040000000006,-246.0371567421649,318.9999999999996,510.65147408260816,520.9739999999997
2391.3977777777777,4153.801999999967,2381.5288028083332,11660.919999999998,3588.260894132817,3541.601746538627,1651,9736,2149.5285565202225,-1292.9420232320533,168.86999999999998,-414.92724697565455,72.75399999999999,258.18020092056094,230.81599999999978,1026.632757754831,599.6619999999999,905.8381968420028,772.2600000000002,1286.7387147039112,1032.9040000000027,-123.18551157789474,604.5039999999998,735.1937143726403,672.0320000000007
2511.3441666666668,5203.3599999999415,3793.97252689228,14807.26999999998,4295.777284148853,4046.4917290249673,2047,11368,2671.028459933907,-1389.24149566908,191.54199999999997,-448.31626926539207,91.566,370.69134382660627,289.9739999999997,1186.4839108514793,703.5140000000005,1362.039852104399,991.4240000000012,1711.0850304817968,1306.2160000000033,93.34584207846852,809.6640000000006,907.8843124840008,819.4600000000015
2559.364722222222,6935.507999999876,5090.443686250172,19205.360000000037,5693.172579144079,4712.220944939706,2911,14985,3709.5227896660326,-1675.5383966120683,212.01999999999992,-538.0545550250209,109.638,507.8671380624223,433.7359999999995,1451.584219192506,907.5180000000023,1747.2212579438353,1361.4880000000044,2223.7281067155614,1742.9380000000067,216.61561079819992,1077.3100000000045,1157.0203051747542,1090.8600000000044
2679.3352777777777,8251.941999999837,6222.458223439534,22538.36000000003,6506.194924466099,5210.381650470653,3585,17312,4599.325201623709,-1929.8708507055012,232.1679999999999,-600.3145688083893,114.53800000000001,650.1955019914786,561.1680000000002,1570.6964426894424,1035.086000000004,2213.436056170198,1695.2360000000072,2575.879992179596,2064.2380000000067,450.53930299781564,1292.1420000000066,1291.8963469249238,1257.3660000000057
2727.349711039542,10720.012000000128,7861.032630944003,28751.87999999999,8127.138971191617,6550.876662839744,4780,21517,6212.831735024645,-2147.3745022199396,251.8459999999998,-628.8080702804767,122.28000000000002,761.9411003204116,698.0000000000011,1944.281704885616,1345.828000000007,2764.1266998368824,2208.198000000005,3344.3378357458832,2787.287999999993,546.664467618343,1772.8140000000126,1275.8633950372866,1533.7580000000073
2847.33,12168.126000000311,9313.09156343737,32488.059999999943,8916.243215624867,7298.9308064569095,5482,24085,6959.794414480825,-2321.244107816372,283.59999999999974,-730.8088371799224,127.63000000000001,864.4465865041267,771.9840000000017,2147.4634050479863,1483.1400000000083,3265.0017749427298,2496.7020000000007,3863.8654158719332,3166.309999999988,892.7949287144843,2096.564000000014,1331.5723973524216,1742.1960000000095
2895.3322222222223,15154.194000000602,12339.272365555073,40011.50999999996,10667.968017766661,8453.03295101862,6842,29461,8551.236665659737,-2932.4992937301085,358.70199999999943,-790.7843861249141,166.93599999999995,1010.0677824174882,889.2220000000025,2713.3350202042407,1834.8200000000102,4149.023389898367,3136.2939999999917,4776.5727569890705,3908.2619999999733,1765.0238057289766,2728.365999999991,1648.5332901718928,2131.5920000000087
3015.33,16693.388000000803,13636.685569778176,43815.59999999994,11697.103930387932,9046.961159856352,7632,32325,9434.849339977649,-3382.202495367519,378.7439999999994,-877.5278939384314,207.60399999999993,1051.1881595370928,933.7760000000026,2937.944758772593,1997.3900000000108,4512.013172979132,3428.0959999999827,5346.28993803261,4322.367999999961,2228.602641248332,3072.2539999999744,1820.3772885143044,2353.155999999997
3063.340277777778,20853.306000001143,19683.486280368288,54918.34999999985,13468.635276884244,10069.211645400905,9353,39242,11697.016797346545,-3869.6554045987064,445.9599999999993,-951.183398998101,257.52399999999994,1511.0399988493193,1159.0380000000036,4222.2639574224695,2714.5460000000003,5553.784266155483,4192.441999999976,7769.711263869824,5564.587999999946,3180.8340912401372,3782.2359999999417,2266.6915064279083,2736.971999999985
3183.3580555555554,22470.014000001305,21533.76131666503,59073.08999999978,14378.225182438628,10464.387420796205,10129,41969,12696.716080100021,-4138.476422170528,471.84799999999933,-1034.6520033996399,267.07599999999996,1689.4872297739453,1274.2200000000043,4587.9474540464735,2986.7459999999905,6032.047680812722,4524.571999999967,8386.956568976395,5931.925999999948,3648.5970003978705,4082.295999999927,2361.8538082279283,2931.3299999999813
3231.4056084198382,26345.516000001753,25532.215077800483,68692.79999999989,16535.126162359298,11643.53298528747,11980,47510,14981.925774552637,-4560.087770428972,616.7199999999999,-1329.6245420060106,312.6999999999999,2104.3004208392676,1570.6600000000064,5429.3605839619495,3600.0499999999793,6932.19832158708,5294.177999999946,9638.611388736097,6798.665999999927,4471.660486738262,4757.129999999896,2845.796188372844,3395.4119999999652
3351.3633333333332,28745.83800000204,28368.41322714607,74663.54999999984,17726.96433208474,12139.28373133083,13121,50879,16428.888709438266,-4767.873292534108,691.3500000000003,-1414.9878406972864,338.19799999999975,2229.713612397577,1674.8840000000073,5992.456431683592,3982.26799999997,7503.541401694472,5755.381999999931,10510.85668577332,7438.553999999912,5054.563395173491,5147.127999999884,3260.1428336549693,3718.073999999956
3399.38,33114.90200000216,33528.94664765942,85558.5500000001,19773.3166538234,13144.63248416129,15177,57032,19111.654214355814,-4938.384887643069,890.6620000000015,-1613.8785243964146,378.8239999999998,2564.9007739293793,1943.5360000000098,7533.890967261916,4942.985999999949,8592.740549984981,6654.895999999917,11929.0022693166,8423.437999999927,5889.317950277853,5828.489999999861,3571.357548928114,4052.069999999944
3519.3344444444447,35258.582000001144,35929.62741382664,90996.71999999994,21164.04361802563,13598.09121760935,16218,59719,20304.957750538495,-4946.3655417221025,970.1120000000018,-1692.7467079006428,378.8239999999998,2707.9193450943926,2079.2860000000096,8022.860177018462,5300.757999999939,9133.281795415773,7120.813999999907,12674.219424379451,8940.18199999998,6262.235320313752,6164.545999999845,3768.223601227176,4304.059999999935
3567.347222222222,39839.267999998985,40995.36155022666,102798.27999999984,23678.333261671647,15131.189013424002,18520,66616,22993.39617467816,-5275.777365973165,1180.1060000000045,-1937.2861043084292,419.48999999999984,3020.8618600108466,2353.7180000000044,8987.962323583271,5921.345999999922,10094.945949848276,7856.933999999882,14151.381325102553,9904.042000000056,7462.656243673988,7132.3719999998,4490.617318288596,5071.259999999906
3688.3358333333335,41825.89999999787,43733.55183753408,107983.94999999997,24587.182624264176,15512.725173998919,19520,69664,24150.49036420346,-5408.893162493707,1202.124000000005,-1979.7307263651987,448.6399999999998,3280.0022761492155,2515.2059999999988,9263.750964647545,6157.561999999911,10610.31382650114,8230.915999999874,14892.922962680343,10348.922000000082,8237.170812742628,7578.471999999783,4838.014883671265,5344.057999999896
3736.337777777778,47101.29199999574,52737.1655181699,122542.9899999999,26624.776804087836,16209.137947310512,21927,77710,26971.909730432984,-5496.9260742314855,1339.804000000006,-2026.4386610765096,479.4059999999997,3762.261432296286,2802.2579999999925,10433.312377882668,6860.155999999888,12069.540463912777,9170.669999999971,16839.27802371982,11533.764000000176,11203.35389624655,8936.121999999812,5952.784059418573,5979.11199999987
3856.3527777777776,49893.63799999476,57794.32096361982,130616.97000000022,27669.5650530482,16788.38571170617,23198,81626,28364.69827162701,-5434.570161923067,1407.7580000000062,-2048.243036076511,479.4059999999997,4015.842946975947,2942.10399999999,11045.04809224648,7179.795999999878,12626.650025918336,9514.476000000013,18215.693429539297,12245.30600000022,13208.966644377908,9832.643999999866,6164.933022560131,6292.147999999858
3904.357595486111,55540.23199999261,66161.87580626224,145414.9500000002,30374.649236493908,17471.891813323822,25730,88072,31406.533143920395,-5525.5841574612095,1458.1320000000067,-2081.839389966435,488.4759999999997,4478.004551870648,3221.8399999999824,12481.38525310606,7975.637999999858,14135.964934295962,10611.224000000117,20606.703778954143,13698.492000000295,15403.208842300106,11165.628000000004,6664.031993162484,6920.801999999828
4024.343888888889,58640.68399999115,69324.01528284549,153385.60000000012,32361.53721061215,18381.119622518032,27191,91095,33318.9278840254,-5599.206894833485,1526.646000000007,-2108.2792614870377,503.80999999999966,4550.837631072182,3313.6299999999806,12858.257655509266,8332.067999999874,14615.941220394872,11092.968000000183,21707.48173478723,14511.232000000344,16184.327156332476,11934.548000000113,7114.656041068893,7425.781999999808
4072.3460715854194,65605.8659999883,72204.34392687379,171027.43000000095,41183.1128421527,20047.536135947164,30287,98308,37592.43709502825,-5685.38065506172,1840.730000000012,-2167.492685510655,572.6299999999998,4738.2233339332215,3559.001999999978,14070.275843530708,9297.831999999953,15594.272679239855,12223.588000000263,22785.060276993165,16085.22000000043,16223.147427653681,13556.008000000305,6646.237706093108,8470.855999999822
4192.331111111111,69052.58199998675,69154.14662655126,179771.06999999998,49207.88030192684,21857.950717077343,31854,101887,39551.09235444687,-6498.886131970893,2236.1900000000082,-3019.883820397795,757.3080000000004,4485.884719805732,3634.2559999999776,14360.84093091157,9722.409999999994,15649.533090699926,12722.896000000297,22259.875941373375,16715.652000000468,15443.47425180662,14262.894000000386,6473.307644320032,9000.975999999906
4240.3467319958845,73744.0379999843,74068.8030884788,191773.37999999995,52602.32514162415,22718.631556521414,34251,107781,42383.620213378286,-6497.60777700345,2504.853999999999,-3152.9872972319818,833.8500000000008,4535.151194888254,3693.8039999999755,14992.999490245238,10237.604000000068,16611.25839500297,13471.31400000041,23623.829126308694,17745.472000000544,16811.327185107308,15422.678000000555,7144.8327711584025,9834.462000000025
4360.354722222222,75702.01599998311,75730.58622839359,196759.00999999983,53973.215813610856,23666.007330395332,35249,110744,43389.2006276039,-6717.9971501873915,2730.4959999999865,-3484.0810055837737,905.156000000001,4474.82303802289,3734.405999999975,15259.279457060491,10448.670000000096,16814.418282113376,13687.946000000442,24096.501807124496,18096.370000000585,17592.02072004051,15925.752000000653,7695.621079798697,10173.220000000081
4408.356548821548,80456.43599998021,82591.10051432306,209086.7099999991,55975.93364961498,24618.369224776543,37772,119171,45901.306611291,-6337.582721644678,3073.5819999999644,-3706.2542529401785,940.3680000000012,4467.335901647152,3786.4819999999736,16377.485456541799,11050.380000000196,17712.26172414321,14406.770000000544,25553.224283931053,19029.448000000673,19609.945004875754,17085.704000000882,8914.68511776229,11083.70200000024
4528.345,83467.5879999785,86443.26748674107,216852.05999999962,57866.43318487733,25205.43437972333,39313,122913,47336.92494866435,-6183.701807385174,3395.8899999999435,-3963.1556441607663,1028.1720000000016,4376.2508788693185,3827.7039999999724,16840.293349746957,11328.582000000237,18367.256828459856,14843.550000000598,26520.819457796213,19680.91000000075,20793.50514893069,17771.316000000978,9691.999274476913,11591.46400000032
4576.345,88691.2679999762,92243.36760123336,230059.76999999947,60823.29853400955,26722.06259600573,41879,130115,50271.04126875899,-6172.16703783212,3734.623999999932,-4413.4758032990285,1134.2980000000023,4315.518194500909,3888.671999999971,17766.00207827109,11916.794000000311,19597.908096479772,15762.034000000676,27780.94484479337,20668.964000000804,22793.721217594015,19145.594000001147,10574.916010717023,12440.288000000486
4696.332777777778,91954.72799997486,95484.14374319774,238234.2899999996,62883.7105325804,27682.841841992253,43388,134090,52183.59388223802,-6164.699875811595,4074.01599999992,-4826.185290738234,1256.8140000000026,4314.003756020908,3964.505999999969,18219.641931670678,12281.812000000346,20288.07727784932,16305.190000000737,28814.216783629672,21389.376000000833,23840.056791003703,19887.066000001254,10999.032369563996,12795.948000000544
4744.334058641975,97259.15799997265,100854.32455276189,251763.9399999999,66047.80995452542,29515.223580471098,45896,140746,55346.58191225127,-6166.268955346806,4469.885999999905,-5326.795569136425,1356.6060000000032,4336.465561432233,4058.809999999968,19043.683659379254,12807.470000000421,21206.012923182796,17093.540000000838,30101.729607547066,22361.41200000088,25580.59295610306,21173.07800000141,12078.904369589949,13938.35600000071
4864.354166666667,100194.4339999715,103373.0548062257,259327.4100000001,68317.16146293456,30613.55254915893,47274,144049,57023.64118169043,-6321.76512264113,4751.643999999895,-5734.638009012223,1429.8280000000034,4314.568087857653,4084.631999999968,19370.33924611622,13068.470000000434,21723.124507359727,17505.038000000866,30615.31156173243,22857.932000000936,26597.125241505404,21972.478000001516,12808.989293296883,14524.412000000777
4912.360277777778,103495.18999996995,106259.07667358514,267827.17,70944.828490346,31526.076506660112,48924,148801,59097.18832941801,-6349.333892850509,4987.339999999885,-5969.276440587272,1478.3480000000034,4210.2160707804305,4102.629999999968,19590.104703081055,13276.508000000456,22097.129628521056,17999.920000000933,31063.122967816715,23352.40000000099,27888.1932916336,22927.206000001603,13728.920345178984,15370.83800000091
5032.3341666666665,105736.33399996875,107835.12621835363,273750.99999999924,73061.60311938138,32451.760898304216,50061,151648,60402.50976397045,-6475.1595684790655,5191.317999999877,-6426.2023200709755,1562.0200000000036,4128.470314470594,4166.215999999968,19676.728517543288,13409.736000000476,22517.343431434612,18310.24000000097,31532.49535994947,23716.990000001028,28684.810940734937,23528.43800000173,14196.63954275906,15851.376000000988
5080.335555555555,109639.781999967,110836.14020904475,283711.3499999992,76017.71772221681,33919.467592301444,51892,157409,62938.024476445666,-6628.831199050264,5515.303999999866,-6952.361698219868,1681.214000000004,4088.0441929781027,4253.547999999967,20063.580390601688,13791.190000000503,23434.641587395872,19047.05200000103,32452.416896520568,24414.330000001082,29593.870069503922,24315.056000001823,14784.779969302768,16622.08800000111
5200.343611111111,111611.24199996583,112000.89672247243,288745.6499999995,77811.57393236608,34825.94388826848,52898,160288,64107.23545690142,-6894.006701882425,5713.711999999863,-7342.151559765251,1828.4500000000046,3821.85879601608,4327.931999999965,20209.313285237815,13902.906000000523,23766.93448051706,19276.432000001067,32836.92794866272,24728.99800000114,30265.835037077366,24786.042000001904,15336.185436597023,17046.7700000012
5248.346666666666,116966.39199996289,118179.618025715,302556.3699999997,80768.5125637458,36532.61596443838,55515,168196,67075.62344611099,-6643.931188717143,6198.787999999836,-8023.797413155944,1964.5800000000047,3748.615246008433,4481.295999999962,20872.412579596355,14342.906000000588,25056.199194490233,20198.28200000117,34220.59058998953,25790.352000001236,32016.703833655367,25880.304000002103,16932.825183834306,18109.8840000014
5368.332222222222,120423.66199996126,122275.39402621753,311401.45999999833,82838.27928147081,37461.05131055111,57192,172282,68826.73538177116,-6723.01252860095,6512.071999999822,-8503.248010266256,2017.2160000000054,3781.6996504444905,4609.003999999963,21273.46226368485,14637.832000000617,25874.687538466187,20766.40600000125,35338.411285393624,26554.804000001277,33457.49438774196,26727.296000002243,17775.899439338766,18599.032000001465
5416.332777777778,125984.52599995861,130893.27992079621,326387.9799999978,85046.13487212142,38552.29906236048,59859,181391,71896.26614473267,-6337.203653566985,6940.295999999795,-8810.19952516173,2110.0060000000058,3987.435867909531,4770.4659999999585,22329.58892145194,15349.994000000694,27340.040677806417,21722.086000001385,37531.317570626285,27680.130000001333,35810.14290699023,27969.61600000239,19042.15715472372,19441.932000001627
5536.3388888888885,128933.28399995672,135161.71161817198,334033.23999999836,86284.31680621709,38972.97679574175,61431,185636,73614.23477988044,-6165.547005984072,7126.8919999997825,-8914.13441138315,2150.302000000006,4177.628234231241,4895.941999999953,22711.160836962346,15570.896000000721,28053.697843652473,22176.922000001417,38396.36249965368,28287.75800000137,37082.73706736141,28783.73800000253,19819.806553659306,19940.83400000174
5584.340833333334,135517.64799996628,143150.25884863248,350737.1799999978,90224.70837993325,39949.56896508108,64694,193501,77412.6438063644,-6152.891999020371,7492.705999999772,-9196.307112799244,2301.438000000005,4378.86682421117,5152.359999999951,24053.028678865543,16444.92200000082,29470.943621454335,23259.894000001546,40104.771721317644,29621.084000001498,39306.02616155195,30280.514000002815,21185.820953031074,20964.730000001913
5704.329444444445,139457.0219999744,147981.60363280796,360793.88999999803,92527.54103762153,40692.90910079153,66637,197436,79591.83622879093,-6208.1193862164255,7714.47199999976,-9429.862994941148,2351.328000000004,4537.395593218032,5339.781999999947,24793.3823482049,16906.132000000864,30188.319536641597,23819.68600000159,41591.62740054003,30531.198000001554,40562.12320260444,31237.968000002966,21946.737932734937,21556.456000002017
5752.336944444444,146260.75599998847,157035.43134041244,378174.8099999965,95952.30943432201,41635.191098078176,70028,205293,83551.8781271998,-6153.93027159299,8014.483999999747,-9563.433150319734,2461.2980000000034,4875.825555178685,5688.04999999994,26139.856513820196,17839.600000001,31761.355865313715,24869.154000001712,43682.40045678023,31860.220000001602,42978.633332811034,32869.63600000318,23314.723038398268,22658.31400000222
5872.334722222222,150038.651999997,161666.29854781507,387812.0399999967,98160.57269537974,42270.94699258757,71960,209560,85714.2217642316,-6310.962321775296,8226.103999999743,-10030.6229627086,2543.210000000001,5042.776779009484,5893.923999999933,26702.24709185833,18262.54000000104,32582.085289018636,25512.370000001785,44866.234750671436,32572.94200000167,44326.50525923563,33678.07600000256,24488.034662479877,23349.486000002307
5920.336944444444,156603.22200000932,169819.38990415062,404389.17999999627,101280.28695184445,43456.48587223848,75187,217737,89833.0172717834,-6378.622369014824,8538.897999999786,-10275.52460889156,2613.7780000000002,5332.899002860886,6174.179999999929,28009.51754932536,19166.174000001116,34134.16602279768,26569.75800000196,46778.381096310804,33919.17800000145,46805.85421959287,35240.71000000175,25412.718991140006,24380.546000002454
6040.33,160307.47200001703,175235.00132053858,413947.1599999962,102849.06801760038,43899.646564952935,77037,222246,91963.44409692643,-6469.237731170849,8662.431999999804,-10425.950488071832,2643.532,5402.752678703166,6274.513999999927,28708.88832328229,19587.716000001154,35158.153263611886,27235.08000000205,48160.27498027593,34787.422000001134,48519.89811355249,36207.238000001176,26180.222180324043,24909.538000002554
6088.33,167338.3440000322,185565.08853953306,432316.419999995,105452.41958217065,45006.02688886986,80558,232149,96292.88498944593,-6492.083993643783,8906.67399999985,-10858.729695143984,2712.921999999999,5529.778328602356,6478.077999999917,30023.837141179174,20359.89600000126,36751.428667208536,28327.98400000216,50816.064563175634,36399.52000000061,51753.553118068354,37984.38199999999,28041.24041005075,26168.888000002815
6208.3325,171511.9220000412,191852.15817816,443138.8299999954,106871.60302913655,45662.79736144804,82594,237100,98752.27143127564,-6375.212250397348,9163.091999999897,-11060.463548447184,2734.173999999998,5630.569418741825,6571.055999999916,30885.053976387106,20837.23200000132,37922.571577542134,29069.82400000225,52395.42855032722,37354.82400000042,53641.774741296904,39073.72999999928,28812.43571267087,26707.990000002912
6256.34,179641.37800005564,203425.0779417964,464574.2799999949,110617.06914380705,46963.80923919038,86417,246787,103568.32367523,-6186.3500299485995,9570.883999999958,-11400.09728158887,2822.365999999997,6084.378368415713,6910.20199999991,32475.93775485804,21803.38600000143,40285.14766567613,30546.65800000236,55332.372227454005,39177.21999999994,56563.62916354578,40978.53599999822,30270.06007334056,27832.12600000311
6376.330555555555,184852.64800006573,210627.4508168307,478485.36999999493,113126.15802089457,48144.88984201658,88928,251674,106586.87132028282,-6274.812209552784,9821.605999999994,-11983.429838622038,2912.277999999995,6354.446999354358,7152.379999999901,33221.57213995299,22323.138000001512,41380.04243651204,31307.240000002483,57503.47077088251,40370.00399999962,59018.66703553117,42354.70599999762,31407.493482726968,28611.296000003214
6424.3405555555555,193750.86800008183,222627.5129994982,501998.93999999604,117937.2022260812,49655.70972373424,93172,260955,111778.51505071307,-6294.556971838074,10239.84400000005,-12454.543298429711,3037.597999999993,6666.617312929242,7446.375999999898,34711.418233751465,23368.40000000164,43627.572318716346,32712.168000002675,60690.97179928939,42371.463999999134,62116.845962212516,44418.34599999644,33563.187642819044,30156.672000003473
6544.3405555555555,198908.6360000911,227810.38162203197,515543.599999996,121793.09123789579,51075.128246494765,95622,265317,114864.99889360667,-6454.297684212728,10726.174000000132,-13129.716575360908,3190.2079999999896,6539.618876782817,7654.395999999897,35593.65933467303,24031.106000001713,44441.621497464104,33390.17600000231,62382.060923785204,43435.823999998844,63677.3426820398,45542.72999999576,34760.0925668102,30938.022000003584
6592.341944444444,208688.98400010818,240285.28203981183,541258.859999994,126965.25183133472,53049.85514137979,100255,274852,120958.47098750353,-6556.323584956577,11271.432000000188,-13742.473458148204,3365.599999999989,7017.75678806766,8108.739999999891,37571.052300291005,25248.90400000187,46873.25184161806,34952.62400000167,65300.371793101236,45444.44799999827,67165.11792254962,47700.21199999449,36656.528437235545,32597.02400000378
6711.330555555555,214702.63000011895,247870.04610592648,557263.1399999957,130709.87566738209,53968.601315879416,103156,280034,124714.6169108431,-6717.486684363192,11604.324000000224,-14354.214896995301,3473.567999999987,7362.254588868176,8446.261999999913,38484.99693700097,25786.68200000191,48311.55397235531,35907.51000000127,67121.84194571609,46663.229999998,69501.53005775592,49140.60599999366,38159.57018553386,33680.4480000032
6759.331666666667,244804.150000139,313339.4722137306,654755.5599999955,145209.31449143737,58568.88507006657,114470,307753,137637.88822480774,-5239.351972636701,14301.296000000302,-17728.638384665035,4397.291999999985,12820.941748097242,10722.593999999946,45935.02197930125,28662.156000002084,55993.307240760325,39247.204000000434,86559.00608993831,53293.69599999773,83489.40315010118,54896.02999999215,51509.78236275642,39283.88200000209
6879.3325,261144.6940001543,345106.3934353576,704859.2099999988,153213.5142513283,61657.70447160552,120894,322161,144881.59784175863,-3471.3340530672695,16287.014000000348,-18719.659977028747,5179.997999999981,13992.401729546957,11636.885999999982,50104.31422712755,30407.74200000222,61098.287987381394,41370.52799999995,96077.98106146714,56788.099999997314,88489.42934999804,57401.715999990956,57534.973109841005,42072.71000000104
6927.333489974937,272017.0540001702,360331.75677081774,734838.5200000013,158372.07579442364,64490.564855685596,125556,331400,151644.1225791253,-3880.6801119608936,16854.240000000395,-19070.448148010604,5546.205999999975,15518.18558568795,12640.838000000036,52632.35857852113,32063.98800000232,64289.00521934564,43215.44199999944,100860.8617789713,59314.36399999687,90894.51200467312,59070.88199999002,59087.96186349333,43311.0940000005
7047.3533333333335,280492.77200018096,370927.5916910392,758438.2699999997,164402.27456251843,66420.70842167085,129075,336843,156687.69532482774,-4592.4483447365565,17158.88200000042,-19577.976132934007,5772.275999999968,16737.28474142316,13446.70600000006,53730.02876194616,33011.60200000231,66010.0920227747,44582.675999998966,104912.06740127613,61348.47999999661,93773.34186290714,60797.673999989354,59935.20137828221,44374.475999999995
7095.362920190275,293018.13400020066,383965.9093335644,791839.7799999976,173038.28740415518,69719.33400465001,134841,346322,165116.24925769656,-5691.705985314509,17651.41600000049,-19951.921851422037,6257.567999999961,17627.583644859325,14580.348000000153,56070.28662991478,34824.36600000159,68940.40982621098,46653.70399999818,109765.19858873494,64287.57799999572,95898.93850273671,62871.09599998825,61307.11997773114,45892.05799999925
7215.3375,300506.3940002152,391720.2636219162,811816.7999999932,178651.46137679784,71521.25920358312,138381,351571,169923.8157977709,-6591.787954843742,17962.070000000534,-20243.637816176953,6551.3379999999615,18762.442175007152,15303.856000000214,57274.95727223031,35722.184000001165,70588.36629162966,47876.62399999779,112126.99649683324,65941.40999999522,97392.50578960715,64219.73799998748,62410.42136751323,46929.17399999867
7263.3388888888885,312980.7800002401,407385.24669748376,845174.629999993,186196.01548050807,73822.12282098048,144241,361571,177771.24500109357,-7167.683604072086,18440.472000000605,-20318.001074233915,6883.833999999958,20695.410809104833,16564.552000000353,59645.76568653726,37329.34200000041,73583.62886886524,49895.26399999689,117119.6347014179,69015.95799999425,99844.73733305967,66413.909999986,63981.75397668412,48437.44799999772
7383.336111111111,320965.6400002551,416598.38961972384,866394.5599999948,192240.77321148483,75094.5787779436,147958,367307,182460.81839091567,-7913.678396673817,18798.150000000638,-20972.523596096653,7060.185999999961,21627.962542861656,17369.418000000445,61547.69571376061,38502.43999999994,75242.4290468582,51144.55799999631,120548.46548747367,70984.3399999936,101541.91631403634,67760.509999985,64976.1225073795,49346.03799999711
7431.336388888889,332149.87800027593,432487.6564153779,895838.6399999959,197338.51072458221,76430.52238858341,153362,377676,189581.9504715306,-7962.83042312586,19222.010000000693,-20904.92270380663,7336.445999999955,23558.211657417254,18632.668000000565,64708.681793132666,40408.727999999,78146.70488520247,53066.15799999549,124339.49505501287,73394.31799999293,103939.17936687235,69567.5499999838,66663.13678453468,50521.99999999625
2007.375,1809.3180000000034,-3500.530909875154,4928.319999999993,6362.965286274719,1139.363989351621,714,10551,926.5216342487921,-1073.787877407587,108.02,-700.6562787700661,31.276000000000003,-542.5014036985813,58.276000000000025,-177.98507577073985,193.25599999999991,10.432703469577488,404.50199999999995,-121.71093874735254,360.9539999999999,-425.52272028391303,316.67199999999985,-468.7993186664755,336.3619999999997
2031.3766666666668,499.17999999999927,395.21712094837756,1328.3899999999999,515.9014122167525,236.80074319094066,230,889,180.47072364392935,-11.536744024104891,0.0,0.0,0.0,13.526018153445998,11.002000000000002,132.10902237814167,86.82,47.79402540749824,89.46600000000001,51.769315497748565,118.67600000000003,132.33440162875323,126.51800000000004,29.22108190689483,66.69800000000002
2055.387777777778,936.4880000000015,540.9463984543163,2508.920000000002,1177.9398808921137,405.1578031407769,413,1731,384.8759175127949,-137.43123257763136,7.308000000000002,-36.61607132177169,4.71,11.188389902907733,25.974000000000004,188.16526154170438,129.606,181.14319663022806,190.19199999999995,180.90592880206208,254.88399999999993,71.61789362618323,191.508,81.97303185063471,132.30600000000004
2175.339722222222,1291.7980000000034,816.3712042020047,3469.9800000000005,1436.7410805969166,660.2982580886595,556,2786,556.5694571124211,-146.7471710892578,18.548000000000005,-35.40380931021135,5.91,25.12694326861684,41.05000000000001,236.94635206344114,167.72399999999993,215.13276400144255,281.98199999999986,358.4138535874261,377.5539999999997,51.98923426882531,228.72599999999997,110.91303741172256,170.30399999999997
2199.3616666666667,2269.110000000004,1225.2819811434292,6196.379999999996,2462.5220034534022,1675.9053201438583,867,4896,832.6706952593142,-821.9405566308766,76.71400000000003,-341.66522762975177,35.542,0.7634836784019585,61.94800000000002,706.9407094788568,389.70399999999984,455.88154852527447,521.156,682.5830241813655,536.2199999999997,-35.88341202874877,238.03799999999998,578.6024115689064,409.78799999999967
2223.3825,2732.8699999999976,1867.6560756301076,7495.069999999993,2716.2279826158456,1851.3687338593368,1044,6030,1059.8172078947102,-850.685574804275,77.98800000000003,-341.66522762975177,35.542,11.105055700107513,77.34400000000004,902.8722629299684,489.71199999999976,642.6009354049148,639.7160000000006,811.4546964391882,622.4920000000001,33.735820737234555,298.15199999999976,658.2381068527202,491.9239999999996
2343.3925,3284.243999999983,2511.819512909093,9036.649999999992,3223.648183546788,1946.2143274637654,1283,7184,1354.9679760803472,-958.8500434606875,96.62400000000004,-402.44235305517554,48.06,11.105055700107513,77.34400000000004,1011.7546530332096,545.7379999999995,808.4446511436272,726.3240000000011,1144.479046502509,824.8640000000015,159.59322513601916,388.0419999999995,737.7352779094894,577.2479999999996
2367.4069444444444,4109.815999999972,3788.172846339779,11444.039999999979,3836.2707299846065,2070.47677746998,1602,8451,1749.119646205632,-997.477067292583,113.26800000000006,-422.51301917259934,54.406,71.76585732850513,102.78200000000005,1137.0396742504004,599.3179999999999,1220.9105283784095,928.5380000000021,1629.9235457993534,1102.5780000000025,299.3366302054481,531.8399999999993,849.186696842844,677.0859999999999
2391.4119444444445,5111.71999999995,4711.746247872067,14444.089999999978,4837.982099536268,2637.555197604448,1996,9737,2256.806454987199,-1156.603232531561,124.68400000000007,-532.1611231001153,59.733999999999995,93.32233390589288,131.42800000000005,1267.3262718708934,675.0440000000004,1414.0461687975562,1063.0860000000025,2240.3237895317334,1464.4940000000038,566.8690657640843,795.1020000000007,818.6229736335985,798.1480000000005
2511.3441666666668,6541.307999999923,6289.090989559753,18672.790000000005,5954.581586656904,3470.4247720827634,2536,11368,2958.6926517005527,-1325.2927418437346,139.48000000000008,-543.196735055731,78.274,97.53636486438795,165.406,1477.9151312796387,810.2460000000017,1882.326577115738,1368.3620000000035,2914.303693072453,1884.1720000000041,802.9333926139886,1076.8380000000022,982.5653075130424,1018.5300000000012
2535.347026373214,7578.25399999989,7285.872573012697,21279.300000000025,6587.9753554939225,3813.5935002529995,3022,13132,3591.8585712403315,-1428.5414714698302,150.36400000000003,-540.5813199269618,82.41,117.70723772240262,196.64999999999998,1694.3960802192028,954.4540000000028,2113.9662098488016,1576.4900000000055,3305.5026897657413,2195.4520000000016,944.3811713846846,1243.7280000000048,1079.0419754686868,1178.7060000000024
2559.3493768241747,9074.747999999972,8280.166016963884,25078.44000000006,8111.3684656082005,4185.629428974828,3738,14985,4501.2760884530135,-1673.8330213950494,168.338,-625.7018430186723,100.10199999999999,235.05083019359185,286.26599999999974,1857.9646082991662,1114.8440000000032,2359.1022336101696,1871.7620000000081,3760.0503341292515,2594.421999999989,1128.7429254914316,1525.8840000000082,1238.7899496540238,1413.1300000000049
2679.3352777777777,10855.67400000025,9829.892155640628,29547.390000000072,9485.87647213684,4713.537967790739,4612,17312,5518.083404431759,-2042.6043825736892,200.64399999999995,-695.8082589109503,122.88,450.6013057717862,425.9519999999995,2146.460521912301,1372.4800000000062,2832.6366501195666,2247.2780000000052,4426.23710647366,3059.1719999999773,1471.936811030181,1822.3160000000119,1240.4324018177986,1604.9520000000066
2703.3369444444443,12028.360000000413,11294.780748789226,32568.830000000034,10069.317017707732,4941.909110070222,5174,19486,6262.823123432861,-2066.8977907364733,217.7259999999999,-698.8095104488472,125.752,523.2765006894449,463.91799999999944,2429.2056946635835,1533.360000000007,3183.3485261964297,2501.8880000000017,4845.073525551417,3395.2299999999664,1788.2670646622191,2096.7780000000116,1291.3167382114434,1693.7080000000071
2727.3688888888887,13135.028000000553,12572.073616184856,35383.740000000114,10666.7626049473,5144.889351018391,5723,21517,7000.0144278494745,-2093.5044718641407,226.1499999999999,-698.8095104488472,125.752,575.0288331749728,506.7499999999994,2725.034735836883,1703.0380000000087,3366.1458190579337,2679.361999999997,5257.145847011924,3681.4959999999587,2147.0559107288764,2402.6059999999993,1293.9764526872514,1809.8740000000075
2847.33,14635.630000000729,14551.595252598829,39287.230000000236,11472.709810842227,5413.973284722938,6454,24085,7848.951651836057,-2230.901374878444,242.51199999999986,-766.3524214781626,136.80599999999998,656.5815790259912,555.7519999999998,3096.972099002548,1917.7420000000106,3874.9562013677796,2981.4579999999905,5865.833477909206,4069.427999999951,2641.214612069822,2752.0899999999856,1413.2910795801079,1979.8420000000092
2871.33113119201,16104.00400000085,15916.628552149947,43097.39000000025,12449.552789324305,6044.248327577634,7097,27210,8686.960330948168,-2705.3925729280268,269.91599999999977,-963.1902399473352,157.73399999999992,748.0492856565463,621.6780000000002,3501.7240165355965,2162.730000000012,4223.146556052482,3249.1279999999847,6362.243148164543,4430.021999999945,2946.580110766703,3024.169999999977,1803.4682478494383,2188.6260000000043
2895.3322222222223,17726.666000000987,17674.104736940633,47092.340000000266,13434.645001282513,6386.847040304099,7855,29461,9596.743221472743,-2863.2259958306804,279.3739999999998,-1046.9795820794766,176.67399999999992,788.336685782283,679.3700000000006,3798.4386436315453,2364.7180000000053,4756.4216483652,3635.4099999999776,6946.05986945857,4846.849999999937,3451.2254571090944,3411.371999999963,1843.828010504113,2332.8979999999974
3015.33,19462.22000000123,19725.651328171287,51408.43000000019,14357.959876638724,6662.327451883582,8732,32325,10662.491343306412,-3016.8198883884493,289.32799999999975,-1060.3442398935863,187.7219999999999,915.6595920479388,750.3540000000011,4165.920450743704,2596.9359999999974,5189.014407790957,4002.5979999999677,7681.743290412676,5413.557999999922,3886.851124139386,3728.1479999999488,1963.6265913187049,2493.575999999989
3039.336388888889,22064.424000001407,24073.554040235285,58483.91000000018,15235.88290167017,7173.651307873622,9748,36621,12000.82175022085,-3189.5438848388303,348.3419999999997,-1060.3442398935863,187.7219999999999,1263.1353593644976,900.0180000000012,5058.850709185131,3097.73999999999,5814.096107898454,4475.337999999966,9262.704689141648,6221.773999999916,4336.47351991786,4043.511999999935,2588.1817794601825,2789.977999999982
3063.340277777778,23804.62000000161,26527.57861336883,63068.47000000011,16104.798689876994,7578.768013291071,10538,39242,12857.324683463143,-3276.8069236397814,355.73799999999966,-1060.3442398935863,187.7219999999999,1484.1075742717896,1008.7960000000015,5624.952382027396,3402.801999999981,6376.6856118101905,4880.81199999996,10090.232731091655,6690.143999999911,4748.356782665971,4350.489999999919,2540.394695035146,2928.1159999999754
3183.3580555555554,25839.512000001774,28942.74800715476,68320.89000000013,17307.94467648503,8128.590958806217,11483,41969,13941.606357553977,-3388.809575622694,390.7299999999996,-1075.4692734875164,191.96999999999989,1772.312333096204,1165.5360000000028,6199.364667474796,3764.463999999971,6853.098535479139,5282.5559999999505,11000.35746787954,7267.907999999904,5053.222280171569,4690.165999999901,2528.6715721636483,3086.1819999999707
3207.3784776475695,27674.736000001987,31201.811783495476,72893.2700000002,18295.04930923162,8453.468610461558,12343,44685,14942.94029681139,-3480.620076792605,425.1679999999996,-1069.043437026432,204.3459999999999,1897.6958685686582,1249.2400000000036,6779.65242158091,4082.443999999967,7341.480982876767,5736.831999999936,11614.958512596444,7691.031999999896,5421.001709299348,4995.273999999887,2696.685802392321,3290.399999999964
3231.3944237793153,29587.904000002232,33688.05496263621,77663.29000000021,19221.123947298092,8787.40566465406,13290,47510,15966.70542541171,-3577.766427116999,445.0139999999996,-1069.043437026432,204.3459999999999,2117.1394534268206,1363.5500000000045,7178.2060494413345,4320.0619999999635,7795.6237715311145,6061.1499999999205,12290.27180984458,8137.811999999881,6104.304105119527,5484.45199999987,2849.31963741622,3571.517999999955
3351.3633333333332,31749.12000000248,36568.71954508431,82926.3300000001,20171.92268186812,8973.533014555536,14324,50879,17212.154758492135,-3723.405008541984,458.2959999999996,-1102.7229509153135,207.7939999999999,2199.0291738424953,1414.5600000000052,7586.492765901719,4609.605999999954,8371.399465749608,6483.2959999999075,13316.948795840195,8824.669999999936,6847.807457751601,5917.439999999855,3073.1698454557863,3833.457999999948
3375.375,33836.83600000221,39517.8371494511,88138.9000000003,20932.88366567394,9226.517376095198,15269,54235,18461.661808780107,-3750.578432351084,471.2999999999996,-1094.3159652962022,221.09399999999988,2358.9742762247706,1538.4120000000062,8346.479329125776,5067.741999999943,8998.334350449011,6920.065999999899,14170.812081061502,9386.17799999998,7235.211329808358,6211.335999999843,3252.9201804283607,4020.7079999999423
3399.38,35795.964000001375,41730.3913732068,93041.4800000003,21979.81352596851,9658.192446926496,16206,57032,19673.08265389884,-3921.9464448914714,488.32399999999956,-1136.0008053364986,234.87199999999987,2598.0774919609757,1694.1820000000073,8820.496485007341,5385.887999999936,9378.648153410672,7241.975999999889,14958.11197918977,9949.406000000034,7767.911647381231,6608.843999999828,3265.0928664839175,4192.471999999934
3519.3344444444447,37820.52400000032,43742.747708235096,98152.16000000013,23307.45933194574,10205.439459729552,17189,59719,20896.513500090514,-3972.9153188490204,551.1320000000001,-1190.2044827142379,240.26799999999986,2698.979081829725,1761.1660000000072,9211.203793762652,5678.255999999926,9802.889487824892,7676.13199999988,15854.333421357962,10597.900000000078,8004.789023770525,6921.285999999812,3333.6727012515257,4394.383999999925
3543.3411111111113,40213.5679999991,46754.31730619701,104154.31000000027,24469.85675984263,10613.034365382642,18401,63370,22317.10156857863,-3993.6558302259486,564.5640000000001,-1195.9682327142386,240.26799999999986,2847.910556003368,1867.5080000000069,9923.77251323888,6093.9119999999175,10184.543871773014,8047.079999999875,16690.691407397815,11196.728000000123,8576.50065729184,7473.41999999979,3720.522363431339,4730.087999999917
3567.347222222222,41900.82799999824,48823.53981026032,108515.18000000034,25482.03972411943,10919.968226414445,19241,66616,23289.632239206952,-4264.471838050616,629.2360000000008,-1260.1287210555217,261.78599999999983,3045.6855112038775,1987.4920000000072,10288.73770825233,6346.90199999991,10682.686680277888,8393.635999999895,17166.473105092187,11522.29600000015,9090.119105709597,7759.119999999782,4074.4382588294156,5000.359999999905
3688.3358333333335,43841.81199999718,51638.78034295858,113645.94000000051,26373.92415446753,11157.477745395934,20209,69664,24475.7577571796,-4360.44225690571,636.4480000000009,-1266.28017780671,262.9859999999998,3280.0508363194695,2136.276000000005,10623.727160298924,6601.635999999893,11214.405117947557,8781.793999999943,18127.289767076116,12068.644000000193,9724.695045924256,8125.495999999769,4295.334850103102,5228.531999999896
3712.339404761905,46192.3819999962,55365.66345725231,119931.39000000048,27385.937431273152,11451.091963095414,21288,73523,25728.697148380958,-4352.520475844736,677.8580000000013,-1266.28017780671,262.9859999999998,3469.310223784666,2256.2340000000013,11206.390081657806,6908.507999999885,12135.02367102188,9243.641999999987,19161.15973238721,12654.518000000231,10535.478676090173,8625.899999999825,4477.101725960246,5562.735999999885
3736.346666666667,49149.209999995015,60874.25609191968,128494.06000000055,28579.402426060107,11775.805995916691,22603,77711,27264.59548610561,-4580.610045948438,727.3480000000014,-1329.077250324623,276.1099999999998,3747.7633368761494,2380.533999999996,11525.341313462353,7112.255999999874,12849.802811453108,9685.964000000036,20313.464564344456,13372.872000000289,13237.308505441695,9692.465999999866,5110.262856612945,5901.659999999877
3856.3527777777776,52308.19599999403,66264.11371632089,137658.96000000104,29900.752861669313,12412.502589165699,24034,81626,29081.5908328465,-4340.144593436527,855.6300000000019,-1346.4453366667049,287.67599999999976,3971.5800748685424,2498.073999999994,12092.900608933058,7408.733999999866,13415.050496749254,10113.16400000008,21944.638997533122,14234.74000000033,15352.560041605735,10681.929999999918,5173.973426732057,6228.247999999862
3880.381388888889,55081.137999993145,70029.80419001648,144899.1800000012,31355.42914154845,12707.028900334775,25249,84830,30806.9177681028,-4346.8618789312095,887.7420000000021,-1346.4453366667049,287.67599999999976,4132.4669006718195,2599.495999999993,12677.083736985162,7746.295999999864,14331.529347923954,10728.364000000143,23123.287321804783,15009.306000000372,16158.056578024503,11291.031999999977,5300.687520201645,6531.225999999851
3904.3819444444443,58217.73799999185,73986.4851429891,153156.73000000155,33027.13712874235,13498.038278463786,26678,88074,32645.069449806702,-4363.976093595518,968.404000000003,-1390.452252174399,302.20599999999973,4186.820664797518,2713.9319999999902,13190.312947970493,8073.153999999852,14964.267272092866,11192.128000000197,24518.682599837026,15852.542000000414,17089.606321643503,12082.064000000073,5791.2236824157735,7033.307999999833
4024.343888888889,61179.943999990384,77080.48214036338,160798.90000000165,34951.72268164672,14087.97923085842,28111,91095,34678.715947133715,-4341.147248655453,1139.2600000000048,-1427.497679010002,322.0339999999997,4207.739543585305,2737.15799999999,13627.304033708588,8342.567999999867,15615.545571164661,11670.950000000252,25575.36590871156,16604.202000000445,17961.904257360184,12899.506000000181,5861.267753496343,7464.265999999812
4048.3502777777776,64339.64999998899,79657.79377169718,168750.12000000192,37880.12696838998,14767.05553388303,29544,94387,36445.14372603191,-4258.916697504054,1260.2280000000064,-1442.5931172928936,334.42399999999975,4300.663503519243,2861.453999999988,14194.383107838701,8741.195999999905,16525.567015675475,12222.040000000296,26137.875006157778,17306.07600000051,18141.74490388579,13622.77400000027,6059.070049415193,7991.45799999979
4072.353469900462,68243.03799998766,81426.61528978572,178741.37000000285,43010.83318296021,15480.625205669843,31249,98308,38823.296321586735,-4321.446178061118,1434.284000000008,-1633.2193199043236,382.48399999999964,4359.155679274482,3032.435999999985,14831.657495457137,9184.821999999953,17108.326733543483,12816.266000000316,26906.384631578363,18254.076000000565,18167.538814813357,14513.694000000365,6008.217433081996,8624.975999999851
4192.331111111111,71013.72199998668,80460.91814837634,185863.07000000204,47517.82132849876,17354.85466256807,32501,101887,40529.475860559476,-5152.230628479177,1650.8700000000104,-2143.6879959970593,428.23199999999963,4390.236391619631,3139.653999999986,15095.746548555744,9501.457999999973,16975.648542826522,13185.506000000341,26565.82451397147,18722.074000000608,18243.410060718015,15194.218000000441,6485.970715158385,9191.709999999935
4216.332222222222,72788.69199998568,82515.47780625532,190336.81000000212,48516.3580424388,17689.076008513763,33375,104942,41615.89814279533,-5123.148510818297,1711.642000000011,-2144.8712812408717,436.9219999999996,4405.217116205465,3151.8979999999856,15442.69955803729,9725.378000000004,17356.05672918392,13523.604000000389,27108.910715686623,19152.870000000654,18690.572494424465,15616.608000000497,6780.040984773395,9469.769999999962
4240.346751278791,74588.94799998475,83980.6962951869,194949.20000000222,50078.85894708478,18145.351092870027,34312,107781,42744.29366486177,-5371.212330312744,1836.2380000000114,-2368.7315964258614,481.95399999999955,4432.345777904647,3213.6839999999847,15753.798307460733,9987.58400000005,17696.068434283545,13802.52400000044,27490.37781713407,19428.870000000672,19212.273785350753,15979.428000000566,7135.776099788052,9858.666000000028
4360.354722222222,76549.33399998373,85192.9429017735,199930.590000002,51383.63276339485,19364.278704478194,35319,110744,43989.73563035781,-6113.348154143094,2010.6460000000127,-2700.324443748119,536.5619999999996,4388.477722363025,3272.1119999999837,16158.457133740381,10298.742000000097,17955.245871793668,14128.228000000492,28066.635347721884,19815.06600000071,19840.886859785256,16362.966000000648,7596.912564255772,10125.012000000073
4384.355555555556,78765.8799999825,88508.00617150671,205730.01000000164,52178.10393554355,19735.877553497372,36482,114838,45308.02233945735,-6048.318593832183,2115.842000000009,-2756.1581017178137,560.5759999999995,4546.204138606311,3367.0939999999828,16752.41322397644,10650.38000000015,18415.990592738955,14512.626000000544,28765.67530839201,20280.446000000764,20784.21519095808,16877.474000000733,8047.984412379315,10401.442000000132
4408.36,81345.39199998113,92349.81265672315,212278.65000000136,53219.371434801076,19966.57597266727,37797,119171,46742.88993581399,-5953.864002510507,2225.3820000000032,-2762.584294598892,562.5979999999995,4620.039175482768,3413.9919999999815,17221.30500154731,10917.656000000183,18943.208050473837,14947.376000000606,29805.607917205743,20951.200000000812,21761.979031349656,17470.370000000858,8714.121777767201,10856.818000000198
4528.345,84303.57199997955,96092.85959775736,219830.8300000015,54667.155381558914,20406.051506389336,39260,122913,48664.76351430009,-5889.9688674643685,2383.4739999999924,-2851.3012090774364,574.4579999999996,4798.251455905217,3512.3639999999764,17733.396638589387,11224.834000000217,19600.547916245832,15468.088000000658,30773.056150731696,21623.25200000087,22691.059877524374,18155.12000000094,9237.817635296617,11361.982000000264
4552.349044596016,86958.93399997843,99587.86296387816,226586.47000000151,55822.60867935574,20951.83062216696,40541,126405,50224.16773460561,-5795.832772340695,2477.5019999999877,-2884.2640842861474,579.2659999999996,4981.112600815607,3630.821999999975,18469.327563998508,11629.446000000255,20228.66549634992,15910.0540000007,31590.251446848917,22182.734000000895,23538.821838602238,18788.70200000101,9459.780873883155,11760.408000000314
4576.358055555555,90252.49999997689,103258.12928372853,234888.26000000193,57991.3168453631,21566.873891058996,42168,130117,52071.93997985644,-5744.065283483425,2725.277999999976,-2961.9660145378407,614.0739999999997,5132.244695058447,3755.7719999999717,18898.61483149414,11930.41800000029,20797.001900700052,16391.40600000075,32007.69528129158,22727.40800000092,24873.10861186353,19725.850000001097,10255.495261334734,12382.294000000436
4696.332777777778,93623.4799999754,107411.16729323317,243400.9600000019,59560.09225581351,22288.89708726755,43751,134090,54140.80336369294,-5811.973239986566,2893.521999999969,-3064.3627905510366,643.1279999999997,5307.542910735555,3902.5219999999686,19732.627976964108,12479.214000000351,21411.18053553002,16970.592000000815,33061.542866265365,23453.118000000963,26005.13516852575,20509.042000001205,10769.473865742402,12772.34200000051
4720.338921356421,96124.17999997428,110367.48348612734,249662.35000000204,60909.78714700685,22701.940923896094,44927,137360,55683.13844297774,-5793.654220817222,2971.255999999965,-3098.2041296182397,657.2359999999996,5422.069936812257,3998.4659999999662,20127.776948902276,12752.002000000384,21967.294799192285,17373.10800000087,33732.98053675366,23996.542000000973,26719.556378352063,21106.27600000126,11289.663236541795,13269.294000000582
4744.341666666666,98779.86199997297,113090.04939407304,256425.46000000238,62564.119828409675,23317.949084199332,46195,140748,57453.3416933264,-5856.78116935367,3170.973999999958,-3250.303058063849,704.7579999999997,5498.256336958514,4076.473999999964,20640.446452556163,13127.240000000418,22231.686174400547,17728.54200000092,34105.00225885564,24335.460000000992,27650.714013802302,21720.838000001346,12071.028384908383,13915.576000000683
4864.354166666667,101390.46599997177,115787.16964020151,263211.81000000227,64297.000412363304,23959.63290014226,47431,144049,59168.00704730197,-5821.010250915385,3363.99199999995,-3481.7719745923996,734.5539999999996,5646.627193302579,4178.115999999964,20993.384049848984,13376.61000000044,22667.250275695547,18099.868000000974,34588.93078168072,24785.44200000103,28609.818795838637,22441.864000001464,12583.940769333225,14410.02000000075
4888.354166666667,102789.85199997104,116899.77236115852,266857.940000002,65577.55133802819,24365.427784221916,48128,146146,60015.188516600545,-5788.655162462686,3421.0139999999487,-3549.6525680619775,750.1219999999997,5629.237288702824,4185.731999999963,21212.084955865175,13530.224000000451,22605.928391316866,18285.730000001004,34782.855196379795,25030.214000001073,29172.532914146712,22888.526000001533,12835.441345262067,14698.290000000792
4912.360277777778,104468.20399997018,117953.09565335534,271154.0500000022,66930.21953955884,25065.14503059613,48976,148801,61205.5897764991,-5880.858390216654,3595.931999999945,-3722.8362231514902,780.636,5585.6908598598975,4191.8739999999625,21350.477680669086,13695.252000000472,22556.25690205621,18538.474000001013,35045.234504153166,25299.62400000109,29753.19911387026,23312.264000001585,13265.931206104586,15054.148000000847
5032.3341666666665,106116.71799996916,119754.10012585642,275605.4900000017,67971.94586384819,25558.94087145177,49834,151648,62320.50313885334,-5745.73851016277,3789.4379999999387,-3894.187210971201,799.726,5593.139121513745,4202.287999999962,21472.163228781224,13832.67800000048,22538.80517836565,18706.662000001026,35443.051844860456,25612.50000000109,30489.61990252132,23754.620000001687,13857.246570937312,15418.806000000908
5056.339166666667,107649.84999996838,121565.21944859685,279498.2700000018,68858.82295809331,25717.378038834315,50586,154598,63356.849554485096,-5549.867850321658,4001.143999999932,-4022.831442443331,829.5780000000001,5622.390048991507,4229.739999999962,21614.497297863796,13936.792000000494,22817.06145868222,18874.316000001025,35942.48466348039,25915.216000001117,30948.761794082522,24112.83800000174,14192.723478250588,15750.226000000956
5080.354444444444,109375.05999996768,122985.81937706613,283862.1600000017,70224.06903007266,26086.06766933802,51420,157412,64566.203923532965,-5794.225375436026,4158.075999999929,-4175.798650885512,908.802,5724.125079239911,4309.295999999962,21726.28528719325,14048.338000000504,23037.08087851471,19063.13600000104,36459.154058509994,26258.620000001163,31330.033299706243,24442.2260000018,14679.1648002125,16186.566000000992
5200.343611111111,111359.18799996673,124909.5431696424,288963.29000000114,71700.14561063715,26544.37544755457,52419,160288,65809.22577217492,-5946.68832158813,4324.211999999922,-4417.318419040164,981.9300000000002,5723.803211358421,4363.731999999962,22056.18748817238,14241.230000000523,23351.08049859312,19336.72600000108,37149.6606113402,26674.90600000121,31986.926073091097,24930.14600000187,15005.892027704276,16506.306000001056
5224.358055555555,113880.34399996528,128448.84598479343,295546.56000000116,72779.06199416163,27084.86004964133,53648,164295,67233.79197141236,-5783.14559575105,4460.671999999913,-4511.453576117863,991.4560000000001,5813.34597961203,4426.977999999959,22566.460688980922,14506.54600000056,24318.745300370792,19940.426000001135,37997.334930821926,27336.3480000013,32551.544269178197,25341.67600000197,15496.013987686989,16876.24200000114
5248.367358789351,116446.50199996393,131908.1341138782,302170.7900000014,73853.50060622318,27800.840576680104,54904,168199,68608.31470322752,-5837.515414069513,4631.897999999904,-4612.487127286972,1023.9600000000004,5833.673097398123,4476.001999999959,23159.389378455486,14827.332000000602,24962.302037471785,20458.578000001184,38693.006538482994,27804.616000001355,33584.25713170301,25929.774000002053,16125.508471710995,17294.342000001237
5368.332222222222,120114.82599996233,136191.42186687305,311491.9900000004,75585.24843926585,29046.35604591408,56658,172282,70668.96364795626,-5706.481795573323,4868.135999999894,-5234.749690933055,1074.4100000000005,5851.485788421942,4691.277999999957,23863.112113183022,15297.130000000641,25803.857097999375,21053.370000001276,40152.221154029416,28713.634000001406,34879.79414235133,26742.56800000216,16582.183057381186,17674.30000000129
5392.351388888889,123359.87399996069,140953.39417051405,319761.5799999985,76705.892554362,29563.15947532098,58213,177047,72539.13379981313,-5257.490156370919,5147.8979999998755,-5306.600591725827,1098.6740000000007,6016.043998337146,4808.729999999953,24828.28175155087,15839.234000000679,26609.835773083287,21617.60200000136,41328.16476066544,29447.24600000146,35746.29631113494,27367.570000002244,16988.862323824414,18032.920000001384
5416.3525,126784.31399995934,146120.81532683643,329217.78999999847,78150.95108475056,30465.897664168122,59842,181397,74480.12592425599,-5667.972941399868,5295.4739999998665,-5512.445947341233,1139.7480000000005,6151.839975563994,4902.367999999953,25518.9230538307,16264.232000000735,27489.525863030416,22141.446000001397,42971.83235935903,30213.210000001473,37559.35143205914,28232.53400000235,17609.761531717915,18595.302000001488
5536.3388888888885,130706.13599995707,151018.77980158653,339289.76999999874,80308.01578635302,31069.899726301628,61854,185636,76893.07468577169,-5773.671192526613,5453.625999999856,-5752.172981537745,1195.4160000000008,6210.088225343117,4994.747999999952,26422.666749956974,16825.950000000794,28344.396928155296,22812.216000001477,44311.958664268,31157.762000001563,38934.25471222708,29146.61200000252,18321.258695682012,19119.80600000161
5560.3422222222225,134196.65799996324,155406.951333906,348063.7999999993,82241.13978075779,31348.046285040942,63572,189630,79067.66260030997,-5610.245483265948,5648.947999999846,-5814.461298864203,1251.870000000001,6239.967033105755,5056.987999999948,27247.24628551046,17321.06600000086,29249.056927475147,23443.93600000155,45540.76642690219,31992.760000001635,39800.44673318767,29918.462000002655,18754.17470983513,19562.628000001674
5584.354929043703,137998.21799997188,159712.12993932175,357806.0999999997,84698.20160655989,31933.667316872958,65495,193502,81462.10113725973,-5723.7897514435335,5788.677999999841,-5978.088820727884,1340.9260000000017,6361.8665777871665,5225.627999999944,28039.076917958424,17827.836000000934,29820.37214607531,23984.230000001637,46761.72983844335,32791.2380000017,41192.611117752596,30868.6940000028,19238.35191345679,20170.988000001777
5704.329444444445,142144.6339999798,164829.37249185404,368331.22999999963,86962.96621688186,32556.460349865778,67507,197436,83982.43094141339,-5887.04235399716,5955.011999999829,-6224.717408840467,1373.0520000000017,6568.226702891816,5402.993999999939,28888.958235189082,18345.582000001,30595.057477331145,24633.380000001696,48217.1772022968,33761.172000001425,42550.753301475794,31891.51600000297,20120.95933548668,20781.926000001888
5728.3325,145017.23399998568,169001.55943705654,375767.8699999988,88258.44990172499,32829.14498781643,68949,201320,85678.71567341851,-5754.221298645224,6087.561999999823,-6272.599103139615,1385.9100000000017,6724.946312637819,5512.7599999999375,29753.6840168661,18819.18000000106,31090.49071804888,25037.51000000176,49085.12567434131,34277.60600000127,43652.78814480879,32630.414000003075,20721.344972116192,21266.292000001984
5752.336944444444,148523.2059999928,173847.66445819437,384697.6099999991,89939.46936740409,33248.60965012905,70727,205293,87661.86652428891,-5893.244365947177,6182.44199999982,-6335.527686680851,1402.0780000000018,6958.0883664578805,5618.523999999931,30558.171461802056,19359.248000001124,31746.25937706882,25587.770000001816,50235.48890373336,35025.56800000104,45103.11184034574,33511.43200000263,21475.31656139154,21836.144000002107
5872.334722222222,152198.14400000114,178776.2551387225,394085.44999999966,91600.01958572585,33683.02689683377,72595,209560,90026.14837873483,-5980.87976367087,6369.935999999814,-6464.788409465191,1444.9600000000019,7212.9543383822265,5745.679999999929,31249.127677406363,19836.236000001165,32474.868649638804,26162.46400000188,51518.443839222215,35849.22600000074,46538.80552360647,34414.47800000205,22227.723283577732,22375.16400000218
5896.341111111111,155309.05000000625,182807.4161587449,401944.3999999992,92940.93965062425,34157.0701214619,74027,213794,92038.9740691868,-5955.58032869558,6432.721999999812,-6505.277660955377,1452.6360000000018,7402.029227805617,5877.537999999927,32168.031770067028,20408.12600000122,33007.26645032758,26663.232000001917,52787.14980392149,36648.34200000053,47526.699197924725,35103.17600000172,22377.097698323458,22723.278000002203
5920.344722222222,158421.85400001268,186600.526428481,409818.8999999998,94238.21980644054,34927.061104977874,75591,217738,94053.09266011915,-6107.450609189189,6578.101999999808,-6695.873669517783,1485.808000000002,7479.783331501694,5973.645999999927,32413.31856555414,20682.738000001238,33742.68101225575,27151.69400000201,54083.52408331199,37447.96600000028,48764.650586532414,35867.96000000132,22919.893128004936,23233.94000000232
6040.33,162376.9520000205,191667.65754523102,419923.95999999996,95952.13783366364,35882.06538704618,77550,222246,96422.09923408089,-6211.032842649573,6759.041999999799,-6882.82896048391,1510.6340000000018,7686.636285679968,6125.141999999924,32998.53181546797,21084.68400000127,34661.585952278416,27853.76600000208,55469.80215295021,38354.95999999999,50604.18364159666,36951.620000000774,23340.779500360153,23737.104000002433
6064.338631239936,165574.24600002667,196225.64973036404,428242.59000000067,97110.02029191435,36390.397959480564,79039,226650,98516.52201826299,-5987.342005278,6938.671999999793,-6926.0388441965915,1515.8960000000018,7781.971169688187,6181.837999999922,33502.64526098359,21370.926000001306,35423.89815394285,28419.07000000214,57208.3462960197,39347.53999999975,51626.8024680619,37680.44600000029,23595.36723111023,24119.858000002496
6088.343180785599,170015.35800003746,203030.76667537278,439933.88000000094,98541.39313445996,37174.81998746382,81379,232150,101186.90020272801,-6199.2578865380165,7091.947999999788,-6943.559808792887,1528.648000000002,7961.293184398761,6280.827999999919,34265.4830248191,21808.898000001365,36247.17556337532,29029.282000002207,58605.36009771715,40203.15199999943,54072.10359201978,38997.34599999956,25022.168908338248,25075.256000002708
6208.3325,174520.74800004726,209322.38833309367,451580.46000000066,100342.90870892242,37941.008079774256,83591,237100,103974.15487823545,-6223.558215601832,7451.981999999776,-7215.447214646321,1556.4360000000022,8139.3492574454895,6379.797999999916,35112.982919218615,22325.372000001425,37343.532269708834,29766.50400000231,60545.579700036884,41350.65199999908,55871.56320440625,40116.425999998886,25748.38641248802,25573.57800000279
6232.333333333333,178966.83400005416,216571.6214638188,463397.41000000125,101801.06465232444,38495.39995230865,85593,242260,106529.32393157559,-5599.68756131366,7751.369999999769,-7323.310449360624,1577.2460000000024,8410.674769958903,6558.527999999915,36036.67181491396,22880.538000001477,38688.18547727258,30512.580000002345,62690.3714359002,42506.42799999878,57369.868368578485,41127.73999999826,26298.84760782908,26052.404000002898
6256.34,183505.72800006176,222099.91236292236,475327.87000000064,104451.53277790031,39317.06631470106,87750,246787,109459.35854450484,-5747.036397104532,7972.365999999756,-7528.936243464964,1665.2300000000032,8611.221283666306,6716.045999999911,36927.508522427815,23388.792000001544,39634.40224939724,31128.46800000242,64632.91771742354,43640.13599999849,58711.06921547805,42135.835999997755,26858.766015057674,26858.854000002997
6376.330555555555,189078.1660000719,229982.5263888024,490075.320000001,107153.00748618702,40140.07403434496,90438,251674,112799.71209069494,-5824.947485005441,8271.593999999755,-7753.120581051734,1702.5140000000033,8875.50583425212,6864.915999999906,37731.11514004952,23891.01000000162,40760.8063179878,31949.14600000254,66977.93820068208,45051.25599999812,61200.492023653824,43628.62999999714,28014.736938191774,27719.100000003124
6400.3375,193452.48600007908,236595.15973696206,501726.2200000009,109122.88023042749,40733.285259975884,92443,256254,115274.89477266301,-5654.4095367080345,8432.311999999783,-7903.652451856394,1739.7380000000032,9256.589767810505,7093.009999999901,38637.97066337,24458.508000001704,41883.6558274871,32683.888000002644,69049.31850658549,46177.99599999795,62473.25227356231,44465.70199999669,28852.434686668643,28401.332000003225
6424.3405555555555,198512.95000008796,242862.72451800006,514900.90000000194,111871.61369955022,41493.6414025265,94915,260955,118672.92037994994,-5748.72312786874,8704.923999999819,-8113.776373265178,1787.8140000000033,9587.419918108404,7269.361999999896,39618.73589706291,25092.68400000178,42922.45597346189,33540.0460000023,70218.01062052492,47138.03399999764,64163.9911029618,45716.46599999602,30214.610506972193,29263.620000003346
6544.3405555555555,203725.5900000975,248913.16459581914,528535.0199999992,115109.096719331,42252.64848199424,97365,265317,122260.11020288376,-5785.594626401733,9037.877999999884,-8309.760426209948,1849.8760000000038,9817.523997151617,7399.023999999892,40652.545668045306,25722.568000001855,43909.59402657766,34405.156000001945,71936.72872209428,48486.98399999727,65653.68356641302,46851.235999995355,31038.44366810612,29972.86800000347
6568.343611111111,208214.1140001044,254660.44276422544,540137.6400000015,117059.76777517228,43168.00708681606,99435,269918,125249.42237381329,-5656.481462334819,9202.591999999904,-8661.176486115965,1879.9180000000042,9959.137135836418,7547.149999999889,41790.56567528095,26391.300000001913,45063.381702797196,35189.954000001635,73476.8145022915,49524.43399999699,66984.33722956516,47801.165999994846,31703.8644668618,30677.60000000356
6592.350580962059,213320.51400011335,262115.76037260084,553723.2700000005,119402.36331117562,43817.57694085173,101883,274853,128387.56937540024,-5942.181336025279,9411.741999999926,-8859.005644494742,1913.5860000000046,10385.379974723262,7762.5919999998805,42984.96846816952,27049.176000001993,46246.33964472246,35971.00200000132,75225.71177525462,50642.483999996664,68771.00526424125,48914.17399999421,33303.54222596492,31655.758000003654
2031.3766666666668,498.78599999999943,447.5889043032261,1360.1000000000008,509.3394973483703,211.33741200008615,201,889,191.83418634831742,-19.882654993585145,9.57,-18.935497167200456,8.954,-31.44617298568336,1.2000000000000002,151.47962867982608,94.13600000000001,-9.147554163692996,67.02600000000001,177.76207857118723,103.04000000000002,203.62475232020196,130.71800000000007,-5.865675957827129,84.14200000000002
2055.387777777778,898.692000000001,362.48389014793577,2444.5600000000013,1114.814590582576,615.2129808822119,358,1731,352.04853838727695,-153.24779905090213,23.599999999999998,-107.27799709911585,23.81,-45.74569285572797,20.05,209.6075092321502,143.692,96.1005267431924,189.11799999999988,155.93626859592337,175.95999999999998,174.97523020399538,164.218,32.13584437841984,158.24399999999997
2079.3172222222224,1361.3860000000027,711.8995765213208,3701.3,1532.690560997235,832.7168311609938,545,2786,623.9930313204495,-212.68638318192077,33.866,-158.39911120089053,25.009999999999998,-75.55930396684438,20.05,254.12072457853645,182.9959999999999,167.8415930026589,295.9399999999998,332.6047828246547,314.7799999999997,209.15896069839815,216.02799999999993,194.81831376672835,272.7159999999998
2199.3616666666667,1792.8760000000045,1221.2180912521917,4890.629999999998,1754.9252988077571,1051.6195778216593,697,4896,862.8670321183906,-205.65802137369727,49.833999999999996,-180.12091675644584,25.009999999999998,-91.86881766538154,22.808,361.54102707951404,244.72999999999993,342.0894563459793,438.4999999999999,537.6177310499384,445.7619999999996,205.32592954655507,250.50399999999985,252.2917030257286,315.7279999999998
2223.3825,2098.8600000000038,1367.4918567928855,5729.060000000005,1934.302902274757,1327.1519987426282,829,6030,1100.1132421897291,-212.45772676303352,62.898,-180.12091675644584,25.009999999999998,-91.86881766538154,22.808,399.0101151926002,269.2699999999999,485.07369811186095,517.2239999999998,541.6292315919878,533.1979999999996,104.24613440213832,295.0559999999997,321.9801386791538,373.3959999999997
2247.307467948718,2757.103999999984,2051.475140568404,7570.720000000001,2566.3943137995234,1604.1170268074636,1137,7184,1348.7335188246068,-241.06794266069596,100.72200000000001,-264.5856481770759,34.69199999999999,-87.38406548620269,32.734,404.85869121363555,272.8699999999999,564.4020204026712,577.6440000000007,956.87177379563,757.7840000000014,239.09482624552913,458.3219999999993,479.2854852349044,522.3359999999997
2367.4069444444444,3477.045999999973,3055.6566968714574,9651.42000000001,3176.3210392316196,1718.4979676569615,1423,8451,1700.9442962399662,-210.61891797497853,151.46200000000005,-254.56136778153402,74.85799999999999,-109.29500570521711,54.31400000000001,576.8982430886612,367.3099999999998,895.7445760402871,747.8720000000011,1236.9130528263418,948.1980000000016,322.355255616336,533.5459999999994,598.220860761547,599.4860000000003
2391.4119444444445,4396.689999999961,4076.061955276358,12365.200000000004,4089.4296120038803,2113.3050236353447,1809,9737,2086.403409084413,-224.34032888372843,203.88399999999996,-364.5747013933789,90.21,-131.3524365381806,63.07600000000001,823.5081160546209,478.3679999999995,1065.2680806594249,887.656000000002,1641.1438127825265,1226.0380000000023,546.3315532948197,767.3960000000011,720.0778593002399,680.0620000000009
2415.3269444444445,5594.235999999945,5991.3026191543695,15940.700000000013,4920.715410408566,2331.2743557027406,2254,11368,2697.4076147342835,-167.39817119378313,275.66599999999977,-453.43907022384514,103.438,-87.35095067580502,102.74600000000002,895.4014511142926,523.7479999999997,1404.983222797232,1089.4240000000032,2358.228394784657,1580.3380000000027,931.3360546127601,1006.4980000000023,1109.5416879388904,912.3780000000019
2535.3591666666666,6501.1959999999135,6759.171817938109,18251.880000000034,5581.931802209237,2617.1792709729903,2696,13132,3293.597108879568,-169.43743567752153,312.6519999999996,-470.5651991365011,114.42,-70.2742455225439,115.03600000000003,965.37077628996,597.1580000000004,1596.843304219512,1242.194000000004,2640.5771267474397,1847.8180000000048,1114.4386710922813,1180.6860000000036,1152.2188199255463,1091.2320000000038
2559.364722222222,7814.409999999865,7305.409748114389,21598.150000000034,6986.3285718694115,3165.794905966378,3335,14985,4140.616774049762,-459.0551959841952,362.7279999999995,-698.4898494663756,128.52200000000002,-124.9238580684513,147.04399999999995,1083.768131274197,722.3100000000017,1873.402339686521,1469.020000000006,3039.8558189822875,2188.6720000000014,1260.60120275907,1416.0460000000055,1330.2511589313726,1380.0680000000061
2583.3241666666668,9453.850000000064,8252.003756901688,25742.040000000077,8642.836034451237,3765.0897530102966,4153,17312,5082.110455636683,-830.7997025671771,455.15599999999944,-1186.5887183885022,135.20000000000002,-152.28234060501987,204.5619999999999,1338.3577830915924,911.3560000000032,2232.065627671041,1778.7780000000098,3538.565970872592,2574.241999999992,1756.9008941729858,1802.5240000000083,1555.7842426542013,1592.032000000009
2703.3369444444443,10690.996000000248,9512.726727929672,28892.150000000034,9409.884637824616,4129.327875813377,4731,19486,5840.210758432251,-819.3957041026739,479.21799999999934,-1185.8072732408234,143.27800000000002,-113.94598052192734,242.3419999999999,1545.9095430600394,1036.004000000005,2503.4864953133597,2045.84000000001,3739.2052984146235,2880.219999999986,2176.783215014576,2104.9800000000096,1666.4911339925552,1759.114000000011
2727.3688888888887,11724.966000000377,10355.642724416855,31554.980000000018,10098.843643805722,4635.053151687178,5236,21517,6465.440480090114,-980.1763297665428,507.62999999999937,-1196.384953990741,151.75400000000002,-104.33111554030674,251.85599999999988,1696.5704386614866,1153.390000000006,2646.884422198318,2212.9780000000055,4034.1974799920076,3097.549999999981,2624.183807849071,2449.6379999999986,1634.6989750136577,1900.1700000000126
2751.327222222222,13125.778000000555,12205.13010529373,35240.89000000002,10794.468350430374,5059.141917872488,5949,24085,7182.149626403317,-1056.022621004319,538.9639999999996,-1215.5406455408283,161.29600000000002,-71.73009133218252,273.33999999999986,1970.2231742160711,1303.258000000007,3078.823870766624,2541.957999999997,4472.362971808902,3390.815999999975,3172.6184705572027,2788.9419999999864,1854.3949758223623,2127.2040000000125
2871.336388888889,14685.632000000694,13983.398495866022,39250.12999999997,11615.03035112624,5536.385862401748,6610,27210,8115.315290605991,-794.5670029212529,689.1080000000004,-1305.7312183165452,189.34999999999997,-26.240428767501427,310.6579999999998,2494.081541026223,1633.6740000000086,3285.475964666536,2824.4179999999924,4913.446801488177,3679.911999999974,3571.9227323740565,3091.821999999975,1845.0101063163725,2266.6900000000064
2895.349166666667,16490.06400000089,15913.629640661531,43707.990000000005,12688.999261714709,5918.208305864555,7447,29462,9187.152791759236,-856.3775267647544,754.8080000000008,-1387.0457880594524,212.75799999999995,-19.895456032074105,348.1399999999998,2798.387170846984,1865.1320000000096,3742.7905715820434,3183.469999999987,5484.443952557022,4075.149999999968,4058.8696427870436,3489.7839999999574,2092.457073744743,2560.8219999999974
2919.3269444444445,18405.518000001146,17566.31131765969,48481.3,14054.669999198532,6595.969280986634,8420,32325,10264.349402155147,-1138.4392486061477,873.0760000000018,-1618.7396139244372,228.04999999999993,-0.4967804668714728,415.37799999999976,3145.2074771836833,2093.1160000000086,4021.975699350923,3497.1679999999815,5960.8292874772515,4483.39799999996,4767.203435772536,3972.9399999999378,2428.771060872804,2842.3919999999853
3039.336388888889,21104.724000001293,21850.250165477493,55832.530000000006,15417.591938940448,6953.620822726626,9462,36621,11611.067072855409,-698.5134846520222,1151.070000000003,-1873.5181032501855,258.6919999999999,100.35869698397738,501.97799999999984,3772.5689714057035,2422.0900000000033,5095.293185145644,4072.593999999973,7543.668696018799,5230.555999999955,5280.992161553566,4371.335999999927,2629.4000422720974,3096.4079999999763
3063.340277777778,22988.3240000015,24139.32161668651,60746.83999999997,16671.166754607766,7405.644834981605,10293,39242,12530.706793724159,-879.1766310039989,1241.0340000000033,-2015.8018530798147,290.60799999999995,151.5463246168229,541.15,4260.625138915475,2665.247999999998,5586.345255568198,4489.865999999963,8179.8619227616255,5661.48399999995,6079.354256191769,4822.965999999909,2776.567202716429,3275.967999999969
3087.329166666667,25036.66400000175,26163.2963376952,66017.77999999993,17949.469184215202,8097.717149516493,11244,41969,13807.297328573268,-1023.0060839874885,1368.806000000004,-2251.228524344154,322.35199999999975,115.13252452573661,598.7980000000003,4534.848482182213,2880.2659999999896,6236.536646795852,4966.177999999953,8827.553976583968,6095.895999999947,6766.549858846613,5316.303999999891,2956.909457092389,3488.0639999999603
3207.3603443343595,27014.110000002,28819.79096022829,71016.52999999993,18986.49165196537,8358.541830870054,12178,44685,14851.70555693644,-944.538557366195,1479.208000000005,-2272.2232125385217,352.0279999999998,166.35980834474702,651.4760000000007,4971.844009519765,3133.9539999999865,6912.401831759513,5448.113999999937,9461.622206351121,6521.803999999938,7359.9634158463305,5723.341999999873,3164.361458311398,3704.1839999999497
3231.365969900462,29043.078000002268,31167.52368264156,76030.4299999998,20150.872075088904,8612.479552684486,13186,47510,16099.554689585137,-1054.5749884500985,1548.6820000000052,-2275.978471883682,357.60599999999977,185.39517506705926,665.4000000000007,5265.881022272194,3325.6659999999815,7308.396309602669,5783.423999999924,10153.533520385045,7033.915999999923,7992.900599818616,6255.267999999851,3591.9705158296724,4073.115999999935
3255.325277777778,31218.200000002525,33897.07675289035,81407.15999999981,21215.220124704007,8881.607883784518,14216,50879,17413.255238621205,-1240.4716381722696,1581.098000000005,-2377.489380566587,362.25399999999973,200.52524158396875,692.562000000001,5649.51137246072,3563.0199999999754,7909.215049048464,6246.389999999908,10954.95866092596,7628.203999999914,8786.164649644938,6732.491999999836,4014.6627979650452,4412.179999999925
3375.375,33424.97200000237,36954.302415761136,86901.41000000015,22040.124971771213,9158.192518550328,15202,54235,18748.790093917636,-1262.0713401294443,1593.150000000005,-2377.489380566587,362.25399999999973,239.66364345946303,740.8040000000012,6501.636683985812,4086.6239999999693,8620.34992615466,6753.677999999901,11749.954068630725,8178.9439999999,9328.136070438495,7115.147999999825,4154.122743787693,4594.369999999922
3399.38,35330.03400000163,39179.41388350821,91667.59000000016,23137.06725326624,9416.324370974327,16099,57032,19934.78449225153,-1357.3415133093608,1648.0240000000051,-2473.499603876513,382.0659999999997,288.53895011469893,788.8740000000014,7088.983584952182,4428.59599999996,8975.873425084554,7092.15999999989,12320.637730116181,8622.407999999927,9994.571045728115,7588.051999999806,4341.650264697989,4779.8539999999175
3423.3275,37380.174000000516,41514.89286618502,96829.49999999996,24639.018830010733,9576.97478806292,17111,59719,21098.613515741807,-1430.3278158074427,1690.7540000000054,-2550.6883427366593,384.3399999999997,275.2515195591457,790.0740000000014,7527.000578761684,4706.025999999953,9398.041639703013,7462.9579999998805,13123.128814785745,9150.699999999972,10576.04370519746,8042.307999999792,4596.442766721538,5153.013999999908
3543.3411111111113,39474.88199999933,43788.87154710594,102139.08000000015,25721.00076194598,10185.535358592966,18225,63370,22443.672332355858,-1475.6453789880434,1734.6180000000056,-2550.95192148207,388.4259999999997,287.37130614451206,796.7420000000014,7776.753622174096,4877.503999999951,9881.867610333213,7786.187999999872,13588.79027290958,9518.230000000018,11503.791150282937,8738.829999999873,4776.894885730897,5634.34399999989
3567.347222222222,41336.35399999844,45945.50912631186,107042.26000000008,26741.380409091937,10722.048708888231,19125,66616,23633.321755708712,-1341.1916519646259,2051.3340000000094,-2806.8701726642084,411.5579999999997,269.2193702900708,859.7960000000019,8202.307742035346,5116.3339999999425,10391.719917416765,8142.339999999858,14116.206620652283,9836.696000000053,12024.923901619803,9082.609999999906,5089.193398925463,5835.6859999998815
3591.3283333333334,43307.133999997444,48770.149687451696,112224.7400000001,27755.010189068595,10906.641155292775,20131,69664,24792.938968187875,-1350.0843117751538,2136.928000000007,-2962.6329275460307,435.7299999999996,223.2775071772865,881.8120000000018,8396.459647934382,5265.401999999938,10819.849845097027,8435.49599999989,15005.890753457537,10343.506000000081,13062.000376124644,9620.411999999975,5575.388796980857,6187.847999999867
3712.339404761905,45708.957999996404,51959.5250279118,118579.14000000009,28911.893401456542,11576.332986967958,21246,73523,26131.388583665248,-1349.2325261077083,2294.268,-3231.3303471128747,450.9359999999996,124.69229423151859,912.9100000000017,8738.074779886774,5493.543999999933,11493.377452830848,8850.183999999928,15953.657688889196,10856.720000000121,14013.752434000147,10219.890000000034,6216.533251292232,6630.505999999851
3736.343012964094,48668.60999999533,56750.5824136537,127158.64000000023,30224.101655231956,12518.40185062479,22549,77711,27665.554080491005,-1546.768491391706,2473.2119999999945,-3434.57645053095,469.8219999999996,109.25527135583722,942.1340000000017,9115.24291469494,5692.987999999924,12062.751517465384,9199.96599999998,16779.835558489016,11421.430000000157,16560.463504703628,11330.312000000094,7104.378588865902,7138.74599999984
3759.3190254560177,52131.3179999943,62737.74533087956,137179.18000000037,31891.782066023312,13003.848944596353,24058,81626,29545.803658502246,-1046.7229200435586,2720.703999999992,-3606.2590603762774,495.18599999999964,86.92330192012383,970.9460000000017,9750.433542073994,6003.2779999999175,12637.39794435832,9562.31000000002,17889.220287675067,12130.954000000209,19147.063149560618,12483.246000000128,7879.689085709833,7764.693999999817
3880.347180685358,55072.14999999331,66602.69207345182,144969.68000000052,33498.38643820178,13645.146995210678,25363,84830,31223.454493137328,-1215.910226064518,2862.731999999986,-3631.8670480252877,505.18799999999965,206.07982871245454,1031.2800000000018,10245.827452561189,6306.469999999911,13404.606313249036,10060.502000000068,18919.190506189305,12774.616000000247,20554.46474373948,13259.646000000183,8120.300503088513,8271.715999999818
3904.361388888889,58811.16799999175,69841.7794010707,154741.54000000106,36805.16677669781,14712.214107974683,27060,88072,33382.379714258794,-1410.5744120047098,3120.953999999973,-4131.389081333509,581.826,8.233989552133565,1133.1260000000025,10416.296991945097,6606.5799999999,13944.74034090018,10591.706000000117,20096.660882719014,13572.578000000318,22176.80035393558,14254.72200000026,8741.01033535493,8949.675999999932
3927.3283333333334,61993.59399999021,72221.87094081055,162892.0600000011,39786.99104001493,15561.284310607145,28582,91095,35321.913708570166,-1418.9639202158999,3325.823999999962,-4425.765756649445,652.9520000000008,-115.2031626109741,1212.9560000000022,10796.014996159665,6901.701999999896,14661.869555180743,11123.77400000018,20894.909891052055,14149.064000000368,23332.74091100208,15104.766000000347,8496.268426889561,9522.556000000059
4048.339722222222,65078.92599998875,74316.77416325202,170637.00000000157,42868.6212391816,16230.431365800543,29989,94386,37221.17323176879,-1306.0947550436013,3615.0859999999507,-4660.775496220809,668.806000000001,-75.24420020223681,1252.7980000000023,11341.141167843081,7224.005999999884,15533.3111644099,11660.654000000228,21468.71017057694,14676.926000000389,23663.540538649984,15908.106000000433,8352.18557323557,10072.544000000147
4072.3433197577274,68583.28399998741,75044.12159338608,179643.02000000217,47948.64287082948,17213.85927821778,31505,98308,39436.39625756948,-1263.0227477054445,4034.297999999933,-5159.509479196713,722.3420000000012,-289.6126589851484,1296.8180000000023,11761.141840774015,7565.799999999875,15972.012576026682,12127.56400000024,22286.359314179415,15438.160000000425,23905.99989488665,16751.61600000051,7830.752853403701,10646.686000000254
4095.325277777778,71307.1299999862,75207.1400507771,186673.16000000117,52591.21975336032,17719.71440723093,32772,101887,41155.08578863429,-1065.6050278361272,4350.975999999923,-5423.256770299864,808.0640000000018,-348.17577390486923,1302.5340000000024,12096.708559535304,7825.593999999869,16176.04319125715,12571.796000000257,21984.264439738457,15825.58600000045,23888.520736984363,17369.352000000606,7898.64069529987,11253.228000000336
4216.332222222222,73267.43999998493,77414.20760543675,191664.02000000107,53795.1974030907,18242.52859293695,33758,104942,42212.086398538646,-999.9617724654378,4498.827999999919,-5497.096919561337,840.408000000002,-348.17577390486923,1302.5340000000024,12439.85296592165,8028.71999999986,16463.969208695213,12824.652000000302,22479.861429232686,16183.516000000482,24767.514118103354,18004.050000000683,8108.244349412349,11584.732000000397
4240.349166666667,75301.3599999838,79086.82186519027,196879.14000000124,55374.61724454445,19020.688694473913,34817,107781,43397.012195794116,-1000.23548024819,4748.963999999908,-5754.345724661578,882.7120000000023,-393.7376749887684,1332.8280000000027,12724.423366665418,8264.309999999869,16671.868292407336,13079.16600000035,22875.30834973263,16482.83200000051,25548.163733032405,18514.516000000764,8415.377003247853,11996.032000000472
4263.323777386542,77418.01599998264,81412.91575934144,202279.68000000104,56605.94265002406,19533.795930695695,35871,110744,44727.0256599416,-915.7519259960097,4973.9399999999005,-5995.336671526563,948.5640000000027,-419.86578772728257,1368.810000000003,13183.365699742048,8565.767999999902,16925.664061582815,13355.732000000387,23245.098872701612,16781.148000000507,26413.10728337889,19048.210000000854,8976.634227182583,12375.844000000548
4384.349401852984,79791.60999998126,84676.13146663287,208392.32000000088,57571.7231626389,20046.682330777057,37112,114837,46097.78303995415,-725.7305752823428,5172.069999999894,-6094.140327373773,990.8940000000032,-423.2894603632521,1417.7120000000025,13947.989366030253,8911.895999999966,17398.079905773746,13734.784000000456,23769.83227175997,17205.666000000536,27338.21485915827,19610.850000000955,9465.175426926027,12747.738000000636
4408.350833333333,82681.22199997975,88772.93286077956,215821.00000000023,58892.2714948025,20472.1649419257,38569,119169,47683.63070249572,-225.13278546656375,5559.183999999875,-6182.16507836472,1035.3140000000035,-478.073721471539,1442.3620000000026,14469.065235033104,9204.861999999997,17912.326352594388,14132.11200000051,24427.988639859213,17691.722000000576,28564.328809718954,20354.990000001057,10284.595408872192,13260.676000000718
4431.325595813204,86111.95199997794,93216.78294856274,224652.5700000008,60975.43652837168,20921.738292455782,40252,122913,49538.61223061378,216.4507164076325,5893.723999999856,-6469.352500781739,1103.8560000000043,-654.5851588743731,1499.1860000000027,15043.251348859558,9543.25200000004,18549.64543572659,14584.120000000567,25217.896340568193,18262.816000000636,30167.198741801185,21331.54600000117,11146.278024850559,13893.452000000809
4552.3358333333335,88937.49399997674,96599.08453451018,231822.75000000076,62400.74421942234,21571.400111549225,41596,126403,51251.52113452305,288.4478739408794,6093.323999999847,-6513.70402834342,1155.7400000000046,-697.3407349041145,1518.9440000000025,15594.634100586987,9861.614000000065,19234.74844755249,15090.846000000618,25978.48104472286,18786.034000000673,31198.561848704223,22013.66200000124,11515.255982244187,14417.33000000089
4576.336111111111,92111.67799997544,100085.02444538118,239816.28000000058,64571.09356750449,22100.938032770377,43187,130112,53059.2239543485,593.5183157976138,6484.71599999983,-6699.475968357997,1230.0740000000044,-892.304263344375,1567.6240000000028,16064.38853907782,10150.948000000093,19728.586660342866,15535.818000000658,26218.207519345753,19119.1660000007,32439.122416599523,22829.6640000013,12632.98122591399,15193.66800000105
4599.3227543036,95396.88999997375,103642.25923272257,248060.43000000063,66647.44062109233,22804.910726741185,44760,134090,54965.81941944934,833.325289956093,6790.933999999812,-7272.799922345072,1291.7780000000046,-1046.6604457911249,1609.4780000000028,16622.053975391398,10566.04000000014,20339.722737979813,16054.340000000717,26772.261077106243,19585.576000000725,33675.236210723764,23587.378000001365,13719.120309694143,15911.36600000116
4720.338921356421,97819.63599997273,106255.52843524198,254107.67000000074,67812.66570906252,23391.4874852932,45878,137360,56647.988370408115,919.5874602517647,6975.737999999804,-7320.157864709714,1311.1240000000048,-1052.8356210486654,1610.6780000000028,17028.564949858923,10833.130000000172,20717.7512022605,16428.516000000753,27204.219372992156,19968.65000000074,34450.384382026685,24187.784000001397,14308.014553601926,16504.01600000121
4744.341666666666,100432.51399997174,108355.31442230065,260788.80000000077,69645.90908019057,24466.799368277403,47125,140748,58320.77712923742,814.5228351510794,7284.979999999787,-7506.208448545488,1403.2300000000057,-1277.5677210314493,1641.482000000003,17329.658071217244,11078.306000000202,20944.906628593257,16696.35600000079,27541.587145082907,20320.302000000764,35396.593256169865,24828.28400000145,15111.822655654469,17179.574000001325
4767.329166666666,102968.22999997064,110953.15067895512,267386.53,71466.1880412666,25178.80009712631,48342,144049,59788.3911826585,891.7689487252854,7529.607999999776,-7750.915093804631,1466.492000000006,-1391.5189201953995,1651.296000000003,17520.218242038885,11271.474000000224,21334.00716389657,16983.654000000824,28027.564117704802,20635.810000000794,36492.40467012734,25558.634000001544,15829.621550452719,17871.26200000145
4888.354166666667,104258.25799997002,112204.1770075636,270751.5000000003,72516.69109953905,25455.688602959075,48967,146146,60574.94328994453,1079.2828332115803,7681.773999999771,-7783.945999238684,1486.148000000006,-1371.8078554556478,1668.7360000000028,17585.995624423904,11335.23400000023,21340.71605301019,17180.80000000084,28154.405420323506,20819.682000000816,36993.67438351243,25907.978000001604,16205.856547766447,18177.906000001487
4912.360277777778,106363.14799996892,113661.0886318364,276104.94999999995,74449.66451922571,26177.139033500993,49967,148801,61817.05781544302,1139.705135810739,7943.883999999765,-8055.151716860242,1604.5180000000062,-1644.7518126434877,1749.5640000000026,17698.222324562106,11460.062000000238,21507.95478000558,17393.80800000085,28392.0295372092,21099.512000000825,37726.87358526611,26430.23600000166,16896.20679847694,18681.564000001585
4935.328888888889,108417.81199996774,115630.96244532515,281495.15999999974,76004.31853341803,26798.49367003284,50996,151648,63061.38535123006,1251.5088326471566,8136.323999999757,-8330.884613571436,1692.6320000000067,-1712.28970158958,1805.0660000000025,17794.499364794152,11537.522000000245,21691.823950344955,17622.58600000086,28844.06681782835,21440.12000000086,38458.59405006622,26927.28200000175,17633.643744795554,19256.28000000168
5056.339166666667,110248.47399996694,117468.09994952528,286160.72,77212.06432560072,27215.856912476076,51835,154598,64264.698812404065,1589.8178631750804,8517.267999999796,-8550.15001580213,1766.0980000000077,-1751.0160968132222,1847.826000000003,18074.9959902329,11699.088000000249,21996.57699992363,17892.232000000862,29119.137602429775,21701.834000000876,38927.073441498316,27239.84000000179,18061.664164870544,19584.28800000173
5080.340639906923,112209.27399996622,118456.55903420097,291045.1799999997,79240.871217248,27932.800430594394,52760,157412,65414.949317963525,1602.7370255023043,8894.041999999832,-9151.643730323485,1855.3420000000078,-1920.3909633435705,1920.6720000000032,18170.714799712066,11823.262000000255,22226.726204938524,18083.20400000087,29649.19670993519,22037.536000000902,39309.19291932568,27582.37200000183,18570.026068443156,20012.844000001798
5103.326666666667,114698.26599996483,120915.0410782713,297465.46999999986,80967.67840051159,28678.170865648288,53958,160288,66904.5796555754,1700.315814019311,9179.989999999869,-9651.655031929993,1968.5540000000083,-1938.71680775649,1963.8360000000032,18492.23799350134,12013.340000000282,22668.455215252026,18389.404000000897,30136.50543820275,22505.182000000957,40316.150923635374,28214.408000001935,19191.747533335412,20463.55200000188
5224.3366520467835,117546.23999996338,124926.85680050359,304844.38000000064,82213.10053427122,28996.277148366506,55314,164294,68708.14551686539,1959.8165238037589,9412.267999999907,-9737.396763543882,2014.368000000008,-1872.877771211198,2011.9740000000036,18870.982810700876,12256.930000000308,23363.032903364012,18833.066000000956,31067.80042603095,23167.80600000102,41474.80071322448,28964.588000002062,19800.697958122677,20885.24000000199
5248.346666666666,120157.64399996206,128773.29580335745,311612.24000000104,83182.08108170821,29397.109456221762,56627,168196,70259.75365871881,2299.6277389505008,9672.907999999947,-9918.053923906002,2042.3740000000078,-1879.5208847445865,2039.9000000000035,19279.46267602461,12507.126000000346,23934.22351005973,19234.49800000102,31688.454919558786,23610.826000001085,42594.686985973174,29617.446000002154,20774.41478142849,21432.566000002094
5271.327777777778,123839.43799996014,134011.2355978461,321051.92999999993,84833.1979769041,29649.953880598332,58453,172282,72557.54254465923,2590.135027388779,9922.103999999987,-10045.625649721002,2064.924000000007,-1833.422286384381,2079.0000000000027,19789.34789412598,12806.742000000355,24761.398767732826,19853.344000001107,32728.664723235113,24332.33600000112,44122.31468867045,30589.602000002254,21898.422432783856,22191.386000002218
5392.329816843736,126819.65399995861,138051.0778505104,328646.0099999987,86053.76664124097,30282.571973782295,59872,177047,74258.59353447487,3057.7006630746077,10237.06200000006,-10349.515886860212,2119.164000000005,-1852.3349593612331,2163.850000000002,20557.578649208943,13227.39800000039,25396.652174958486,20338.794000001148,33595.320541624205,24878.612000001165,45129.75175425963,31199.388000002324,22515.924913589595,22655.38600000229
5416.33,130348.77199995719,144447.97879227818,338675.389999998,87446.08004868047,30658.85772861388,61520,181389,76122.47343043797,3241.185975055351,10466.658000000118,-10418.891736933801,2136.3140000000044,-1843.9840834105926,2187.998000000002,21286.18483412514,13624.74200000043,25903.48317657226,20750.236000001187,35330.68920242681,25629.40000000121,47316.73910894997,32150.916000002402,23632.57231547415,23402.508000002417
5439.329166666666,134081.18799996396,149595.0958903699,348349.03999999794,89208.82925176738,31056.30871389565,63426,185636,78488.806143978,3536.579405647387,10698.90800000018,-10575.139408923187,2189.6580000000026,-1890.5387319957442,2231.7300000000023,22330.274976141376,14140.194000000494,26620.09604452625,21273.49000000125,36274.60597593782,26277.66200000127,48725.23557828969,33162.942000002186,24573.98205072602,24106.60400000256
5560.3422222222225,137856.06199997087,154310.0082127105,357821.6999999966,91277.60572531712,31416.2881261854,65254,189630,80817.79793579737,3533.188580241062,10930.644000000219,-10592.482550408378,2276.2540000000013,-1780.9589086423944,2330.2760000000003,23172.86449614758,14638.818000000554,27434.1444830556,21890.14000000132,37264.17754061367,26969.162000001324,50014.99110184715,34085.19800000172,25264.083469836398,24735.57000000267
5584.371666666667,141964.15399998,158971.09876667257,368295.5399999961,94015.55295110508,31935.3581250161,67307,193502,83373.53015721648,3457.2640331826206,11195.908000000272,-10837.641459540508,2346.12,-1931.920911183191,2377.841999999999,24044.589191864077,15166.678000000624,28212.26011238466,22504.602000001403,38167.673223113925,27735.624000001408,51580.420428435194,35159.85400000115,26278.45414839628,25477.526000002825
5607.3261111111115,146441.15999998903,164174.71567363478,379699.56999999564,97045.59164333573,32631.314175427517,69499,197436,85847.94850761094,3529.628818007973,11448.062000000322,-11120.394905805002,2401.4799999999987,-1957.9046042614252,2435.2599999999998,24936.656351664336,15662.306000000694,29224.95693399435,23201.898000001478,39376.935267796915,28613.836000001465,53137.73002458601,36315.734000000535,27047.10778763326,26362.58400000301
5728.3325,149652.40799999548,168361.72276234892,387893.1999999939,98627.04198717712,33145.50421299483,71081,201320,87758.93103749058,3648.8816480915307,11673.344000000365,-11168.205973499093,2441.743999999999,-1905.1349254217293,2467.0179999999996,25749.109877072704,16133.996000000745,30108.122369929326,23824.46000000157,40031.462312909025,29067.0080000015,54230.1353134725,37061.12200000015,27667.35213977348,26983.716000003118
5752.336944444444,153340.20800000284,172496.14877554539,397190.31999999436,101031.21628638598,33775.9057614932,72906,205293,89887.04917658737,3851.713573697815,12026.380000000432,-11610.465076427867,2504.6939999999972,-2051.27183060231,2543.389999999999,26507.755926431935,16643.40800000078,30803.086720046398,24407.552000001633,40801.135578766065,29680.78600000153,55544.08594496627,37896.20399999978,28650.10793864504,27637.794000003232
5775.328888888889,157268.5420000113,177068.2722993895,407187.3699999941,103646.28957528941,34261.40740383578,74891,209560,92211.40072149718,3958.07231317984,12289.378000000475,-12234.275037845344,2661.723999999995,-2324.069825690043,2667.9819999999977,27343.852265827834,17139.080000000835,31529.67810791508,24957.702000001704,41837.908997085404,30335.648000001613,57221.13381534254,38880.59199999927,29735.97166355026,28336.436000003345
5896.341111111111,160277.46800001658,181115.20944354532,414782.3899999935,104957.53842750101,34562.206558975646,76331,213794,94147.4355699921,4162.087255382004,12531.132000000518,-12258.924847701735,2742.4059999999936,-2309.1319403726316,2742.8619999999974,28164.653267715275,17601.342000000877,32139.692034216307,25428.992000001737,42575.573196673,30849.32600000166,58382.32155155766,39614.59599999894,30258.938926048762,28766.812000003414
5920.344722222222,163461.26600002297,185178.38407528843,422902.94999999396,106486.44240849362,34983.7810085277,77916,217738,96254.34250770503,4251.532112271111,12788.600000000548,-12431.493061276742,2801.973999999993,-2349.804590873312,2834.1419999999976,28351.673165865428,17782.710000000894,32708.554013249708,25898.676000001808,43670.86680404418,31500.626000001746,59693.180950395865,40431.41999999861,31283.874681583788,29423.118000003542
5943.327894894895,167646.89400003143,190756.890104071,433566.6299999934,108532.31987002879,35581.6809028142,79981,222246,98695.7391231022,4308.1893668853145,12994.502000000584,-12703.231810814388,2846.6499999999915,-2426.978772638307,2900.627999999998,29159.47758631186,18229.678000000935,33505.93567570627,26504.49200000185,44999.579634642345,32419.550000001822,61391.47017320284,41523.88399999809,32522.448250744448,30227.510000003724
6064.338631239936,171089.73400003777,195797.5720603705,442491.1399999926,109879.64980150145,35938.93451564277,81579,226650,100874.98362250277,4508.264228968905,13228.67600000062,-12815.309304681843,2877.22199999999,-2466.786011155028,2923.753999999998,29718.870149350558,18588.788000000965,34256.448778501406,27095.12200000189,46308.55779081941,33157.41600000179,63039.77815520216,42443.403999997696,33247.74827333269,30775.35200000383
6088.351944444445,175607.42400004776,202137.69863121698,454333.53999999206,111583.16654972214,36795.044103932814,83901,232150,103817.6307151493,4570.392262930761,13534.450000000665,-13242.424651414283,2897.82199999999,-2537.546426293151,2928.079999999998,30442.28858730922,18971.852000001,35010.438852250816,27678.368000001963,47411.350972620814,33942.63000000144,65334.082685666406,43750.1019999972,35149.11634811023,31904.120000004015
6111.325833333333,180547.63600005815,208956.08636942238,467051.589999993,113536.33761978443,37565.46703613442,86329,237100,106993.69897468093,4811.232377823691,13848.726000000717,-13569.03486756654,2927.1459999999884,-2528.2730500760467,2957.1159999999986,31277.52608943902,19470.050000001043,35885.769723354504,28359.422000002065,48835.38968374424,34914.986000001154,67602.93325537682,45107.45799999658,36640.54315728857,32962.732000004034
6232.333333333333,184822.30400006488,215403.88908523027,478382.57999999315,115060.18306266867,38151.36765001258,88252,242260,109767.14020211124,5433.135792875954,14195.078000000763,-13679.585376130512,2984.9019999999873,-2505.4144314783534,2980.2939999999985,32013.15342049396,19936.8940000011,37017.528174957566,29041.320000002106,50563.27880902945,35918.894000000895,69153.57388893608,46210.59599999611,37408.21880650577,33554.326000003624
6256.34,189477.83400007273,221302.31184104137,490596.8599999924,117627.00759704449,38942.42194913289,90442,246787,112725.1186128053,5452.82934475784,14509.410000000817,-14143.246509582248,3030.029999999986,-2466.4063927200787,3049.457999999997,32799.65076428285,20431.532000001167,37994.06686427574,29677.188000002167,52013.60587561739,36942.61800000056,71103.73149112903,47438.52799999568,38548.08040323984,34399.07000000317
6279.3275,194576.55800008297,228790.1653422377,504204.98999999295,119881.79209051556,39480.175362448324,92921,251674,116052.85720482397,5488.435789067966,14829.712000000874,-14581.738845659398,3092.1119999999846,-2446.874192744042,3106.7859999999964,33847.18603827806,21003.292000001242,39027.979198984445,30342.62400000228,53521.1055003481,37863.66000000022,73764.53069437234,48867.737999995275,40169.54115954749,35470.63400000251
6400.336263466306,198500.80800008998,234340.2670515191,514729.5499999944,121618.57006554771,40087.72211699035,94772,256254,118682.99076596797,5390.909836760234,15028.34400000091,-14706.703244342534,3120.567999999983,-2451.8960170593637,3111.6279999999965,34616.22219687504,21482.874000001313,40184.00174957763,31068.578000002362,54686.01992351805,38571.569999999985,75449.23585658231,49847.01799999499,41172.47674956447,36270.22800000206
6424.3405555555555,203372.88800009922,240438.21997570663,527491.149999994,124252.96883613327,40799.39457983935,97162,260955,122000.56660834643,5399.89150263884,15427.952000000965,-14977.471605369465,3178.7559999999835,-2486.3913854986195,3140.6619999999957,35393.3726903638,21986.260000001344,41252.926546332776,31785.144000002456,55485.412710258046,39277.81999999969,77521.62264154767,51160.21999999441,42848.85687538884,37416.074000001354
6447.328611111111,208258.45400010826,246537.7684065505,540273.0699999911,126956.31825227306,41459.973830952695,99485,265317,125319.00951025085,5736.8194133010975,15776.128000001034,-15235.400460758847,3232.0419999999804,-2450.0803327831604,3173.6799999999957,36378.98855952387,22536.844000001383,42118.70764379527,32565.180000002518,56790.65002683265,40182.01799999934,79098.31189521895,52312.00999999388,44099.77166137515,38480.55200000077
6568.343611111111,212602.5960001152,252544.12088875106,551512.5599999909,128821.46996067472,42056.692129949224,101478,269918,128090.27702065339,5934.062906437215,16044.682000001076,-15313.63472059955,3259.4639999999804,-2453.344520501377,3184.869999999996,37463.99682553739,23134.174000001432,43227.90036264767,33336.76400000228,58020.38557086515,41018.15199999909,80595.83572142034,53318.66599999342,45068.91874289718,39305.82400000032
6592.360401234568,217488.63800012454,259079.73083949863,564481.7299999903,131344.55407676144,42787.87090340358,103850,274853,131269.57418036435,5757.681501878796,16392.934000001118,-15707.030655147328,3312.2179999999785,-2501.873083118425,3242.2999999999956,38348.747823450045,23643.428000001488,44437.17961099568,34097.458000001905,59193.00743577163,41801.1279999988,82921.92912263428,54562.25799999285,46630.08908298603,40436.91399999962
6615.321111111111,222967.71400013473,266245.9385335007,579081.8699999892,134411.29657278713,43670.08964036201,106566,280034,134754.5452533785,5818.515115206543,16727.42800000116,-16493.48606202774,3349.0479999999775,-2516.5116100129785,3300.2379999999957,39425.86460956665,24221.312000001562,45691.753152788995,34953.99800000152,60770.0926770242,42819.92399999846,85001.05677061305,55917.42799999224,48548.65388029115,41678.33799999873
6735.330345804989,238352.87800014325,306094.5352499932,630242.3499999907,137912.62161276428,45114.84493921977,112184,294006,141120.3481980462,9828.624202894152,18486.298000001258,-17396.88227123009,3583.4359999999774,-2373.1542690315537,3474.5659999999957,46207.54705913031,26307.50000000158,49911.74941046079,36785.94800000098,68845.88317870026,45570.31599999832,95376.54631603701,59650.419999991806,55694.2216229772,44494.3939999982
6759.331666666667,252925.2000001557,337247.1682989324,676309.1999999905,143779.72274394432,46865.47855001262,117954,307753,148416.83040713044,12882.009527580203,20531.68400000139,-18905.408413423134,3976.8779999999774,-2255.7627689297847,3661.2679999999937,50656.13563991598,28067.556000001685,54210.13423819684,38875.146000000364,75023.86841290533,47833.309999998106,104105.31488580057,62891.937999991205,61530.87677682672,47087.419999997335
6783.327914344906,272439.0600001732,377691.6395482969,736141.6499999911,149483.10517127716,50787.733067007095,125590,322161,158179.1722134419,19220.375687515694,23529.158000001495,-20237.807549972575,4382.033999999973,-1408.6243390841666,4211.301999999987,55585.47750713035,30298.516000001833,60325.22071921979,41781.361999999725,84867.81423203414,51626.955999997735,112224.65279288501,66642.79199999022,67114.53049849966,49966.93999999603
6903.331173835126,279610.682000181,386389.7267149866,755590.7699999915,153593.9728626622,52883.51808595878,128535,327160,162723.55233641624,19504.19888501852,23927.414000001536,-20445.352714438526,4529.629999999971,-1224.2286149320796,4510.239999999986,57081.269653148076,31458.892000001913,61969.37228302505,43146.895999999346,88275.51780072572,53380.435999997615,113698.73460326919,67841.84399998967,67530.21481909881,50815.32999999565
6927.331388888889,286704.66000019165,390180.70423431805,775022.9099999914,162467.89086398162,54791.838345035125,131642,331399,167582.47655668962,18747.980939267072,24351.164000001576,-21579.898220819457,4719.0719999999665,-1655.7635815968406,4766.271999999981,58219.673477686105,32395.16800000193,63152.38804053683,44284.56399999887,89765.73357441094,54853.43599999734,115254.06290023384,69359.11599998926,68276.52710452687,51975.86799999521
6951.32480657359,295461.90800020186,399876.5611545277,799439.3099999909,169238.06769442573,57171.443897460005,135273,336843,173153.2372536095,17986.534899460832,24928.780000001643,-22380.473849133534,4962.371999999963,-1183.2028064132558,5312.405999999976,59360.2377435331,33269.912000001816,64288.560471475204,45418.251999998436,92741.81828739218,56736.89199999706,119644.36257580959,71624.3559999886,69418.72383233135,53208.93799999453
2031.3766666666668,475.8799999999996,288.04657714699937,1286.71,590.299177579829,208.21208263592212,200,889,200.15216263724972,-29.219707142181093,12.414000000000001,-16.433333333333223,0.0,-0.3346314362742535,1.584,69.55338934682945,63.72,135.0227577740253,69.67800000000001,95.47939835520674,70.19200000000001,111.0641780557202,152.18599999999995,-77.08547447299368,106.10600000000001
2055.387777777778,807.1860000000016,256.5547577710313,2194.130000000001,1204.634249123955,385.15801313438965,330,1731,347.7829799706252,-207.40759916942693,28.912,-138.73076388888978,0.0,-25.91614968982728,6.424000000000001,108.8605165662465,88.87000000000002,257.6154716968776,150.586,217.95252383872608,173.55399999999997,75.60146552634427,200.76799999999983,-31.420707109019077,158.07199999999995
2079.3172222222224,1166.4000000000035,600.0419502264239,3171.8500000000004,1503.3814057303834,540.8381320955845,473,2786,527.5885119476076,-208.10331060427507,45.664,-152.85819444444417,0.0,-14.50635802316215,11.308,91.56804771114717,106.01400000000002,384.25860127239315,235.00599999999997,311.8937783884036,269.5319999999998,159.98236689759148,260.6279999999998,27.807019028770192,238.24799999999988
2199.3616666666667,1714.2140000000052,1381.9045528903048,4699.669999999998,1789.2304964482519,682.6188018839877,649,4896,845.916148777457,-194.71850741610623,56.912,-152.85819444444417,0.0,-9.470697885161162,15.482,201.29259713157512,173.458,620.025807806763,396.1279999999999,624.7455621571501,455.8359999999996,186.96950076411312,319.98999999999984,105.91848477641693,296.4079999999999
2223.3825,2240.848,2047.4470663281716,6158.220000000002,2109.449081644095,919.8521386270457,857,6030,1081.47171340069,-199.57870043052924,63.14600000000001,-152.85819444444417,0.0,19.243767474575286,30.785999999999994,275.52118501867665,253.386,824.8750894759149,525.3439999999999,784.238032713556,569.1219999999998,337.02880346333114,440.3939999999995,158.97708305709114,358.66999999999985
2247.315287114846,2879.453999999981,2899.4139504974596,7946.5300000000025,2582.592155994702,1095.6301945140553,1142,7184,1368.8936989937902,-211.34155436502868,91.52200000000002,-184.28326223901036,1.5,18.538906363461244,30.785999999999994,285.8661881684776,268.73999999999995,866.6430459888207,564.4300000000006,1254.7638401319557,813.5500000000014,490.8253217252014,563.0699999999995,378.401464723578,545.8559999999998
2367.4069444444444,3475.9119999999693,3504.3737501943924,9677.949999999993,3099.7712618530168,1368.6196433763848,1397,8451,1705.1853445762122,-216.73039931686333,118.85600000000005,-236.5637020709709,12.92,5.257625924916688,44.00399999999999,371.93947359506427,317.25399999999985,1018.6869560378713,662.5820000000007,1572.6892860019213,1004.3500000000023,576.1151965685511,687.9900000000004,412.9793134538966,627.9560000000006
2391.4119444444445,4285.997999999959,4475.125510195346,12103.889999999996,3687.392826010388,1879.6892564406164,1745,9737,2061.682407353654,-190.29704453311336,171.1299999999999,-282.5121097865864,12.92,1.884362036027433,44.00399999999999,536.1476602874877,394.11399999999963,1198.396324815599,767.6760000000012,1969.7497834337216,1224.5240000000028,807.3409355187114,909.4220000000022,434.4155984234918,762.2080000000016
2415.3269444444445,5588.345999999938,6066.5948439741405,15962.6,4618.63106541153,2541.0084247104705,2239,11368,2736.3656659038593,-255.23593258863175,234.00399999999982,-400.60348640355807,16.52,46.866272745569354,62.528000000000006,663.8681401715713,474.3839999999994,1672.235836799643,1040.1800000000028,2554.8893547184216,1616.4000000000035,1083.10867003105,1153.9800000000034,701.4659885000914,990.3500000000025
2535.3591666666666,6519.319999999907,6940.313191314142,18303.360000000026,5226.602885601382,2792.2888732331908,2700,13132,3344.155049851279,-246.90560603118735,268.4179999999997,-428.69373045130334,26.4,57.31599923947379,78.93400000000003,761.680786483019,568.6999999999997,1874.5681234419758,1218.5620000000038,2854.2292085699655,1853.652000000006,1218.8304784412135,1321.5620000000042,849.2879316210162,1183.092000000005
2559.362001633987,7797.749999999856,7899.896169972042,21587.22000000001,6205.640199193403,3241.7840818322093,3330,14985,4239.899549002348,-317.1544567040084,317.05599999999964,-528.2704665624062,26.4,81.90761305491127,128.53400000000002,878.7780784957797,784.0460000000016,2140.203188723471,1434.390000000005,3181.9480864599745,2132.8980000000042,1428.3077372445582,1583.0660000000069,1034.176389259798,1391.3600000000067
2583.3241666666668,9335.76400000004,9014.876511365386,25480.520000000008,7363.358306667645,3855.146751039813,4110,17312,5247.138430927201,-590.866546430528,415.93999999999954,-736.1534299452322,31.482,111.8223269134529,162.754,1004.0332318871469,931.602000000003,2408.400291945586,1705.6720000000082,3780.4184596638434,2548.0239999999935,1876.3369293799324,1932.8100000000104,1160.8852479511934,1607.4800000000098
2703.3369444444443,10579.84800000022,10523.608637322817,28622.869999999988,7995.232633558465,4157.17249307864,4700,19486,5946.856236040144,-553.0172973978823,447.68799999999936,-736.1534299452322,31.482,113.08921879818678,181.96999999999997,1258.2362763686733,1093.6560000000054,2896.3705058498144,1994.6800000000098,4112.117607098189,2857.333999999987,2222.5339600428924,2260.9560000000056,1210.4317965081596,1712.0820000000106
2727.3688888888887,11671.662000000362,11649.355492358996,31407.529999999948,8810.217020438618,4375.9966334580295,5229,21517,6571.96085374444,-593.7688292223934,479.8059999999994,-803.7027689966076,32.682,88.25201334770846,183.30399999999997,1411.143080968343,1181.6540000000064,3189.170797303237,2184.1640000000048,4470.534841678745,3112.58999999998,2646.8612405279855,2609.5279999999952,1240.8651167519765,1887.9340000000125
2751.327222222222,12885.486000000508,13243.965087166553,34571.32999999997,9366.798527453599,4618.334090203913,5842,24085,7342.2322951760525,-694.2680940864224,493.7979999999994,-851.5064495521585,32.682,89.7235411254867,185.79399999999998,1580.1905809181217,1287.848000000007,3545.587027089081,2444.9100000000003,4990.54697274253,3427.823999999976,3139.3300994992387,2924.059999999985,1444.3614094306467,2088.5700000000134
2871.336388888889,14267.872000000632,14909.494637816984,38032.44999999991,9947.916577365433,4966.966607984228,6457,27210,8208.072176833479,-663.5685550588531,530.3179999999995,-858.6827345957589,32.682,106.2590507248937,205.756,1948.6021679688934,1533.0180000000082,3960.5004231786293,2720.729999999997,5535.497386410213,3757.023999999975,3478.8382701995097,3232.0799999999736,1402.048628989462,2256.2640000000065
2895.349166666667,15725.150000000813,16624.600973067878,41618.02999999987,10725.07673614196,5181.2920813001565,7160,29462,9087.060209490055,-732.8228774854443,557.3659999999998,-871.4427345957605,32.682,110.75932850267263,208.312,2156.5934504870547,1706.7440000000092,4473.4673127357955,3099.3999999999905,5861.147660577379,4011.577999999968,4012.712768199934,3643.5539999999564,1614.1860646462897,2465.5139999999974
2919.3269444444445,17459.9460000011,18435.95472118197,45957.79999999986,11789.384649697871,5564.1551546954615,8057,32325,10168.305474424791,-800.818837611606,635.8920000000004,-1056.110640720015,40.512,112.17243494290244,236.84799999999998,2394.24085378283,1850.1960000000104,4739.84213711062,3345.2059999999847,6454.570002374279,4458.841999999959,4771.576711351747,4181.1519999999355,1820.4820599511736,2711.2979999999843
3039.336388888889,19757.828000001253,22393.35660881377,52330.55999999985,12577.507016001391,5972.674730703695,8945,36621,11387.02164448135,-513.2138014233287,809.620000000001,-1100.6420204713054,46.87200000000001,354.60644212000636,363.52800000000013,2832.7035682733813,2104.3820000000096,5495.131637759097,3793.5179999999773,8074.114732794936,5163.983999999957,5333.486346466375,4564.221999999927,1917.169703294369,2911.7019999999743
3063.340277777778,21297.7160000014,24343.980367659027,56435.639999999796,13478.567252833524,6299.420872138847,9638,39242,12313.671507368688,-686.211189422651,880.0440000000012,-1232.0409797452162,59.300000000000004,384.60070697348743,377.12200000000007,3313.356718181285,2338.4380000000046,5961.056009524601,4128.405999999973,8717.984809156176,5566.443999999952,5848.115735889262,4877.139999999913,2037.1185571018561,3070.8219999999665
3087.329166666667,23504.742000001643,26948.73152133978,62122.48999999966,14868.894555722929,6723.268629820164,10688,41969,13581.595293117203,-787.4871316163103,986.2060000000027,-1297.5877179873996,69.93400000000003,492.6205380576813,451.572,3685.2417205658094,2577.679999999996,6505.667019453913,4596.241999999964,9523.026457129074,6069.241999999946,6703.543914902785,5433.809999999891,2123.7067208339877,3320.055999999957
3207.382222222222,25284.364000001842,29141.56901169409,66586.51999999952,15768.243920374967,7021.187628555305,11522,44685,14655.519439375772,-707.3325673710132,1095.2440000000036,-1425.2702417527094,72.33400000000003,561.3217417834395,537.518,4024.847978831528,2789.231999999992,7049.485516293258,4971.877999999951,10139.883916006991,6493.105999999936,7257.998339631406,5820.687999999875,2240.6343282708704,3504.3639999999477
3231.394385830785,27088.47400000209,31194.050567878923,71056.95999999947,16637.91655442431,7377.587655628786,12414,47510,15847.405222068115,-781.6882646688352,1151.2480000000037,-1429.7715705680353,75.99800000000002,565.3715838173808,581.3800000000005,4362.361122599131,3026.045999999985,7368.259585404706,5222.555999999938,10743.17158611062,6951.22999999992,7949.387936539633,6335.007999999856,2416.958588644001,3745.00799999994
3255.325277777778,29212.364000002304,33869.75037808242,76281.92999999957,17608.233963395796,7662.553452729426,13421,50879,17141.39220579254,-869.845356729398,1231.1860000000042,-1547.4810700262008,77.64400000000002,574.0395287300854,605.8380000000008,4681.93192572307,3206.2959999999794,7865.363613345841,5608.8919999999225,11582.559067032218,7516.725999999913,8776.61530146005,6887.5219999998435,2806.5673685462675,4078.259999999927
3375.375,31470.016000002513,36991.33553028639,81958.01999999997,18411.86048951387,7997.559343404574,14439,54235,18557.264636795528,-893.9826649207835,1256.1060000000048,-1546.774693462841,79.70000000000002,652.4865803538273,651.9860000000008,5383.7403826675745,3643.6999999999694,8572.705464229532,6082.1319999999105,12579.881089594295,8149.511999999901,9406.99375085349,7349.18199999983,2836.2856209706115,4257.697999999924
3399.38,33333.34600000226,39342.42416162966,86604.41999999984,19251.32314364603,8327.155108255263,15349,57032,19683.517586469483,-1006.5910637571144,1275.8900000000049,-1546.774693462841,79.70000000000002,734.132740004413,697.362000000001,5881.810738739982,3985.2419999999615,8744.60937278138,6308.247999999897,13231.434565762132,8601.591999999931,10250.266824537524,7865.853999999811,3053.535677023423,4519.457999999915
3423.328578538872,35292.58800000115,41663.59918273282,91548.79999999954,20555.042417028144,8468.739537363179,16319,59719,20861.418862876566,-1052.3210720849952,1287.838000000005,-1569.9396997128972,79.70000000000002,786.6644293539771,735.6220000000011,6379.460403710607,4296.7819999999565,9098.999871555552,6667.423999999889,13972.635251672496,9122.299999999977,10770.147550496285,8281.04199999982,3277.9524477407895,4821.879999999902
3543.334695979402,37614.313999999904,44365.47161350112,97436.57999999967,22047.420197620595,8742.291545003249,17515,63370,22281.396643875847,-1028.2214322375332,1351.0960000000052,-1569.9396997128972,79.70000000000002,813.2213405565199,759.0360000000011,6782.042224161694,4532.753999999953,9495.534716855382,6975.52199999988,14526.520157007028,9527.410000000024,11674.43964136141,8989.667999999916,3671.8746655083355,5399.127999999881
3567.347222222222,39336.33399999914,46318.82276164753,101972.02999999966,23032.84178836528,9267.152169527413,18365,66616,23353.213280460754,-967.1863492967298,1575.1780000000083,-1828.3144516037498,106.32400000000003,767.8611460766061,777.9200000000013,7082.846800753367,4711.167999999943,9993.712356712065,7333.219999999868,15048.310784663972,9873.096000000058,12257.670509604905,9362.289999999954,3963.921964735662,5597.137999999872
3591.3283333333334,41571.699999998134,49362.686213694455,107773.28999999962,24093.902067995376,9604.919225698008,19449,69664,24711.78249261332,-955.2211123824303,1681.6960000000097,-1897.5383552119952,111.82400000000004,800.1849150716384,807.4520000000016,7471.637919717346,4932.333999999936,10452.705545610535,7706.079999999859,15928.785204841242,10433.06000000009,13140.7726967569,9883.530000000006,4421.359399289486,6015.723999999857
3712.339404761905,44256.469999996945,53411.868496520045,114935.59999999964,25232.475760430345,10123.220924985526,20705,73523,26168.034818065615,-946.282397940395,1854.0200000000116,-1914.5526442814114,115.25000000000004,847.1424678724632,855.0280000000017,7853.251871495536,5173.093999999929,11213.089545300036,8175.145999999846,16805.938896148524,10916.450000000132,14315.768084430707,10599.832000000077,5237.51267349248,6567.649999999842
3736.343012964094,47603.37799999569,59441.53305013275,124518.8899999998,26458.84381040049,10624.075133310844,22186,77711,27994.438006157838,-989.288674635063,2043.8980000000142,-1938.308127659396,129.02400000000006,907.9594313681376,881.3360000000021,8261.877197827853,5407.99799999992,11919.442085285129,8602.511999999902,17738.217935990484,11531.92200000017,17012.56280798641,11832.166000000136,6529.070393966747,7174.521999999829
3759.321096866097,50769.42799999472,64867.07288824785,133727.21000000008,28030.24450891669,11057.712608610906,23618,81626,29772.179994226473,-346.636604852299,2312.35800000001,-2008.9690858785762,156.63800000000006,921.1315436209474,896.8300000000023,8786.05379604283,5644.219999999915,12529.393676488451,9012.045999999942,18657.747558736617,12127.58200000023,19128.7352664766,12856.116000000182,7199.6167376108715,7763.637999999804
3880.381388888889,53691.583999993665,68783.96092073842,141402.80000000005,29541.5067400588,11608.544204234393,24930,84830,31468.788134970666,-489.2949362704411,2436.5540000000065,-2000.864294543551,163.31800000000007,1023.0848553389164,943.0060000000024,9461.029124654691,6027.163999999906,13100.004771756785,9497.83399999999,19632.156676449824,12741.948000000271,20281.06510208156,13537.058000000228,7776.779621267657,8344.701999999814
3904.3819444444443,56899.01999999226,72590.92877188852,149873.7000000002,31284.287652920404,12381.335830131316,26399,88074,33617.14774506219,-711.5795580972417,2600.6279999999947,-2141.43749275812,228.544,996.8542893094144,979.3240000000025,9848.842062032725,6267.283999999895,13653.59883780616,9908.538000000035,20710.904867679197,13459.356000000342,21980.01316692213,14561.932000000308,8253.732598991017,8893.413999999906
3927.3283333333334,60032.23199999074,76000.62919175944,157922.22000000023,33322.568346878885,13182.470267963454,27908,91095,35416.552193400705,-631.5489983024938,2796.6439999999848,-2322.283965107031,256.31999999999994,977.4033301993201,1007.5480000000024,10458.275015456265,6625.62399999989,14337.15198590666,10402.888000000095,21612.830638080108,14088.844000000394,23153.8518506914,15369.042000000394,8414.949334831883,9485.322000000022
4048.339722222222,63129.727999989234,79013.06524209186,165692.04000000068,35643.68592960375,13754.16691676872,29353,94386,37281.121911538066,-571.3786860385542,3042.8279999999745,-2388.4932372632375,278.5879999999998,993.3241337441458,1027.1420000000023,11032.042060952732,6964.6499999998805,15251.275036242423,10979.388000000154,22211.88347313881,14623.580000000415,24020.783381769244,16192.458000000477,8463.6290795428,10021.094000000117
4072.3433197577274,66619.631999988,81889.09754551548,174684.0100000013,38977.79046896463,14448.200333807841,30859,98308,39368.92165171483,-383.10365352688723,3489.6219999999585,-2933.1459114418585,315.2459999999998,948.4640485005541,1058.2160000000024,11448.048649923461,7233.621999999873,15835.342371419838,11443.696000000167,23386.20487449339,15433.066000000452,24675.65822137711,17007.064000000566,8911.62894476596,10639.100000000239
4095.325277777778,69185.66199998678,83548.53031152299,181285.5600000008,41728.87369850469,14952.58386543099,32052,101887,41055.57212454457,-305.6637971549895,3727.8079999999495,-3075.5922198447843,374.09799999999984,937.8069369186305,1061.5740000000023,11891.60927040214,7506.271999999863,16128.376192437225,11812.350000000182,23514.427139267114,15857.056000000486,25169.726821719414,17629.42600000067,9287.839967773567,11217.078000000336
